inchikey	smiles	PARP1	cluster	original_split	final_split	score_bin	source_row
BJJKZMROLWEYET-UHFFFAOYNA-N	O1C(C2=CC3=C(C=4C(C3)=CC=CC4)C=C2)C=5C(CC1=O)=CC(OC)=C(OC)C5	-11.7	52577	test	test	0	259430
VKURBBYMZXDOOA-OHVRXBDENA-N	S1C=2N([C@@H](C1)C(=O)NCC3OCCC3)C(O)=C4C2C=CC=C4	-9	11437	train	train	5	258181
CCIYHYFLYIQCJR-HXTKINSTNA-N	C1(=C(OC)C=C2N=CN=C(NC=3C=CC(=CC3)C4=NC5=C(S4)C=CC=C5)C2=C1)OC	-10.3	6	train	train	1	35589
SPAGQWNKRUPNCF-UHFFFAOYNA-N	FC=1C(C2C3C(=NC(=C2C(=O)N4CCOCC4)C)CCCC3=O)=CC=CC1	-10	18423	test	test	2	170645
BOTLKWAQAFJQRW-WBFTYHFFNA-N	N=1C(=C2N=CN([C@@H]3[C@@H]4[C@H]([C@H]([C@H]3O)O)C4)C2=NC1Cl)NCC=5C=CC=C6C5C=CC=C6	-11.6	30	train	validation	0	81686
PNPFDRCIGCUCMN-LNNLXFCONA-N	FC1=C2C(N(CCCCN3CCC(=CC3)C4=CC=CC=C4)C(=O)NC2=O)=CC=C1	-10.9	28742	test	test	0	97875
BDQCTBNJTNSECC-NSGSJTBHNA-N	S(=O)(=O)(C(C)(C)C)CCCNC(=O)C(C[C@H](O)[C@@H](N)C[C@@H](C(C)C)CC1=CC(OCCCOC)=C(OC)C=C1)[C@@H3]	-7.9	5188	train	train	8	79386
WJYLFABUDRLBIA-UHFFFAOYNA-N	O1C2(C(C(C1=O)C(OCC)=O)C(OCC)=O)CC(OCC2)(C)C	-7.4	4817	train	train	9	180856
IZOIMXMOBNBUMA-RFPWIKAMNA-N	N1(C(CNC(CC(NC(CC2=CC=CC=C2)(C)C)=O)(C)C)=O)[C@H](C#N)CCC1	-8.4	1	train	train	7	105817
OLDWBKJCGAHGLR-UHFFFAOYNA-N	OC1(CCN2C(=O)C=3C(C2=O)=CC=CC3)C=4C(N=C1C=5C=CC=CC5)=CC=CC4	-10.7	49274	test	test	0	238085
DLFLWVYSSLYVBK-UHFFFAOYNA-N	C1CCC=2OC=3C(C2C1)=CC(=CC3)O	-8.5	5729	train	train	7	230517
IDZXUOPDNMDJSX-QWOVJGMINA-N	S(=O)(=O)(N(CC(=O)NC=1C2=C(C=CC1)C=CC=C2)C3=CC=C(OC)C=C3)CC	-9.7	1	train	train	3	138711
VMESKFJPORKZGH-UHFFFAOYNA-N	S=1(O)(O)=CC(N(C2CCCCC2)C(=O)CSC=3N(N=NN3)C)CC1	-7.6	17677	train	train	9	160301
JXWAMOGWHDEMDG-GTHDZSRKNA-N	O=C(N/N=C/C1=C(N(=O)=O)C=CC=C1)C2=NN(C=C2)C	-8.1	49223	test	test	8	237796
SUTKAMIIADDPLM-UHFFFAOYNA-N	S(=O)(=O)(N1CCC(CC1)C2=CC=CC=C2)C3=CC=CC=C3	-8.8	1	train	train	6	215761
LJPGNXOIFNWKID-LNNLXFCONA-N	ClC=1C(CN2N=C(C(C(OCC(=O)NC3C(C(CCC3)C)C)=O)=C2C)C)=CC=CC1	-9.8	51914	test	test	3	255039
FDEWNHZLVHMLEY-XQMQJMAZNA-N	O=C1NC(=O)NC(=O)C1=CC2=CC=3C(C=C2)=CC=CC3	-10	2439	train	train	2	10690
SCBSGIJTVYKBMG-UHFFFAOYNA-N	BrC1=C2C(C(=O)C(OC(=O)CCC(OC)=O)(C1=O)C)=CN(C(=C2)C3=CC=C(OC)C=C3)CCOC	-9.4	11197	train	validation	4	158398
FDYBANGDFXKEOP-UHFFFAOYNA-N	C1=CC(=NC=C1O)C(CC=2C=CC(=CC2)O)CC	-8	6765	train	train	8	32436
JFEMZDOGRMRCBH-MPIMZMORNA-N	OC=1N=C(N=C2C(=NN(C21)C)C(C)(C)C)C3=C(OCC)C=CC=C3	-8.5	263	train	train	7	155781
JFJUDTHJJPEOAI-HXTKINSTNA-N	N=1C=NC(=C2C(=CC(=CC12)OC)OC3CCNCC3)NC4=CC=C(C(=C4)Cl)F	-9.4	6	train	train	4	102385
TZIOKJCQSOEEHE-UHFFFAOYNA-N	ClC1=C(N2CCN(CC2)C=3SC=C(N3)C4=CC=C(C=C4)C)C=C5N(C(=NC5=C1)C=6C=CN=CC6)CCOCCO	-9.1	4910	train	train	5	153918
XYEXGCQCDHETHC-UHFFFAOYNA-N	O(CC(O)CN(CC)CC)C1=CC2=C(N(C(=C2C(=O)C)C)C3=CC=CC=C3)C=C1	-8.2	1	train	train	8	255194
XRCKKZPNRBOXOH-UHFFFAOYNA-N	S(CC1OCCCC1)C2=NC(=C(N=N2)C3=CC=CC=C3)C4=CC=CC=C4	-9	1662	train	validation	5	235014
WXEZYUPAOWZIDG-UHFFFAOYNA-N	S1C(C2=NC3=C(N(C2=O)CCC4=CC=CC=C4)N=C(N=C3)N5CCN(CC5)C)=CC=C1	-9.5	5652	train	train	4	19818
APQFYGNTGVHQRA-HXTKINSTNA-N	S1CC(N2C1=NC3=C(C2=O)C=CC=C3)CSC4=C(NC(=O)C=5C=C(C=CC5)C)C=CC=C4	-11.7	18721	test	test	0	206311
KDSSKLRJCGAHJP-LELJVTLKNA-N	O1CCN(CCCN2C(=C(C=C2C3=CC=CC=C3)C(=O)NC=4C=CC(=CC4)C)C)CC1	-9.5	4014	train	validation	4	11161
ZLJOKYGJNOQXDP-FZKAHKHQNA-N	O\1[C@@H]2[C@@H]([C@H]([C@H](O)C2)/C=C/[C@@H](O)C3CCCCC3)C/C1=C/C=4C=C(C=CC4)C(=O)O	-10.9	44014	test	test	0	204775
GFRBEVJGVMCGCJ-SDRQFZCRNA-N	S(CC(=O)N1C(C=C(C2=C1C=C(C(=C2)C)C)C)(C)C)C=3SC(=NN3)N	-10.2	15978	train	train	1	245006
YEHCICAEULNIGD-SKDZVZGDNA-N	S(C[C@@H]1C[C@H]2C=3C=4C(C[C@@H]2N(C1)CCC)=CNC4C=CC3)C	-8.8	187	train	train	6	19205
RNNSPCFXKYKMIN-LBOYIXSDNA-N	C1(=CN=C2C(=C1NCCC3=CC=CC=C3)C=NN2CC(Cl)C4=CC=CC=C4)C(=O)OCCC	-8.8	7719	train	train	6	39484
GOBYXWYAJVKFJU-LELJVTLKNA-N	ClC1=CC=C(CCNC(=O)C2=CC=3N=C(N(C3C=C2)C=4C(CC)=CC=CC4)C)C=C1	-10.1	508	train	validation	2	123195
AKJAPEGEOSCWAY-UHFFFAOYNA-N	O1C=2C=C(C=3C=C4C(N(CC=5ON=C(N5)C)C)=NC=NC4=CC3)C=CC2OC1	-10.6	47236	test	test	1	225526
TZXHCHLXKLYXEN-UMXCBNHLNA-N	S(C1=CC2=C(C=CC(/N=N\C=3C=CC(C4=CC=C(C=C4)O)=CC3)=C2C=C1)N)(=O)(=O)O	-10.9	26652	test	test	0	61594
GVPYSZIDXTUNJI-UHFFFAOYNA-N	S1C2=C(C=C1C=3OC(SCC4=CC=C(F)C=C4)=NN3)CCC=5C2=CC=CC5	-10.3	2477	train	train	1	7067
OHAQDWUKBFBCMX-UHFFFAOYNA-N	S(C1CCCCN(C1=O)C(=O)C=2C=CC(F)=CC2)C=3N4C(=NN3)C=CC=C4	-10.3	38248	test	test	1	167587
QPKPUHZRQCMNLP-CIAFOILYNA-N	O(CCOC=1C=C(OC)C=CC1)C=2C=C(C=CC2)/C=N/N3C=NN=C3	-8	1596	train	train	8	208846
XJWSFGAEZGBEBO-UYBDAZJANA-N	S1C=2N=CN(CC(=O)NCC(=O)N(C3CCCCC3)C)C(=O)C2C(=C1C)C	-9.3	390	train	validation	4	256702
XQBYAPQHDJULPO-LILDFLRNNA-N	S(=O)(=O)(C=1C=CC(C(=O)NCC2=CC=3OCOC3C=C2)=CC1)C(F)F	-9.1	44755	test	test	5	209673
QDLMSIZTNBDLKM-LILDFLRNNA-N	O(C=1C=C(C(=O)CCC(=O)NC=2C=CC=NC2)C=CC1OC)C	-7.6	48107	test	test	9	230960
YGCQXDTYJWYMEK-YGZLFCMANA-N	S(CC1=NOC(=C1C(=O)O)C(=O)NCC2OCCC2)C3=CC(OC)=CC=C3	-8.5	2359	train	train	7	8085
GVBNHLBBHAIKPM-GPQMBLKYNA-N	S1C2=C(N=C1NS(=O)(=O)C3=CC=C(F)C=C3)CC(CC2=O)(C)C	-9	11442	train	validation	5	241344
RUPRMHHHABGDCQ-QWOVJGMINA-N	S(=O)(=O)(NC(CC(=O)NC(CC)C)C1=CC=C(OC)C=C1)C2=CC=C(C=C2)C	-8.3	1097	train	train	7	170926
WYIWGJCINGTUJS-LILDFLRNNA-N	BrC=1C=CC(NC(=O)CN2CCN(CC2)C(=O)C3OCCC3)=CC1	-8.2	1	train	train	8	205726
ZTPOWDSDKMQVBU-VJSLDGLSNA-N	C1(=CC=C2C(=C1)C(=C(N2CC(=O)O)C)CC3=NN(C(C=C3)=O)CC4=C(C=C(C=C4)F)F)F	-9.8	47876	test	test	3	229590
BIEJSHOZMWDCPH-UHFFFAOYNA-N	S(C=1N(C2CC2)C(=NN1)C3CC3)CC(=O)N(CC=4C(OC)=CC=CC4)C	-7.7	1	train	train	9	215082
VPAFDLGMOGSBOL-HCKMINDGNA-N	O=C(NCC1=CC=CC=C1)C2=C3N(N=C2)C(=CC(=N3)C)C	-8.4	448	train	train	7	143079
WMKROTMPXWQUQO-VOLBVTGPNA-N	N1(C[C@@H]2N[C@H](C1)C(C(=O)N(C)CCCC3=CC=CC=C3)C(C4=CC=C(C=C4)OCCCOCC5=C(C=CC=C5)OC)=C2)C(C)=O	-10.2	6433	train	validation	1	64389
PGXSGDSKKLJRNW-ATVHPVEENA-N	O1C(C2=C(N(=O)=O)C=C(C=C2)C)=CC=C1/C=C\3/C(=NOC3=O)C4=CC=CC=C4	-10.4	3239	train	train	1	8983
VVHRSSADZUGMKB-DVIAZDKANA-N	S(O)(O)(=NC1=CC(=CC=C1)C(F)(F)F)=C2C(=O)N3C(SC=C3C)=NC2=C	-9.1	12157	train	train	5	166809
IZTJVPYHINSTBW-LEGFIXJHNA-N	O1C(OCC2=CC=C(OC)C=C2)[C@H]3[C@@H]4C=5C(C(C([C@H](C5CN([C@@]4(C1)C)C(OC(C)(C)C)=O)C)CO)CO)CC3	-10.3	5546	train	train	1	17993
MUMQYXACQUZOFP-UHFFFAOYNA-N	ClCC(SP(=S)(OCC)OCC)N1C(=O)C=2C(C1=O)=CC=CC2	-7.2	23776	test	test	9	16768
JZZMLMFYXSRRPT-HCKMINDGNA-N	S1C(N2N=C(C=C2NC(=O)C3CC3)C)=NC=4C1=CC=CC4	-7.8	667	train	train	8	234941
LJACZIFBPQBKSH-HCKMINDGNA-N	S=C(NC1=CC=C(C=C1)C)C=2C=CC(N(C)C)=CC2	-8.3	13560	train	train	7	223883
MMOSXTJWJAFEOQ-UYBDAZJANA-N	ClC1(Cl)C2C1CCC3C(C3C(=O)NC=4C=CC=CC4)CC2	-9.1	1100	train	train	5	144715
VAWHKPDQXXXVMY-LBOYIXSDNA-N	O=C(NC1=C(C=CC=C1C)C)C(N(C(=O)C=2C=CC(N3N=NN=C3)=CC2)C)C4=CC(OC)=C(O)C=C4	-10.6	32357	test	test	1	130165
FYRHXVUTHCYMKL-DVIAZDKANA-N	S=C(NCC=1C=C2C(N(C(=C2)C)C)=CC1)NC=3C=CC(OC(F)(F)F)=CC3	-9.1	12039	train	train	5	143402
DCISRDCQAOQKQJ-UHFFFAOYNA-N	ClC=1C=C(N2CCN(CC2)C(=O)C=3C4=C(N5CCCCC5)N=CN=C4OC3C)C=CC1	-11.4	5923	train	train	0	228337
UQHQUPSFNPQLNI-GQYRCTTQNA-N	C1(=CC=C(C=2C(=NOC21)N)C=3C=CC(=CC3)NC(NC=4C=C(C=CC4)Cl)=O)OC	-10.3	206	train	train	1	25195
MIPLFEBEXIEHKK-FZYYBVOXNA-N	O1C(C(=O)N/N=C\2/CCC(C(C)(C)C)CC2)COC=3C1=CC=CC3	-9.2	20807	test	test	5	237160
WVIHMNHJKYEWJL-UHFFFAOYNA-N	N1(C=NC=2C1=CC=C(OCCCC)C2)C=3C=CC=CC3	-7.8	508	train	validation	8	256853
MBBUAYGAOIYKHW-HNNXBMFYNA-N	O([C@H](C(=O)CC(C)C)CC=1C=CC(O)=CC1)C(=O)C	-7.4	35783	test	test	9	152030
ZIHAUZPDTWGAGA-UHFFFAOYNA-N	O=C(N1C(CCCC1)C)C2=NN3C(N=C(C=C3C4=CC=CC=C4)C5=CC=CC=C5)=C2	-11.3	448	train	train	0	202636
VIJQEYHQVHJKAP-MPIMZMORNA-N	S(=O)(=O)(N1C(CCC1)C(=O)NC2=CC(F)=CC=C2)C=3C=4N=CC=CC4C=CC3	-9.9	1	train	train	2	185010
VKVXJKITBQOEJA-UHFFFAOYNA-N	O=C1N(C(=O)N(N=C1C=2N(N=CC2)C3=CC=C(OC)C=C3)C4=CC(OC)=CC=C4)C	-9.9	13586	train	train	2	141746
DQJDPBVBVBAZJK-YHMJCDSINA-N	O1C(COCC1)CNC(=O)CN2N=C(N=N2)C=3OC(=CC3)C	-7.8	18291	test	test	8	212422
ZPPYHTSGWURXIX-LQFNOIFHNA-N	ClC=1C=C2N=C(N3N=C(C=C3C)C)C(NC4=C(C=C(F)C=C4)C)=NC2=CC1Cl	-10.9	7238	train	train	0	229102
MYLKONWNPWFJDX-JLGFQASFNA-N	FC1=C(C(=O)NCC(=O)NC2=CC=NC=C2)C=CC=C1	-8.1	51513	test	test	8	252374
DYKJERXKDLJEJY-UHFFFAOYNA-N	S(=O)(=O)(N1C(CN(S(=O)(=O)C2=CC=CC=C2)CC1)C(OCC)=O)C3=CC=CC=C3	-9	50226	test	test	5	244094
NCTPFNXFPVJBQH-UHFFFAOYNA-N	ClC=1C=C(CSC=2N(C(=NN2)CN3CCOCC3)C4=CC=CC=C4)C=CC1Cl	-9.9	18732	test	test	2	226511
DYSRECIVMDGUQU-PKSOQXRJNA-N	C=1(C=CC2=C(C1)C=NN2)C=3N=C4N(C3NC(C)C)C=CC=N4	-8.9	272	train	train	6	541
YXTMLYQDOJLYIS-DVEORHBXNA-N	ClC=1C(CNC(=O)COC(=O)/C(/C=2SC=CC2)=C/C=3SC=CC3)=CC=CC1	-8.3	44844	test	test	7	210261
JBVOBKHVOIKWIB-UHFFFAOYNA-N	S(=O)(=O)(N1CCN(CC1)C=2N=C(N=C3C2C=CC=C3)C4=CC=CC=C4)C=5C=CC(=CC5)C(OCC)=O	-11.4	6	train	train	0	105753
HYQUWEQAOPOGIX-UHFFFAOYNA-N	S(=O)(=O)(N1CCC(CC1)C=2OC=3C(N2)=CC=CC3)C=4C=C(C=CC4)C(OC)=O	-10.2	12231	train	train	1	128417
YSYFIWDTNXUQCF-UHFFFAOYNA-N	S1C=2N(C=3C1=CC=CC3)C(=O)C4=C(N2)C=CC=C4	-8.7	34870	test	test	6	146162
HFLGPAUKVFOIOT-LQFNOIFHNA-N	C=1(C(=CC2=NC=CC(OC3=CC=4C(C=C3)=C(C=CC4)C(NC)=O)=C2C1)OC)OC	-10.3	1179	train	train	1	25051
QXMQRADDQYZCBO-NQCFQDMJNA-N	N1(S(C=2C=CC(=CC2)OCC)(=O)=O)[C@H](C[C@H](N3C(N(C)CC3=O)=O)C1)C(O)=NO	-8.9	1	train	train	6	46597
IMSZSVHHIQOYLE-MPIMZMORNA-N	ClC1=C(S(=O)(=O)N2CCCCC2)C=C(C=C1)C(OCCNC(=O)C=3C=CN=CC3)=O	-9.5	1	train	train	4	228633
LAXIFUAMADDSFI-YZXVHXDQNA-N	O1CCN(C2=NC(N3CCOCC3)=CC(=N2)NNC(=O)NC=4C=CC(OC)=CC4)CC1	-9.8	32786	test	test	3	132920
RLFLOKIQGQPUNR-LQFNOIFHNA-N	O=C1C2=C(C(=O)C=3C1=CC=CC3)C=CC(NC(=O)COC=4C(=CC=CC4)C)=C2	-11.4	34261	test	test	0	142472
UFBKQTJQCPRNGP-MPIMZMORNA-N	OC=1N(C=2C=C(C(NCC3=CC=CN=C3)=CC2)C(O)=O)C(O)=CC1	-8.5	29635	test	test	7	112828
ANWNECNSXDZRMH-UHFFFAOYNA-N	N1(C=NC=2C1=CC=CC2)C=3C=C(C=O)C=CC3	-8.2	508	train	validation	8	246672
GYKDYIZOOBUGKG-LILDFLRNNA-N	O(N1C=2C(N=C1C=3C=CC(OC)=CC3)=CC=CC2)CC(=O)O	-7.8	2544	train	train	8	204049
AYKBCVLWKNGVRR-SPEPDGBUNA-N	C=1(C=CC2=C(C=NC(=C2C1)NC=3C=C(C=CC3)Br)C#N)NC(=O)C=4C=COC4	-9.8	39931	test	test	3	178394
FMAMMQVURVUNRD-UHFFFAOYNA-N	O1N=C(N=C1CN(CC2=CN(N=C2)C)C)C(C3=CC=CC=C3)C4=CC=CC=C4	-9.5	38400	test	test	4	168424
XFHAROWIXOJQEV-GPQMBLKYNA-N	S(=O)(=O)(N(C)C)C=1C=CC(=CC1)C(=O)NCC=2N(C(SCC(OCC)=O)=NN2)C	-7.2	12787	train	train	9	120548
VGPWXXOMMTVEOZ-DOWLYPPSNA-N	BrC1=CN=C(N(CC2=CC=C(Cl)C=C2)CCCNC(=S)NCCCC=3NC=NC3)N=C1	-8.2	26882	test	test	8	65723
WHAUNCTVVNUUIP-XIKOKIGWNA-N	C1(=CC([C@H](CN[C@@H](CC2=CC=C(C=C2)OC)C)O)=CC(O)=C1)O	-8.2	1	train	train	8	37004
GYHUYNUFIXJENL-WYUMXYHSNA-N	O1C(=NN=C1NC(=O)C=2OC=CC2)C=3C(=CC=C(C3)C)C	-9.5	11979	train	train	4	115990
VLSZZLZNMMNEAM-UHFFFAOYNA-N	S1C(N2N=C(CC2C=3C=4C(C=CC3)=CC=CC4)C5=CC(=C(C=C5)C)C)=NC(C1)C6=CC=CC=C6	-12.7	9604	train	train	0	67536
DXVUPJDYIURFMP-SKJAVBQINA-N	C=1(N(N=C(C1)C)C=2C=C(C(N)=N)C=CC2)C(NC3=NC=C(C=4C(S(=O)(=O)N)=CC=CC4)C=C3)=O	-11	6453	train	train	0	35446
NVSZJUDXYTWAKS-MPIMZMORNA-N	S1C(SCC1)C=2C=CC(C(=O)N(CCC)CC(=O)NC3=C(C=CC=C3)C)=CC2	-8.4	5216	train	train	7	129539
ZNPVOKDQTMCQIL-UYBDAZJANA-N	S(=O)(=O)(N1CCOCC1)C2=CN(C(=C2)C(=O)NC3=CC=C(C=C3)C(OCC)=O)C	-9.4	371	train	train	4	217723
YBLQVVARSOXHTM-TXIXLWAXNA-N	C1(CCC1)(N2CCN(CC2)C=3C=CC(=CN3)C(F)(F)F)C(=O)N[C@H]4C5C[C@@]6(C(=O)N)CC(C5)CC4C6	-11.2	8459	train	train	0	49994
OOYXSJHBCIVUOE-UHFFFAOYNA-N	N1=C(N(C)C)C2=C(N=C1C3=CC=C(N(C)C)C=C3)C=CC=C2	-8.7	6	train	train	6	18750
VKXXMTBEMZTIPR-LBOYIXSDNA-N	C=1(C=C2C=CN(C2=CC1)CC=3N=C(C=4C=CC(=CC4)F)OC3C)CC(OCC)C(=O)O	-10	5868	train	validation	2	27116
GDANXLYNLCWKHK-MVXFCSEMNA-N	S(N[C@H](C(N1CCC(CC1)C)=O)CCCNC2=NC=CC=C2)(C3=CC4=CC(OC)=CC=C4C=C3)(=O)=O	-10.3	1	train	train	1	70606
HUGLAWWZHQYLSC-LILDFLRNNA-N	ClC1=C(C2=NOC(=C2C(=O)NC=3SC(=NN3)C4CC4)C)C(F)=CC=C1	-9.8	1088	train	train	3	190073
BFOVVXJCRXPHLJ-UHFFFAOYNA-N	ClC=1C=C(COC2=CC3=C(OC(=O)C(=C3)C(OC)=O)C=C2)C=CC1	-9	1	train	train	5	79180
OLQDCHRGCXVJBJ-UHFFFAOYNA-N	O=C1N(CCC(C)C)C=NC=2N(CCCC)C3=NC=4C(N=C3C21)=CC=CC4	-9	391	train	train	5	214891
JIIGIBJNCCBNQD-GZTFIZLCNA-N	N(=C(N)N)C(C1=CC(=C(C=C1)C2CCN(CC2)C(=O)C=3C=CN=CC3)C(F)(F)F)=O	-11.2	6480	train	validation	0	102679
LNPLRCBTGKMBAL-WYUMXYHSNA-N	O1CCOC=C1C=2OC(NC(=O)C=3C=CC(OCC)=CC3)=NN2	-8.8	14491	train	train	6	159587
KALVJXPMWHRHML-VJSLDGLSNA-N	ClC1=C(S(=O)(=O)N(C2=CC=CC=C2)CC3=CC=CC=C3)C=C(C(=O)NC4CC(NC(C4)(C)C)(C)C)C=C1	-10.7	1	train	train	0	16396
GVBXZHPUTWHWOU-UHFFFAOYNA-N	O(CCC1=CC=C(C=C1)C)C2=CC=3C(=COC3O)C=C2	-9.1	9613	train	validation	5	76929
RJWQBXHNZUOUFK-UYBDAZJANA-N	SC=1N(C(=NN1)C(CC(O)(C)C)CCC(C)C)CC=C	-6.3	4516	train	train	9	150998
WJCPZTRMLONRDV-UHFFFAOYNA-N	S1C(N2CCOCC2)=NC(C3=CC(OC)=C(OC)C(OC)=C3)=C1	-8.4	474	train	train	7	257814
XDAPMONGQKOOBA-IKYMBGMRNA-N	N1(C(N(C/C=C(/C=2C=C(OCC=3N=C(C=4C=CC(C(F)(F)F)=CC4)OC3C)C=CC2)\CCCCCCCC)OC1=O)=O)CC(O)=O	-10.5	9400	train	train	1	52192
RTLMDPZJJMPFHI-KRWDZBQONA-N	N1(CC(C=2C=CC=CC2)=O)C(=O)N(C)C=3N=C(N(CC#CC)C3C1=O)N4CCC[C@@H](C4)N	-9.6	44	train	train	3	46530
OBQAXIYHLNHMPE-HASFGEJRNA-N	S1/C(/N(N=CC=2NC=CC2)C(C=3C(F)=CC=CC3)=C1)=N\C	-8	4874	train	train	8	182231
TWBIUBBTXNVDQS-UHFFFAOYNA-N	C1(=NC=2C=C(Cl)C=CC2S1)C3C=CN(CC3)CC=4C=CC(=CC4)Cl	-9.8	6860	train	train	3	28023
GFOUYYOVOLEAHT-UHFFFAOYNA-N	ClC1=C(C=2SC3=NC(=CN4CCN(CC4)C(=O)COC=5C(F)=CC=CC5)CC(=O)N3N2)C=CC=C1	-10.3	13446	train	train	1	167055
FMOXZVWXVVRRKM-UHFFFAOYNA-N	OC=1N(C=C(C1)C(O)NCC2=CC=3OCOC3C=C2)CC4=CC=C(OC)C=C4	-9.2	382	train	train	5	155250
FNIIPYZWTFTHDG-VVKINWOJNA-N	O=C1N(CC(=O)NCCC(=O)NC2=C(C=CC=C2)C(OC)=O)C=NC3=C1C=CC=C3	-9.9	247	train	validation	2	237722
QGCMQNPGQDRYDO-UHFFFAOYNA-N	ClC=1C=CC(C2=NN(C(C2)C=3OC=CC3)C(=O)CSC=4N(N=NN4)C)=CC1	-10.3	2357	train	train	1	114090
ZPXUXISKYLODOU-QWOVJGMINA-N	S(CC(=O)NCC=1SC=CC1)C=2N=C(C3=CC=CC=C3)C=C(N2)C(F)(F)F	-9.4	522	train	train	4	217222
CWRQOQMAAKJYRU-UHFFFAOYNA-N	S(CC1CCC1)C2=CC(=C(C=C2)C#N)C(F)(F)F	-7.7	7701	train	train	9	86068
PAUWUSBNNRUMFO-GPQMBLKYNA-N	S1C2=C(NC(=O)C1C=NC=3C=CC(OC)=CC3)C=CC=C2	-8.4	14781	train	train	7	132219
LXCASKAHNFUJCS-RCWTZXSCNA-N	O=C(N1[C@@H]2[C@@H](C2)C[C@H]1C#N)[C@@H](N)CC(C)C	-6	1	train	train	9	109106
NEFKCKDDPFABIH-UHFFFAOYNA-N	S1CC(=NN2C(=NN=C12)C=3C=CC(OC)=CC3)C4=C(OC)C=CC=C4	-8.9	393	train	validation	6	180306
PKIUGBYVCDETHU-UHFFFAOYNA-N	FC(F)(F)C(O)(CC(C1=CC(=CC=C1O)C=2C=NC=NC2)(C)C)CC=3NC4=C(C3)C=CN=C4	-10.1	6554	train	validation	2	97456
MPCNYOLLUFDJBR-HCKMINDGNA-N	ClC(Cl)(Cl)C(P(OCC)(OCC)=O)NC(=O)C=1C=CC=CC1	-7.4	4281	train	train	9	235850
WWDNXHRGMKSRTF-YAQRNVERNA-N	S=P1(N(C=2C(N1)=CC(OC)=CC2)C)C3=CC=CC=C3	-7.5	31910	test	test	9	127346
RXFTYAQFRROLFJ-GPQMBLKYNA-N	OC(=O)C=1NC=2C(C1C=3C=CC=CC3)=CC(=CC2)C	-9.8	4168	train	train	3	210915
RPVHTUVCHHOXSY-UHFFFAOYNA-N	S1C(N(C(=O)C1)C2=C(F)C=CC=C2F)C3=CC(F)=CC=C3	-7.9	2141	train	validation	8	200247
YEDBEDIRSCBHGU-VPSRXSMPNA-N	S(=O)(=O)(C1=CC=C(C2=C[C@H]3N([C@H](CC3)C2C(OC)=O)C(=O)N4CCCCC4)C=C1)C	-10	5274	train	validation	2	165412
BHXUHCPXDIOJPP-XBXBPLPCNA-N	C1(OC=2C(NC1=O)=CC(=CC2OC)CN3CCN(CC3)C=4C=CC(=CC4)C(=O)NC)C	-10.7	1	train	train	0	79787
ADBMWICRAZIBMJ-PKSOQXRJNA-N	ClC1=C(S(=O)(=O)N2CCN(CC2)C(=S)NCCCN3CCOCC3)C=CC=C1Cl	-8.5	1	train	train	7	175033
MODYTSKTBVYVKC-LQFNOIFHNA-N	O1C(=NN=C1C=2C=CC=CC2)C3=CC(NC(=O)C=4C(OCC)=CC=CC4)=CC=C3	-9.9	34273	test	test	2	142534
MXXORGANZMHKNE-SWECAWDMNA-N	ClC1=CC=C(S(=O)(=O)NCC=2OC(=CC2)/C=C(\C(=O)NC)/C#N)C=C1	-8.6	12599	train	validation	7	243177
RSONPOWNPKPGNO-LZKQKEDBNA-N	C(OC1CC[C@]2([C@H](C1(C)C)CC[C@@]3([C@@H]2CC[C@H]4[C@H]3CC[C@@H]4[C@@]5(C(OC(C5)C=C(C)C)=O)O)C)C)(=O)C6=CC=C(C(N(=O)=O)=C6)C(O)=O	-10.8	7804	train	validation	0	45079
JTBVPIHWMWILJU-VUCYZDQCNA-N	O1C(=NC(CCOC=2C=CC(=CC2)C[C@@H](C(=O)O)NC=3C=CC=CC3C(C)=O)=C1C)C4=CC=CC=C4	-9.9	5532	train	train	2	28813
ISGIZFSPEHYUGG-GCZCUHCLNA-N	C1=CC=C2N(CC3=CC=C(C=C3)OCCCCN4CCCCC4)C(C=5C=CC=CC5)=C(CC(=O)N[C@@H](CCC=6C=CC(=CC6)O)C)C2=C1	-10.6	4652	train	train	1	29799
ZHAUVQVDFHILNB-PDBGNUNENA-N	C1(C2CCN(CC2)CC(N)=O)=CC=C(NC3=NN4C(=CC=C4C5=CC=CC(=C5)CO)C=N3)C=C1	-9.3	6416	train	validation	4	25823
HHDMCXRKHMYAQD-UHFFFAOYNA-N	O1C(CN(CC2=CC=C(N(C)C)C=C2)C(=O)C3=C(C=CC=C3)C)=CC=C1	-8.5	1	train	train	7	182755
UBPGENMFAXPOGI-UHFFFAOYNA-N	OC=1C(=C(N(CC2=CC=CN=C2)C1O)C3=CC(OCC=C)=CC=C3)C(=O)C=4OC=CC4	-9	317	train	train	5	235920
QRPYZNBZKALWQQ-UHFFFAOYNA-N	O(C=1C=C2C(NCCC2=CC1OC)CC3=CC=C(OCCCCCCN(CCC)CCC)C=C3)C	-7.9	1	train	train	8	39268
XRSYUSTXGDAASE-ARKZRILENA-N	O=C(NCC1=CC(OC)=CC=C1)CC=2C3=C(NC2C(=O)O)C=CC=C3	-9.1	683	train	validation	5	156248
VBGVMVBBKHCPIQ-UHFFFAOYNA-N	O1C2(N(C=3C(C2(C)C)=CC=CC3)C)C=NC=4C1=CC(N5CCOCC5)=C6C4C=CC=C6	-10.5	2533	train	train	1	11736
ZIFFIHAQOFLHMK-LNNLXFCONA-N	ClC1=CC(NC(=O)CCC=2N(C3=NC=CC=C3N2)C4=CC=CC=C4)=CC=C1OC	-9.2	11510	train	train	5	129350
OEOAIVMRHLLTTR-UOGMSQKUNA-N	C1(=NC(=NC(=C1F)NC2=CC(=NN2)C)N[C@H](C=3N=CC(=CN3)F)C)N4CCOCC4	-10	5924	train	train	2	99329
KNOIOWZDUNVRLL-UHFFFAOYNA-N	S(=O)(=O)(N1CCC(CC1)C(OCC#N)=O)C2=CC=3OCCOC3C=C2	-8.8	1	train	train	6	206826
BZYKWEQWEPHEQZ-ZHLVXTBQNA-N	N=1C=NC=2N(C(C)C)N=C(C3=CC(=C(C=C3)O)OC)C2C1N	-8.2	9	train	train	8	21220
WKMDMQGIZQDCQF-UIGFTVNFNA-N	N1(C2=C(C(N)=NC(=N2)C#CCN3CCN(CC3)C)N=C1)C4[C@@H]([C@H](O)[C@H](O4)C(=O)NCC)O	-9.4	30	train	validation	4	65426
GPFKRRYSDWZMST-AESZEHBQNA-N	N1([C@@H]2[C@H](C[C@H]1C#N)C2)C([C@H](C3CCN(CC3)C(CC(C)(C)C)=O)N)=O	-8	1	train	train	8	77593
VCBDSXBWJATQHI-YAQRNVERNA-N	S(CC(=O)NCC1=CC=2OCOC2C=C1)C=3N(C(=NN3)C)C	-8.4	18999	test	test	7	179947
PNELVWKIINCXOE-HMUXWCSHNA-N	FC1=CC=C(C[C@@H]2CC=CC[C@@H](CC(=O)N(CC3=CC=CC=C3)CCO)C(=O)NC[C@H](OC2=O)C4=CC=CC=C4)C=C1	-11.9	5425	train	train	0	188876
HEZSVPHGCKGADN-QBPKDAKJNA-N	O([C@H]1[C@H](O)[C@H](O)[C@H](O1)CO)C2=CC=C(C=C2)C3=CC=CC=C3	-9.1	11673	train	train	5	246003
KEWCGDMCMSRWDQ-UYBDAZJANA-N	ClC1=CC(NC(=O)C=2C=CC(OC(=S)N3CCOCC3)=CC2)=CC=C1	-8.4	12088	train	validation	7	142983
LBIRJMHTQMLLSD-LNNLXFCONA-N	ClC=1SC(C=2N=C3C(=C(C2)C(=O)NCC4=C(OC)C=CC(OC)=C4)C=CC=C3)=CC1	-9.4	1	train	train	4	164478
JSSMCSLJEXIZPT-PKRZOPRNNA-N	FC(F)(F)C=1C=C(NC(=O)COC(=O)COC2=CC=3C(C=C2)=CC=CC3)C(N4CCOCC4)=CC1	-8.9	3560	train	train	6	187194
HMCOQCLLADVXDN-UHFFFAOYNA-N	ClC=1C(=C(OC=2C=3N(C(=NN3)C45CCC(F)(CC4)CC5)C=CC2)C=CC1)C	-10.9	8027	train	validation	0	74401
WMRBAURUMGVKJH-NDKGDYFDNA-N	S(=O)(=O)(N1CCC(CC1)C(=O)NCCCOC)CC	-6.3	394	train	train	9	837
QQDXCIHUUBHPSA-UHFFFAOYNA-N	O1C=2C(=C(N(CCCN(C)C)C2O)C3=CC=C(OCC)C=C3)C(=O)C4=C1C=CC(=C4)C	-9.6	2050	train	train	3	218953
TXVDXIBGSYWNSN-IMFLAHPZNA-O	[N+]1(=C(C=C(C=2C=CC=CC2)C=C1C)C)CC(NCC=3C=CC(S(=O)(=O)N)=CC3)=O	-10.5	1	train	train	1	62685
QQYQFPBAAKMGMA-UHFFFAOYNA-N	S1C=2N(C(C(O)(C)C)=CC1=O)C=3C(N2)=CC=CC3	-7.5	35415	test	test	9	149607
MCGVBZPHMZCELG-BETUJISGNA-N	C1(=CC(Cl)=C(N)C(Cl)=C1)C(=O)N2[C@H](CN(C[C@H]2C)C3=C(C=CC=C3)OC)C	-9	28504	test	test	5	93881
XUEMFBILCTWQEY-GPQMBLKYNA-N	O(CC(=O)NC1CCCC1)C(=O)CCC=2C(OC)=CC=CC2	-7.7	15464	train	train	9	150567
LCEKKCKJHKVBHF-OBJHTOEQNA-N	O(C=1C(=CC(N(=O)=O)=CC1)/C=N/NC(=O)C2=NON=C2N)C	-8.9	14338	train	train	6	129302
GGZPFIAZPCWLEA-LILDFLRNNA-N	S(C=1N(CCOC)C(=O)C2=C(N1)C=CC=C2)CC(=O)NC3=NOC(=C3)C	-9.3	247	train	validation	4	161871
XCRISVJYTGHDPQ-GPQMBLKYNA-N	O=C(O)C1=C2CCCCCC2=NC3=C1C=CC=C3C	-9.3	1	train	train	4	127373
IDLFQAFYIQKWNJ-UHFFFAOYNA-N	O=C1C(C(N(CCC2=CC=CC=C2)C1=O)C3=CC(OCC)=C(O)C=C3)C(=O)C=4OC(=CC4)C	-10.3	1095	train	train	1	169093
ADFNWDOVQHSVDT-UYBDAZJANA-N	S(C=1C=CC(NP(OC2=C(C=CC=C2C)C)(=O)C)=CC1)C(F)(F)F	-8.4	13866	train	train	7	160346
OHOLGCSRMSSCKA-ONJXSLIHNA-N	C1=C(OC)C=C2C(=C1)C=C([C@@H](C(=O)OCC=S(=NO)(O)O)C)C=C2	-9	28902	test	test	5	101016
OXFIPTAIVVAXRC-UHFFFAOYNA-N	O1N=C(N=C1CN(CC=2C=3C(C=CC2)=CC=CC3)C)C4=NC=CN=C4	-10.2	17929	test	test	1	226611
KZEFMEMMVOXWHL-UENHZZSNNA-N	O(C=1C=C(/C=N/NC=2N=C(N3CCCCC3)N=C(N4CCCCC4)N2)C=CC1OC(=O)C=5OC=CC5)CC	-10.6	11679	train	train	1	114623
OLGNBQZBFBUDQJ-QWOVJGMINA-N	ClC1=C(OCC(CSC2=CC(=C(OCC(=O)O)C=C2)C)=C)C=CC(Cl)=C1	-8.1	9200	train	train	8	101156
DRSKLOKJLHHMPB-YHMJCDSINA-N	S=C(N1CCCC1)NC=2C(=CC=C(C2)C)C	-6.9	1	train	train	9	182227
ZIWULKAFQVYSMS-UHFFFAOYNA-N	C=1C(C)(C)NC2=C(C1CSC(=O)C)C=C(C=3C=CC=CC3OC)C=C2	-9.2	37	train	validation	5	53822
WAKZRNAHRQKOQJ-MRXNPFEDNA-N	C1=2C(C[C@H](N(CC=3OC=CC3)CCC)CC1)=CC=CC2OC	-8.1	1	train	train	8	63832
UZBWSCAZNXXCTC-MRSUPTMINA-N	N1(N=C(C(F)(F)F)C=C1C=2C=C(F)C=CC2)C=3C=C(CO)C(S(=O)(=O)N)=CC3	-9.7	105	train	validation	3	59407
IKVREFKXPJNUEL-UHFFFAOYNA-N	O(C=1C(=C(N2C(=CC=C2)C=O)N=CC1)C#N)C	-6.6	20803	test	test	9	234832
JDYYQVVUJYZHBR-UHFFFAOYNA-N	S(=O)(=O)(N1CCC(CC1)C)C2=C(CC)C=CC(=C2)C=3ON=C(C3)C	-8.7	12506	train	train	6	207533
QWXBVIALYCCYET-UHFFFAOYNA-N	O1CC(C(N(C)C(=O)C=2C=CC=CC2)C3=C1C=CC=4C3=CC=CC4)CO	-10.2	19148	test	test	1	191717
YJUUCONSOYGPAI-UHFFFAOYNA-N	ClC=1C=2N=C(C=C(C2C=CC1)C(OC(C(=O)C=3C=CC=CC3)C)=O)C4=CC=C(OC)C=C4	-9.7	1	train	train	3	231052
FMXKVNMREUHGIO-YNDYHMGXNA-N	O=C1N(C=2C(C(=O)N1CC=3C=CC(=CC3)C(=O)NCC4=CC=5OCOC5C=C4)=CC=CC2)CC(=O)NC6=CC=C(C=C6)C	-12.7	247	train	validation	0	225559
SUGNGXSFLLJDBU-RMXXABMTNA-N	ClC1=CC(NC(=O)C2CCN(S(=O)(=O)C=3C(=NOC3/C=C/C4=CC=C(C=C4)C)C)CC2)=CC=C1OC	-10.7	545	train	train	0	229006
IZRUDLAJRNMQMT-UHFFFAOYNA-N	O=C(N1C(CCCC1)C)CN2C(=O)C=3C(N=C2)=CC(N(=O)=O)=CC3	-9.4	247	train	validation	4	10934
HPEPPVMUKLOKRG-DJKKODMXNA-N	C1(C=C(C=2C=CC(=CC2O1)OCC=3C=C(C=CC3)Cl)/C=N/O)=O	-9.2	1	train	train	5	74273
SJGXSUSTBXFLPR-XWKXFZRBNA-N	S1C(C(=O)NCCCOC(C)C)=CC=C1	-5.8	1	train	train	9	210399
IRXZXGCYFUDOLM-QWOVJGMINA-N	BrC1=CC=C(CNC=2N=CN=C3C2C=C(C4=C(ON=C4C)C)C=C3)C=C1	-9.4	5570	train	validation	4	160236
TUIZASKVVOWQRI-AZHLDQOKNA-N	ClC=1C(OC)=C(OC)C=C(C1)/C=N/N2N=NN=C2N	-7.7	14865	train	train	9	197267
BFSKETWNUKZDFL-UHFFFAOYNA-N	O(C1=CC2=C(C=C1OC)C=CC(=C2O)C(=O)C)C	-7.8	4318	train	train	8	208988
FSOQDJAHSRUDCZ-JLGFQASFNA-N	OC1=NC(O)=NC2=NC=3C(C=C21)=CC(=C(C3)C)C	-8.9	23248	test	test	6	13685
OZFZEVAJUHXLRM-PPPPZYSXNA-N	C(N1CCC(CC1)N)(O[C@H](C(N[C@H](C(N[C@@H](CC2CCCCC2)[C@H](CCSC=3N=CC=CC3)O)=O)CC=4N=CNC4)=O)CC=5C=CC=CC5)=O	-10.2	1	train	train	1	96085
ZCWSNNYYWNDHMZ-PKSOQXRJNA-N	FC(F)(F)C1(OCCCC(C1)CCCO)C(=O)NCCN2CCOCC2	-8.2	12090	train	train	8	234148
AEJUMNXDWSHSMN-CSJGASJWNA-N	FC1=CC=C(CNC=2N=CN=C3N([C@@H]4O[C@@H](CN(C4)CC5=CC=CC=C5)COC(=O)C)C=NC32)C=C1	-10.4	11264	train	train	1	151445
RHYLDPNFWOHTII-MJFISYMWNA-N	N1(C2=C(C=C3C(=C(C=NC3=C2)C(N)=O)NC4=CC(=C(C=C4)Cl)Cl)OC)CCN(CC1)C	-9.2	1432	train	validation	5	45299
CJBSCRBHVMLTJI-MPIMZMORNA-N	FC1=CC=C(C(NC(=O)COC(=O)C=2C(N3CCOCC3)=CC=C(N(=O)=O)C2)C)C=C1	-9.3	1	train	train	4	238443
PYAKWYSDMQNYRC-HPHMPNDVNA-N	FC1=CC=C(CN2N=NN=C2C(N3CCC(CC3)C(=O)N)C(C)C)C=C1	-9.2	13942	train	validation	5	143068
NATOOAUMRMIRSK-LELJVTLKNA-N	O=C1N(N=C(C=2C1=NN(C2C)C3=CC=C(C=C3)C)C)CCCC(=O)NCC4=C(C=CC=C4)C	-9.8	4896	train	train	3	14582
AHCDCGPRNKYUEG-PKRZOPRNNA-N	FC=1C(CC(=NC(=O)C=2C=CC=CC2)C(=O)NCCCC(OCC3=CC=CC=C3)=O)=CC=CC1	-8.8	22003	test	test	6	6187
VAKGXQWPXPAYRQ-LBOYIXSDNA-N	S(C=1N(N)C(=NN1)C2=CC(OC)=C(OC)C=C2)CC(=O)NC3=CC4=C(N(C=5C4=CC=CC5)CC)C=C3	-8.9	393	train	validation	6	6247
DOJOVMXUOFAGER-UHFFFAOYNA-N	OC=1N(C(O)=CC1)C2=CC=C(OC(=O)C(C)=C)C=C2	-7.3	18146	test	test	9	166803
CPBVYXALZPNTBE-UHFFFAOYNA-N	C1(=CCN(CC1)CCC#CC2=C3C(C=CC=C3)=CN=C2)C=4C=CC=CC4	-10.5	6679	train	train	1	88926
PKFMBGSLAIRLTG-HCKMINDGNA-N	ClC1=C(C(=O)COC(=O)CNC(=O)C=2OC=CC2)C=CC=C1	-7.7	12598	train	train	9	168513
OFGWNLZFPSOXKN-UHFFFAOYNA-N	C=1(C=2C=CC(=C(F)C2)N3CCCC(C3=O)NS(C4=CC=CC(=C4)OC)(=O)=O)C(S(C)(=O)=O)=CC=CC1	-9.4	1	train	train	4	99071
ZGHTTXXWKLKXRX-LELJVTLKNA-N	S1C(=NN2C1=NC(CC2=O)=COC(=O)C3=C(NC(=O)COC=4C(F)=CC=CC4)C=CC=C3)C5CC5	-9.9	5915	train	train	2	250971
YQNWOWVFDPJBQU-JKZKCNJSNA-N	C1(=CC(C(C)(C)C)=NN1C)NC(NC2=CC=C(NC=3C=CN=CC3)C=C2)=O	-8.9	2547	train	train	6	55245
HJSVRZBFKFCGAZ-DTZVMOFHNA-N	C1=C2C(=C3C=4NC[C@@H](C)NC(C4SC3=C1)=O)C=C(O2)C5=CC=CC=C5	-9.9	8412	train	train	2	74526
BHPFUCZWSRDHAY-QWOVJGMINA-N	N1C2=C(C=CC(=C2)CN3CCC(C4=CC=C(C=C4)C)CC3)OCC1=O	-10.1	1	train	train	2	79780
MSQYFBOARCZQJS-WYUMXYHSNA-N	O1C=2C=C3N(C(=C(C3=CC2OC1)C(=O)C)C(O)=O)C	-8.1	28547	test	test	8	94552
JLEQYKJTRNGXDF-LKHHGCNMNA-N	O(C=1C(CC2=CC=CC=C2)=CC=CC1)CC(=O)N(CC(=O)NC=3C=CC(NC(=O)C)=CC3)CC	-9.5	1	train	train	4	239658
GPEPAOLXUJPKPQ-UHFFFAOYNA-N	O1N=C2C(N(CC)CC)=CC(NCCO)=C(N(=O)=O)C2=N1	-6.7	3477	train	train	9	151592
KREZVKKCLKOMEF-IWKAXJDJNA-N	C12=C(O[C@H]([C@H]([C@@H]1C)C3=CC=C(C=C3)O)C4=CC=C(C=C4)OCCN5C[C@@H](C)CC5)C=CC(=C2F)O	-9.3	6523	train	train	4	29477
PGOFDBJJAGTOMR-UHFFFAOYNA-N	N1=C(SC=2C1=C(C=C(O)C2)O)C3=CC=C(C=C3)O	-7.9	1572	train	train	8	114241
RNONZBVRVJUJAA-HCKMINDGNA-N	O(C1=C(C(OC)=O)C=CC=C1)CC(=O)NC2CCCCC2	-7.9	44282	test	test	8	206603
PNGNVUOPWWBBSY-WAVQYLLINA-N	C=1(S(=O)(=O)N)SC(NS(C2=CC=C([N+]=3C(=CC(=CC3C)C)C(C)C)C=C2)(=O)=O)=NN1	-10.5	8986	train	train	1	97805
JZDXQXQFWMXKGG-UHFFFAOYNA-N	C12=C(C(C=3C=C(NC)C=CC3)OC=4C1=C(OC)C=CC4)C=C(NS(=O)(=O)C)C=C2	-9.9	5895	train	validation	2	102861
CPFUAFNLOYAFDT-SAAHQOFTNA-N	ClC1=CC=C(/C=C/C(=O)NCCCN2C=CN=C2)C=C1	-7.7	13803	train	train	9	125645
QQVSBRKELFRFNO-UHFFFAOYNA-N	S(CC(=O)N(C1CCCCC1)C2CCCCC2)C=3N(C(=N)CC(=O)N3)C4=CC=CC=C4	-9.9	11242	train	train	2	258283
LWUYQFYFMBLNEN-GRTMXBKSNA-N	ClC1=C(OC=2C=CC(NC=3SN=C(O)C3/C(=N/CCCN4CCOCC4)/N)=CC2)C=C(Cl)C=C1	-9.2	7490	train	validation	5	108961
WSMZXOCISIIPHM-MPIMZMORNA-N	O=C1N(C(=O)NC12CCCCC2)CC(=O)N=C3C(N(N(C3=O)C4=CC=CC=C4)C)C	-9.9	4699	train	train	2	228833
GDJNQCRCAFHDLJ-UHFFFAOYNA-N	O1CCN(CC1)C(=O)COC2=CC=C(OCC)C=C2	-7.2	11926	train	train	9	144407
KDPLUDWIJCGCPO-UHFFFAOYNA-N	S(=O)(=O)(N1CCC(OC=2C=C(C=CC2)C(F)(F)F)CC1)C3=CC=C(F)C=C3	-10.1	1	train	train	2	214899
ASNPFBWFSFEZNP-QWOVJGMINA-N	ClC1=CC=C(S(=O)(=O)N(CC(=O)NC2=CC=CN=C2)C3=CC=CC=C3)C=C1	-8.8	1	train	train	6	155662
HOYRWTWZUFFACV-BDGWVKIONA-N	ClC1=NC(=NC(C=2C3=C(NC2)N=CC=C3)=C1)NCC(CN)(C)C	-8.8	116	train	train	6	38394
DFFRHUPAEPPGQC-NUBHNTBINA-N	S1C(/C(=N/C=2C=C(CN(CCC3=CC(F)=CC=C3)CC)C=CC2)/N)=CC=C1	-9	8202	train	validation	5	87002
OCEJBPFZBNRFLI-UHFFFAOYNA-N	N1(C=2N3C(=NC=4C3=CC=CC4)C(=C(C2CC1)C)C#N)CC5=NC=CC=C5	-8.9	845	train	train	6	257484
XBROVHBXPGTLAC-UHFFFAOYNA-N	S(=O)(=O)(C=1C=CC(=CC1)C2=NN(N=N2)CC(=O)N(C3=CC=CC=C3)C)C	-9.2	365	train	train	5	194598
BJPUIXARDQIIGJ-XMHGGMMENA-N	O(C12CN(CCC1)/C(/C2)=C/C3=CC=CC=C3)C(=O)C=4C=CC=CC4	-8.7	13119	train	validation	6	169385
YDVSWBCUPFYYOK-UHFFFAOYNA-N	ClC1=CC=C(C=2N(CC(C)C)C(SCC(=O)N3CCOCC3)=NC2)C=C1	-8.9	39723	test	test	6	177065
UYHMKNYBWZTYMP-MSOLQXFVNA-N	O1[C@]2(CC[C@H]1CCC#N)CCCN(C2)CC3=CC=CC=C3	-7.8	11209	train	train	8	185616
MYBKPKPQXBMXMV-UHFFFAOYNA-N	N(C1=NC(N(C)C)=NC(=N1)C#N)(C)C	-5.8	512	train	train	9	144405
OCSZVVVFWWLWHB-UHFFFAOYNA-N	FC(F)(F)C1=CC=C(C2C3=C(OC(=O)C2)C=4C(OC3=O)=CC=CC4)C=C1	-10.2	1104	train	train	1	230267
DKXUHTCPDJKABE-UYBDAZJANA-N	C=1(C(=NN2C1C=CC=N2)CCCC)C=3C=CN=C(N3)NC4CC4	-8.8	4714	train	train	6	86301
YYHULQFROKHYTG-YHMJCDSINA-N	ClC(Cl)(Cl)C(P(OCC)(OCC)=O)NC(=O)C(C)C	-5.6	36726	test	test	9	157889
IPILMLRKTJYTKJ-UHFFFAOYNA-N	ClCC(=O)N1N=C(CC1C2=CC=CC=C2)C3C(=O)N(C(=O)N(C3=O)C)C	-9	17426	train	train	5	172527
QSJQAHVBAUJUEI-UHFFFAOYNA-N	O=C(N1CCC(CC1)C)CCC2=NC=3C(N(C2=O)C4=CC=C(OC)C=C4)=CC=CC3	-9.7	4108	train	validation	3	132119
CQHXQMZUAGCYEZ-UHFFFAOYNA-N	ClC1=CC=C(S(=O)(=O)N(C2=C(C(S(=O)(=O)N3CCCCC3)=C(C=C2C)C)C)C)C=C1	-9	1	train	train	5	190670
TYCSMGJLSZYOCY-ZHLVXTBQNA-N	S(=O)(=O)(N)C1=CC=C(CN2C(=O)C=3C(C2=O)=CC=C(N(=O)=O)C3)C=C1	-10	1	train	train	2	62642
FXYBDJRODYEHMM-UHFFFAOYNA-N	O=C1N(C(=O)N(C=2N=C(N(C21)CC3=CC=C(N(=O)=O)C=C3)N4C=CN=C4)C)C	-10.1	37358	test	test	2	162017
UPKNBTFIYOSOOU-UHFFFAOYNA-N	N1(C=2N=CN=CC2C3=C(C=CC=C3)C)CCNCC1	-7.8	6	train	train	8	18173
FPAPMCJELAEURQ-LNNLXFCONA-N	C1(=NC(=CC(=N1)N2CCOCC2)O)CC=3OC=4C(N3)=C(C=CC4)C5=CC=CS5	-9.9	49602	test	test	2	239986
PWWSVIPEGABCJG-UCMAGDEDNA-N	S1C=2C(N(CC(=O)NC3=C(C=CC=C3)C(O)=O)C1=O)=CC=CC2	-8.1	15141	train	train	8	255969
KUSUWQRZGSYMFE-UHFFFAOYNA-N	FC(F)(F)C=1C=C(C2=NOC3C2CCCCC3)C=CC1N(=O)=O	-9.6	7842	train	train	3	112369
DGSHOEYQIMAQIL-UYBDAZJANA-N	S(=O)(=O)(N(C)C)C=1C=CC(NC(=O)COC(=O)CC2C3CC(C2)CC3)=CC1	-8	1	train	train	8	233870
QQGUALMDKMTTAG-RLAVRTQONA-N	C(N[C@H](C(C(O)OC)=O)CC1CCCCC1)(C(NC([C@@H](NC(OC(C)(C)C)=O)CC=2C=CC=CC2)=O)CC(C)C)=O	-9.4	1	train	train	4	40234
GZPZKAZISNKHLE-PDJAEHLQNA-N	P(O)(O)(=O)CCOC1=CC(=C(CC2=CC(C(C)C)=C(O)C=C2)C(=C1)C)C	-9	5474	train	train	5	78470
MTNHQSSEAULFMW-KRKWDJLUNA-N	C=1C=CC2=C(C1F)C(=N[C@@]2(C3=CC(=CC=C3)C#CC4CC4)C5=CN(C(C(=C5)C)=O)CC)N	-11	8589	train	train	0	94641
RAMOOOOPHVOJPO-MHIBPTGBNA-N	OC(=O)C1=CC(N2C(N=C(N=C2N)N)(C)C)=CC=C1	-7.9	1574	train	train	8	190249
LHQRFZAHLAINLJ-SREBMQDQNA-N	O(C1=CC(NC2=C3C(=NC=C2C#N)C=CC(=C3)C#CC=4C=CC=NC4)=CC(OC)=C1OC)C	-9.7	1432	train	validation	3	107256
VGFLXUCCRNYIKX-VLAUTSIDNA-N	OC(C1=CC(NC(=O)NC2=CC(NC(=O)NC=3C=C(C(O)C)C=CC3)=CC=C2)=CC=C1)C	-10.9	42651	test	test	0	196275
MYHQHPUWOWUUQI-ZELWXOMMNA-N	O=C(NCCN1[C@@H](CN2[C@@H](CN=C21)CC3=CC=CC=C3)CC=4C=CC(O)=CC4)CCC5CCCCC5	-9.7	3409	train	train	3	153907
KFARXBFPTSEBNG-YCUJDCDKNA-N	S1C(=NC=2C1=CC=CC2)C(=O)C(NC(=O)[C@H]3N(CCC3)C(=O)[C@H](NC)CC4CCCCC4)CCCN=C(N)N	-10	6418	train	train	2	110556
CEFKCGBMUZVVLI-MPIMZMORNA-N	N1N=C(C2=CC=CC=C2)C=C1C3CCN(CC3)CC4=CC=CC=C4	-9.8	6424	train	train	3	35264
ANVDXARXXYKJEG-UHFFFAOYNA-N	FC=1C(N2C=C(C=C2O)C(O)N3CCOCC3)=CC=CC1	-8.1	415	train	validation	8	155046
NOYAXVCGWFMRLF-UHFFFAOYNA-N	S1C=2N=CN(CC3=CC(F)=CC=C3)C(=O)C2C(=C1C(OC4=CC=C(CC)C=C4)=O)C	-10	390	train	validation	2	163511
QMJXTICCXJZIPF-PKRZOPRNNA-N	C=1(N(C2=CC=CC=C2C1OC=3C=C(OCC)C=CC3)C=4C=CC(C(C)(C)C)=CC4)C(=O)O	-9.9	7182	train	train	2	40825
YSRFTZRNFJRVPH-LNWQMUSJNA-N	N=1N2C=CC=C2C(=NC1N3CCC[C@]3(C(NC4=NC=CN=C4)=O)C)NC5=CC(C6CC6)=NN5	-11.6	6262	train	validation	0	55531
VSJKLRGRUBVDOK-DHDJHLBQNA-N	C1=CC=C(C=2CCN(CC21)S(C=3C=C(C=CC3)C(=O)NC=4C=CC(=CC4C(O)=O)Cl)(=O)=O)OC	-10.8	1	train	train	0	24889
KYWQBLPCCVIYDJ-UHFFFAOYNA-N	ClC1=CC=C(N=CC(S(=O)(=O)C2=NC=CC=C2)C#N)N=C1	-7.6	14318	train	train	9	129159
XDFGHQBNCYQDDN-UHFFFAOYNA-N	C=1(N2C(=C(SC3=CC=C(C=C3F)F)C=CC2=NN1)Cl)C(C)C	-8.5	8332	train	validation	7	52126
ZLUCWPDQINEIOK-UHFFFAOYNA-N	ClC1=CC=C(N2CCN(CC2)CCCC=3OC=4C(N3)=CC=CC4)C=C1	-9.4	7052	train	validation	4	30226
DUYSYHSSBDVJSM-YIUDMRTDNA-N	P(OC[C@H](N)[C@H](O)/C=C/CCCCCCCCCCCCC)(O)(O)=O	-6.9	11902	train	train	9	205780
MNJNIWSZWCMXBU-PKRZOPRNNA-N	ClC=1C=C(C(=O)N(CC2=CC=3C(N=C2O)=C(C=CC3)C)C4=CC=C(OC)C=C4)C=CC1	-10.4	684	train	train	1	145173
TZPMPKKHGISYQB-HXTKINSTNA-N	C=1(C=C(F)C(COC=2N=CN(C=3C=C(C=CC3C)C(=O)NCCO)C(=O)C2CC)=CC1)F	-9.6	9343	train	validation	3	61630
AKICPMVOCVQZRT-OTAWJLSONA-N	O[C@@]1([C@@]2(C(C3C([C@@]4([C@@H](CC3)C[C@@H](OC(=O)[C@@H](N)CCCCN)CC4)C)CC2)CC1)C)C	-8.1	50257	test	test	8	244201
VMRJJIAKTHYIAI-QWOVJGMINA-N	ClC1=CC=C(C2=NC(NCCCOC(=O)CC)=C3C(=N2)C=CC=C3)C=C1	-8.2	6	train	train	8	137011
CJXJOWCLQIWLSJ-PKSOQXRJNA-N	O(C=1N=C(NCC2=CC=CC=C2)N=C(C1)C)C3=CC=C(C=C3)C#N	-9	1792	train	train	5	5517
MZZPDGXVJTVQEK-FPLPWBNLNA-N	C1=C2C(=C(C=C1)C(OCCN3C(=CN=C3/C=C\C4=CC=CC(=C4)Cl)N(=O)=O)=O)OCCO2	-9.7	7685	train	train	3	91571
ILSAZNWGTJLATO-UHFFFAOYNA-N	C1(=CC2=C(C=C1)N3C(C2=O)=NCC(C3)(C)C)NS(=O)(=O)C4=CC=CC(=C4)OC	-10	9051	train	train	2	105305
VMTPHNGYTUPSMF-LUXCBXFANA-N	OC1=C(C=CC=C1N(=O)=O)C=NNC(=O)C=2NN=C(C2)C	-8.9	15340	train	validation	6	136683
UFJUCVRGBUJHNR-DVIAZDKANA-N	S(=O)(=O)(N1C(OCCC1)CNC(=O)C(=O)NCCC=2CCCCC2)C3=CC=C(C=C3)C	-9.9	3457	train	train	2	191679
SXQZUVBFSHTXPS-QYDGPIQGNA-N	O(C=1C(/C(=N/NC(=O)CNC(=O)/C=C\C2=CC=C(OC)C=C2)/C)=CC=C(OC)C1)C	-8.6	12764	train	train	7	124607
VOAVHHOYQXKBTQ-DWLJJIELNA-N	N(C([C@@H](C[C@@H]([C@@H](NC([C@@H](NC([C@H]([C@H](CC)C)O)=O)CCC(F)F)=O)CC=1C=CC=CC1)O)CCC(F)F)=O)[C@H](C(NCC2=CC=NC=C2)=O)C(C)C	-8.7	1	train	train	6	67918
SCCBBFJXHRRFRM-FBIZTFCONA-N	S1C(NCCN2CCOCC2)=NC3=C1C=CC(/N=C(\N)/C=4SC=CC4)=C3	-8.6	8627	train	train	7	46490
BJVQCLBGEGSIJZ-LQFNOIFHNA-N	S1C=C(N=C1NC=2N=NC=C3C2C=CC=C3)C(N)COCC4=CC=CC=C4	-9.7	15548	train	train	3	213509
KQCAXXOUFZBHFW-LQFNOIFHNA-N	S(=O)(=O)(N1CCCC1)C=2C=CC(=CC2)C(OCC(=O)NCCC3=CC(OC)=C(OC)C=C3)=O	-8.7	1	train	train	6	236293
AFPABTAELLLQNH-UHFFFAOYNA-N	O(N1C=2C(N(=O)=C(C=3C(OCC)=CC=C(OCC)C3)C1=O)=CC=CC2)CC4=C(C=CC=C4)C(OC)=O	-9.5	1389	train	train	4	257374
IPEXHQGMTHOKQV-HCKMINDGNA-N	N=1C(=C2C=CC(OC3CCNCC3)=CC2=CC1)O	-8.7	7931	train	train	6	104331
IJZMCDKLZIPLQZ-LNNLXFCONA-N	S1C(CC=2C=CC=3C2NC4=C(C3C(OCC(=O)NCC(C)C)=O)C=CC=C4)=CC=C1	-9	4590	train	train	5	232075
XEYQBDCRKYOHQV-UYBDAZJANA-N	ClC1=CC(NC(=O)CSC=2OC(=NN2)COC3=CC=C(OC)C=C3)=CC=C1	-9	11877	train	train	5	165658
FUPAWSGZKUYSQL-YAQRNVERNA-N	O=C(NN=CC=1NC=CC1)C2=CC(N(=O)=O)=CC=C2	-8.1	11397	train	validation	8	113434
GOHRNMVWKBKKRN-PKSOQXRJNA-N	O=C1N(CC2=CC=CC=C2)C(=O)C(=O)N1CC(=O)NC=3C(OC)=CC=C(OC)C3	-8.9	509	train	train	6	255247
STEXSGQNONPPJY-MCDYELOQNA-N	C1([C@H](CCCCN1CC(=O)N2CCCC2)N/C(/NC=3C4=C(C=CC3)C(=CN4)C)=C(\C#N)/C(N(C)C)=O)=O	-10.5	8460	train	validation	1	61338
SHFSMMIREYPMIZ-UHFFFAOYNA-N	S1C(=C(C2=CC=C(OCCN3CCCC3)C=C2)C=4C1=CC=CC4)C5=CC(OC)=CC=C5	-9.5	4923	train	validation	4	212238
VHNROQKYHDSFEG-MPIMZMORNA-N	ClC=1C=CC(C2=NN(CC(=O)NCC3=CC=C(CC)C=C3)C(=O)C=C2)=CC1	-9.6	256	train	train	3	214080
TYDXNFSXGZAXGM-XJTVMCGHNA-N	O(C1=CC2=C(N=C(N=C2C=C1)C3=CC(NC(=O)CCC)=CC=C3)NC=4C=C5C(NN=C5)=CC4)CCOC	-10.2	6	train	train	1	62659
HWANJMCTCQKZOQ-VEWCPZSHNA-N	ClC1=CC=C(CCNC(=O)C(=O)NCCCCCC)C=C1	-7.2	13498	train	train	9	156717
ANBPMJPMSHSIPA-PKSOQXRJNA-N	C1(=C(C=C2C(=C1)C(NC3=CC=C(C=C3C)C)=NC=N2)OC)OC	-9.1	6	train	train	5	84314
LFCRESUTNYKKSG-UHFFFAOYNA-N	S(C=1N(N=NN1)C=2C(=CC=C(C2)C)C)C=3N(N=NN3)C4=CC=CC=C4	-9	467	train	train	5	144822
ULUFWPZMDDIHJY-QWOVJGMINA-N	S1N=C(C(=O)N2CCC(N3N=CC=C3NC(=O)C=4C=CC(OC)=CC4)CC2)C=N1	-10.6	5061	train	train	1	236957
MFVHGXPMPUIFAV-LELJVTLKNA-N	S(C1=NC(=O)N(C2=CCCC21)CCCN(CC)CC)CC(=O)NC=3C4=C(C=CC3)C=CC=C4	-9.8	4922	train	validation	3	235087
UDGIYLMEUCNXAN-GWNYXWDJNA-N	S=C(NC1CCCCC1)NNC2=NC(N3CCCCC3)=NC(=N2)NC=4C=CC=CC4	-10.2	50413	test	test	1	245151
VGQPOPJQDCCDKV-IBGZPJMENA-N	S(=O)(=O)(N1[C@@H](CCC1)C(OCCN2C(=O)C=3C(C2=O)=CC=CC3)=O)C4=CC=C(C=C4)C	-10.2	19750	test	test	1	201103
COOIUYFEGMMANR-GUBZILKMNA-N	O=C(N1[C@@H](CCC1)C#N)[C@H]2NC[C@H](C2)CO	-6.4	1	train	train	9	89081
LQFHWQJCBHTIMP-VEORKLDJNA-N	C1=2C(=NN=C(C1=CC=C(C#N)C2)NCC=3N=CC=CC3)NCC=4C=C(C(=CC4)OC)Cl	-10.2	7819	train	train	1	109287
MRRROHBNKJNCGN-OBUXTLPBNA-N	O1[C@@H](C2CCCC2)C=C3N(C(=O)[C@H](C[C@@]3([C@H]1C)C(OC)=O)CC(=O)N4CCN(C(=O)C5CC5)CC4)CCCCCCCC	-9.1	11219	train	train	5	205329
FOBCIBFUMRVCON-LNNLXFCONA-N	O=C(NC=1C=C(OC)C(OC)=CC1)C2=CN3C(N(CCC(C)C)C)=C(N=C3C=C2)CC	-8.6	11214	train	validation	7	125102
IYIDHSPENPHBBT-YNIHAASPNA-N	C/1(\N(C(=O)/C(=C/C2=CC(=CC=C2)OC3=CC=CC=C3)/S1)CC=4C=CC(C(O)=O)=CC4)=N/C=5C=CC(=CC5)C(F)(F)F	-11.7	8339	train	train	0	151529
IYEXWQZUOIBVKD-UHFFFAOYNA-N	O1C2=C(C(C3=CC=CC=C3)=CC1=O)C(OC(=O)C)=CC(=C2)C	-8.3	1	train	train	7	202692
WQKAAQJFNKWJDP-UHFFFAOYNA-N	O(CCN1CCCC1)C2=CC3=C(OC(=O)C=C3)C=C2O	-8	1	train	train	8	64557
RPDSJPMMXLLMAO-UHFFFAOYNA-N	S(=O)(=O)(C=1C(S(=O)(=O)CCC)=C(N2C1C=C(C=C2)CC)C(OC)=O)CCC	-7.3	12070	train	train	9	153667
RTISVVCKZPRLTP-LELJVTLKNA-N	C1=CC=2C(C(C=3C=CC(F)=CC3)=C(OC2C=C1)C=4C=C(N=CC4)NCCCN(C)C)=O	-10.1	31	train	train	2	46453
IWYREMYATZTVON-LILDFLRNNA-N	S(C1=NC=C(N(=O)=O)C=C1)CC(=O)NC=2C=CC(N3CCOCC3)=CC2	-8.7	22679	test	test	6	10545
LIVNIFJHXWIKNG-UHFFFAOYNA-N	C1(=C(C=C2C(=C1)C(C=3C(=NOC3O)N2CC)=O)Cl)F	-7.9	446	train	train	8	1000
KPHPZCJTTGGKMM-ZRNKJPTANA-N	O=C(NCC1CCCCC1)[C@@H](NC(=O)C=2C=CC(OC)=CC2)C(C)C	-7.9	1	train	train	8	151465
UBBBKPVDKLDZNE-VITDIZGGNA-N	S(N1[C@@H](C(O)=NO)C/C(/C1)=N/OCC2=CC=CC=C2)(C3=CC=C(C=C3)OCCCC)(=O)=O	-9.5	1	train	train	4	62111
HFUFJKCMEQLDLL-UHFFFAOYNA-N	O=C(CN1CCC=2C(C1)=CC=CC2)C3C(N(C(=O)N(C3=O)C)C)=N	-9.3	12145	train	train	4	143847
LUJGXHVYKYORJR-LELJVTLKNA-N	S(C=1N2C(=CCCCC2)C=3C(N1)=NN(C3O)C4=CC=CC=C4)CC(=O)NC5=C(F)C=C(F)C=C5	-11.1	18893	test	test	0	195382
NYSYYVATXNVNCP-LILDFLRNNA-N	S(=O)(=O)(N1CC(CC(C1)C)C)C2=CC3=C(OC(=C3C)C(=O)O)C=C2	-9.7	1	train	train	3	233133
OOSJWHPIOIZUEW-UHFFFAOYNA-N	ClC1=CC=2SC(N(CCN(CC)CC)C(=O)C=3OC=CC3)=NC2C=C1	-7.6	1	train	train	9	223352
ROGPFCFRHWDJFN-UHFFFAOYNA-N	ClC1=C(C=C(OCC(=O)N2CCCN(CC2)C)C=C1)C	-8.3	1	train	train	7	179393
QIEZASIQHPITIJ-UHFFFAOYNA-N	C=12C(=NN=C(C1)C3=C(F)C=CC=C3)C4=CC=CC=C4C2=O	-10.2	2913	train	train	1	165879
FENFKTYHIZESSW-UHFFFAOYNA-N	FC=1C(CN2CC(N(C)C(=O)C3=CC(=C(OC)C=C3)C)CCC2)=CC=CC1	-9.4	1	train	train	4	192530
NWGXQMVEYOMULC-QWOVJGMINA-N	N=1C(=C2C=CC=CC2=NC1C=3C=CC=CC3)NCC=4C=NC=CC4	-9.8	6	train	train	3	6829
WFYRERTYHADIFT-MPIMZMORNA-N	S(=O)(=O)(NNC(=O)C1=C(N(N=C1)C2=CC=CC=C2)C(F)(F)F)C3=CC=C(F)C=C3	-9.9	11431	train	train	2	113557
GFYXAMCIIBYSOS-SCXYCHFONA-N	C=1(C=C(C=CC1OC)CC(C(=O)O)CC)CNC(C=2C=CC(=CC2)OCCC3=CC=CC=C3)=O	-9.7	5877	train	validation	3	21784
BYUCSFWXCMTYOI-KUGGDMIFNA-N	Br/C=C/1\OC(=O)[C@@H](C2=C3C(=CC=C2)C=CC=C3)CC1	-9.4	6060	train	train	4	22591
FYKQUNUDKSGRPL-UHFFFAOYNA-N	S1C(C(=O)COC(=O)COC=2C(N(=O)=O)=CC=CC2)=CC=C1C	-7.9	38069	test	test	8	166477
QQHYEOPHRYYZCV-KDIZOZADNA-N	OC=1C(C(C)(C)C)=CC(C(C)(C)C)=CC1[C@H](NC2=NC=CC=C2)C3=CC=C(OC)C=C3	-9.1	24647	test	test	5	24690
XGFOAXWEGYBKCA-UHFFFAOYNA-N	OC1(C(CN(C(C1)C)C)C)C(C2=CC=CC=C2)C(OC)=O	-7.4	45926	test	test	9	217153
ZCYUCBXDNQGZAD-AAOCFQKXNA-N	FC1=C(C(=O)N2[C@H](CCC2)C(=O)N3[C@@H](CCC3)C(=O)NCC4=CC=CC=C4)C=CC=C1	-10.6	1	train	train	1	239029
KAAJYBMWABCTAG-OBPJPDDVNA-N	C1=CC2=C(C3=C(/C(/O2)=C/C/4=C(\C=CS4)/C(=N/O)/C)C=5C(=CC(NC5C=C3)(C)C)C)C(=C1O)OC	-10.7	5879	train	validation	0	23268
MDHXRSDCPWIQIZ-HFTAULOFNA-N	S1/C(=C\C=2C=C(OC)C(O)=C(OC)C2)/C(=O)N=C1NC=3C=CC(CC)=CC3	-9.3	4116	train	train	4	237052
COBHXZIKLYWMLS-MPIMZMORNA-N	C(NC1=CC=CC=C1)(=O)OCC=2C=CC(=CC2)C3=CC=4N(C(N(C(C4N3)=O)C)=O)C	-10.1	4171	train	train	2	89224
DDYACYWLURAUEJ-UHFFFAOYNA-N	C(SCCC)(=O)COC(C1=C2C3=CC=C(C=4C3=C(C=CC4)C2=NC1=O)SCC=C)=O	-8.1	9034	train	train	8	85205
KPNMAWCUMPIIHZ-SPEPDGBUNA-N	FC=1C(C(=O)NC(NC(=O)C2=C(F)C=CC=C2)C3=CC(OC)=CC=C3)=CC=CC1	-9.9	15416	train	train	2	258172
HYVABZIGRDEKCD-WYCIUFAENA-N	N(C1=NC=NC=2N=CNC12)CC=C(C)C	-7.2	2248	train	train	9	152876
VWRWLWPMIWCJFQ-NKXIQTIBNA-N	S(C1=C(NC(CN(CC(=O)O)CC(=O)O)=O)C=CC=C1)(=O)(=O)N	-7.6	1	train	train	9	63797
MKZIUGNEIUNOMB-UHFFFAOYNA-N	ClC=1C=C(N2CCN(C=3ON=C(N3)C4=CC(OC)=C(OC)C=C4)CC2)C=CC1	-9.7	13103	train	validation	3	251558
CEWXFCFGZYYMAB-PKSOQXRJNA-N	FC(F)(F)C=1C=CC(C(OCC(=O)NC(=O)C2CCCCC2)=O)=CC1	-9.6	30655	test	test	3	119239
JZCBGMAKTMOCFP-ZLLRNOOBNA-N	N1C=CC=C1/C=C/2\C(NC=3C2=CC=C(C3)NC(NC4=CC=C(C=C4)C5=CC=6C(C=C5)=CC=CC6)=O)=O	-12.2	14	train	train	0	102866
PRSQLDGFBHCMHW-XBXBPLPCNA-N	S1C(CC(=O)NC=2C=3C(OC2C(=O)NC4=CC=C(OCC)C=C4)=CC=CC3)=CC=C1	-9.7	270	train	validation	3	122415
CASGYINMONDDLS-HCKMINDGNA-N	ClC1=CC2=C(C(O)C=3C2=CC=CC3)C=C1NC(=O)C	-9.7	947	train	train	3	121507
IAENNQHKVZEBQT-MPIMZMORNA-N	S(N1C(C(O)=NO)CN(CC1)C(=O)CCCCC)(C=2C=CC(=CC2)OC)(=O)=O	-8.4	1	train	train	7	76019
ZYBHEHCCHZXLFK-WNCVVUMQNA-N	O1[C@@H](N2C3=NC=NC(NCC(C)C)=C3N=C2)CN(C[C@H]1CO)CCN4CCOCC4	-8.8	11264	train	train	6	207516
KJGAHOUYBDABHC-UHFFFAOYNA-N	S1C(C(=O)N2CCCCC2)=C(C(=C1SC)C#N)C=3SC=CC3	-7.5	36414	test	test	9	155911
RKMSOKDZVVQBKW-AHCVYEIGNA-N	C(C=1C=CC(=NC1OC2=CC=C(C=C2)C(N)=N)OC=3C=CC(=CC3)C(N)=N)(=O)NC4CCN(CC4)C(CCN)=O	-10.4	6877	train	train	1	37881
NYRNFJQJOXIJHL-GIOXDHAXNA-N	S(=O)(=O)(N)C=1C=C(C(=O)CSC2=NC(=CC(O)=N2)C)C=CC1	-8.8	2024	train	train	6	99958
YKWILWXFQSULJA-LBOYIXSDNA-N	C1(N2CCN(CC2)C)=CC=C(NC3=NN4C(C=N3)=CC=C4C5=CC=CC=C5N(C)S(C)(=O)=O)C=C1Cl	-9.8	6416	train	validation	3	55803
ULCRUMYQZSREPE-UHFFFAOYNA-N	O=C(N1CCN(CC1)CC)CCC2=C(C3=C(N(C2=O)CC)N(N=C3C)C4=CC=CC=C4)C	-8.7	5041	train	validation	6	206921
GRDUOCQGQPFYBD-BYRZQQAZNA-N	O1C2=C(OC1)C=CC(=C2)/C=N/NC(=O)C3=CC=CN=C3	-8.6	1757	train	train	7	208746
MYUKDUNOHVKDMK-GPQMBLKYNA-N	S1(=O)(=O)N(CCC(=O)NC=2C=C(F)C=CC2)C(=O)C3=C1C=CC=C3	-8.8	362	train	train	6	151196
GMZDBSNYOYACRV-HRNBZBKQNA-N	O=C(N(CCCC)C1C(N(CCCC)C(=O)NC1=O)=N)C=2C=3C(N=C(O)C2)=CC=CC3	-8.8	3813	train	validation	6	231258
MMGHFCNQTWSCEP-ACIDLTHQNA-N	FC1=CC=C(N2CCN(C(C=3N(N=NN3)C4CCCC4)C5=CC=6C(N=C5O)=CC(=CC6)C)CC2)C=C1	-11.3	291	train	validation	0	3662
NMWBZPSYNQNMAR-LILDFLRNNA-N	O=C1N(C(=O)C=2C1=C(NC(=O)C)C=CC2)C3=CC(OC(=O)C)=CC=C3	-9	1	train	train	5	253562
AOHMCYUGHQMVEI-YKRMZQEKNA-N	S(N[C@@H]1C[C@@H]([C@@H](C(N2CCCC2)=O)N)CC1)(C3=CC=C(S(=O)(=O)N)C=C3)(=O)=O	-9.4	8256	train	train	4	84115
ZSARZJDYSAEWKU-GPQMBLKYNA-N	O(C(=O)C=1NC(=C(CCN(CC)CC)C1C)C(O)=O)CC	-6.9	764	train	validation	9	155405
QOIDUIPJOJGEDF-GIMVELNWNA-N	S(=O)(=O)(NCCC1=CC=C(OC)C=C1)N	-6.4	8261	train	train	9	41916
VCCMPDALPAMAII-UHFFFAOYNA-N	N1(C(=CC(C=2C=CN=CC2)=N1)N)C=3C(=CC(=CC3Cl)Cl)Cl	-8.2	2668	train	validation	8	165809
CYRAGAWSGXXYDS-HQWBRPTQNA-N	C(CCN1CCOCC1)(=O)NC=2C=C3C(=C(C=NC3=CC2OCC)C#N)NC=4C=C(C(=CC4)OCC=5C=CC=CN5)Cl	-10.6	1432	train	validation	1	85850
XRXYLRANMXOHTD-LELJVTLKNA-N	O(C(CC)C(=O)NC=1N(N=C(C1)C2=C(OC)C=CC=C2)C3=CC=CC=C3)C4=CC=CC=C4	-9.9	2668	train	validation	2	121887
CUAQXNPFHHZWMK-UHFFFAOYNA-N	C=1C=C(C=2C=CC(=CC2C(F)(F)F)NS(C3=CC(=CC=C3)OC(F)(F)F)(=O)=O)C=C4C1N(C5=CC=C(C=C5)F)N=C4	-10.4	5905	train	validation	1	24930
NLIZXMGPLIAIKR-UHFFFAOYNA-N	FC(F)(F)C1=CC(N2CCN(CC2)C(=O)C3=NOC4=C3CC(CC4)C)=CC=C1	-11.4	1019	train	validation	0	25057
MCRHAWAHRVOUOI-WJLBDAKKNA-N	FC=1C(/C=N/NC=2N=C(C3=C(N2)C=CC(=C3)C)C=4C=CC=CC4)=CC=CC1	-10.5	2820	train	train	1	133296
OGQLZBYUGPWQRT-IKNPWOKSNA-N	FC(F)(F)C1=CC=C(CN(C(=O)[C@@H](NC(=O)C=2OC=CC2)C(C)C)C)C=C1	-9.2	1	train	train	5	129468
VIFNVLNJCCWWDQ-LQFNOIFHNA-N	FC1=C(CN2N=NC(=C2)COC(=O)NCCC=3C=4C(NC3)=CC=CC4)C=CC(F)=C1	-9.8	12761	train	validation	3	119760
HYBQECPBYZXFJO-SHCRVNCVNA-N	N1(C(C=2N(CC#CC)C(NC[C@@H](N)C)=NC2C=N1)=O)CC3=NC(=C4C(=N3)C=CC=C4)C	-9.9	44	train	train	2	75770
MNQFUYUKUJHZMG-LILDFLRNNA-N	S1C(CCNC(=O)C=2SC=CC2)=C(N=C1C=3C=CC(F)=CC3)C	-8.7	6095	train	train	6	25124
GANNTGUKFFRLAW-UHFFFAOYNA-N	ClC1=CC=C(CN2C3=C(S(=O)(=O)C=4C(C2=O)=CC=CC4)C=CC(=C3)C(=O)N5CCCC5)C=C1	-11.3	396	train	train	0	25076
KARSIZRBAITNIW-KGCNKATMNA-N	ClC=1C=CC(NC(=O)NCC2CC2)=CC1	-7.2	1	train	train	9	130341
VJFSYLSQDUCJAY-ZMMCEODWNA-N	S1/C(/C(=O)N(C2=CC=C(F)C=C2)C1=N)=C\C=3C=C(OC)C(O)=CC3	-9.6	3620	train	train	3	206279
RETUWLUGOVHUCX-UHFFFAOYNA-N	FC(F)(F)C1=CC(OC(=O)C=2C=3C(C(=O)N(C2)C4=CC(OC)=CC=C4)=CC=CC3)=CC=C1	-11.3	6194	train	train	0	23550
UDBBEGCXNKSBEV-PTGVNERVNA-N	C(NC(=O)OC)CO[C@@H](C1=CC=CC(=C1)Cl)[C@@H]2CCCN(C2)C(=O)N[C@H](CN)CC3CCCCC3	-9.6	6681	train	train	3	62039
YEMWPGBNPZKLSH-UHFFFAOYNA-N	ClC1=CC2=C(SCC(=O)N3CCC(CC3)C)C=4CCCCC4N=C2C=C1	-10.1	3483	train	train	2	204856
INNSLDNDKSFVAK-UHFFFAOYNA-N	FC=1C(N2CCN(CC2)C(=O)C3=C(N4N=C(C(=C4N=C3)C5=CC=C(F)C=C5)C)C)=CC=CC1	-11.8	448	train	train	0	171923
IXOVEZFSOURFBA-UHFFFAOYNA-N	O(C(=O)C=1C2=C(N(C1C)C)C=CC(OC)=C2)CCN(C)C	-7.3	1	train	train	9	189196
VPBLIAWWZSZYAC-UHFFFAOYNA-N	S1(=O)(=O)N(C(C(=O)N(CC1)CC=2N=NN(C2)CC=3OC=CC3)C)CC4=CC=C(C=C4)C=5C=CN=CC5	-11.5	5765	train	train	0	138555
DQQCWQGYIUCCKR-NSJMMFDCNA-N	C12(N(CNC1=O)C3=CC=CC=C3)CCN(CC2)CC4OC5=C6C=C(C(OCC7=CC=CC=C7)=O)NC6=CC=C5OC4	-11	168	train	train	0	71705
AAKQHPCCPRXWTC-LBOYIXSDNA-N	ClC1=CC(NC(=O)C2CCN(CC2)C3=NC=NC=4N5CCCCCC5=NC34)=C(OC)C=C1OC	-9.6	4976	train	train	3	165123
AKOLGJXNYNAUHL-YHMJCDSINA-N	O=C1N(C2CC2)C(CC1)(C)C(=O)NC(C)(C)C	-6.4	1	train	train	9	177221
ATTTVPSUXKCAFB-UHFFFAOYNA-N	FC1=CC=C(C2=C3N(N=C2C)C(=C(C(=O)N4CCN(CC4)C5=CC(OC)=CC=C5)C=N3)C)C=C1	-11.2	448	train	train	0	175526
XFFATDFCPKLQRT-SREBMQDQNA-N	S1C(NC(=O)C(C(C=2C=C3C(N(N=C3)C4=CC=C(F)C=C4)=CC2)C5=CC=CC=C5)(C)C)=NN=C1	-11.7	5942	train	train	0	52047
XORFMZOCVUUECZ-LFYBBSHMNA-N	ClC=1C=CC(C=2SC(=C(N2)C)C(=O)/C=C/C3=CC=C(OC)C=C3)=CC1	-9.3	16619	train	train	4	229952
MQXFTELFQRLRDK-ZFJUVRDGNA-N	FC1=C(N2CCN(CC2)CCN3C=4N=C(N5N=C(N=C5C4N=C3)C=6OC=CC6)N)C=CC(F)=C1	-11	1053	train	train	0	95653
LNLYLRUNDXDYHW-UHFFFAOYNA-N	FC(F)(F)C=1C(C(=O)CCN(C)C)=CC=C(OCCCCCC)C1	-7.2	1	train	train	9	107491
FQBGFRTUAOHRCD-MPIMZMORNA-N	S(=O)(=O)(N1CCC(CC1)C(=O)NCCC2=CC(OC)=C(OC)C=C2)N3CCCCCC3	-9.3	238	train	train	4	218412
JOECQASXPNGRAV-SDRQFZCRNA-N	O=C1N(C(CC1)(C2=CC=CC=C2)C(=O)N)C3=CC=C(C=C3)C	-8	14166	train	validation	8	202739
TWJLSCKAWHOBAV-MPIMZMORNA-N	S(=O)(=O)(N1CCC(CC1)C(=O)NC2CCCC=3C2=CC=CC3)C=4C5=NON=C5C=CC4	-11	1	train	train	0	132787
KIUDFUURRUOAMD-YQIAKSDONA-N	O1C[C@H]2N(CCC2)C(=O)[C@H](CC=CC[C@H](C1=O)CC(OC(C)(C)C)=O)CC(=O)NCCO	-8.9	5425	train	train	6	228304
LMPZHLXYBWGGNT-HXTKINSTNA-N	C1(=C(NC=2C=C(OCC3=NC4=CC=CC=C4C=C3)C=CC2)C=CC=C1)C(=O)O	-10.9	23199	test	test	0	13457
KQSSBUAGCHWZQA-QWOVJGMINA-N	ClC=1C=C(OC2C(C(NC(=O)C=3OC(=NN3)C)C2(C)C)(C)C)C=CC1C#N	-9.7	11174	train	validation	3	112208
XFJMYFDCGODBGZ-VJSLDGLSNA-N	O1CCN(CC1)CC2=CC=C(C=3N(N=NC3C(=O)NCCCCCCC)C=4C=C(C(C)C)C(O)=CC4O)C=C2	-9.7	7785	train	train	3	52068
ZVNPQHHQIVQYPI-ZHACJKMWNA-N	O1C(=NN=C1/C=C/C2=CC=C(C=C2)C)C3=CC(=CC=C3)C	-9.7	2186	train	validation	3	207161
QLKLGCRRTODTTR-QWOVJGMINA-N	S(C1=NC(=C(C(=C1C#N)C=2OC=CC2)C(=O)NC=3C=CC=CC3)C)C	-8.2	4223	train	validation	8	137137
MWULBRQTPDSVFG-UHFFFAOYNA-N	O=C(N1CCN(CC1)C(=O)C=2C=CC=CC2)CC(C3=CC=CC=C3)C	-10.2	41105	test	test	1	186223
GEAMIEOMRVEENQ-XBTAAFKLNA-N	S(CC1=NOC(=C1C(=O)NCCOC)C(=O)NCCOC)C2=CC(=CC(=C2)C)C	-8.7	2359	train	train	6	212317
YVQVOQKFMFRVGR-DKTFCQPKNA-N	O1[C@H](CN2CCOCC2)CN(/N=C\C=3OC(N(=O)=O)=CC3)C1=O	-7.6	210	train	validation	9	244917
COXBGHYQJXXGJV-PDJAEHLQNA-N	ClC1=CC=C(S(=O)(=O)CCC(=O)NC=2SC3=C(CCN(C3)C(OC)=O)C2C(=O)NC)C=C1	-9.4	106	train	train	4	239177
BOWXMEHJFKPAJI-LQFNOIFHNA-N	ClC=1C=C(N2C(O)=C3C(N=C2SCC(=O)NCC=4C(Cl)=CC=CC4)=NN=C3)C=CC1Cl	-10.2	398	train	validation	1	257707
BMZAZZNCYAUVAC-UYBDAZJANA-N	S(CC(=O)NC=1C=C(C=CC1)C)C2=NN=C(C=3N=CC=CC3)C=C2	-9	4815	train	train	5	153114
JLNJZGPYRYXGAE-JMFGTCNSNA-N	[C@]12(C=3C(NC1=O)=CC=CC3)N4CCC[C@@H]4C[C@]25C(=O)/C(/CN(C5)C(=O)C[C@@H]6[C@]7(C8=CC=CC=C8NC7=O)N9[C@H](CCC9)C6)=C/C%10=C(C=CC=C%10)C	-15.3	2524	train	train	0	187255
XLAHTLJMVQSDTK-GOJXEUFLNA-N	C1=CC=CC(=C1)CS(=O)(=O)N[C@H]2C(N[C@H](C(NCC3=CC=C(C=C3)C(=N)N)=O)CC4=CC=C(C=C4)NC(=O)CN5CCCN(CC5)CC(NC6=CC=C(C2)C=C6)=O)=O	-11.8	1	train	train	0	35531
ZORKYOJKIRHAHO-CMLSCEPHNA-N	S(C=1N=C(NN1)C2=CC=NC=C2)CC(=O)NC3=CC(=CC=C3)C	-9	393	train	validation	5	835
NVSPDVZIFQNZSS-PKSOQXRJNA-N	O(CCNC(=O)C(C1=NC(=NC(=O)C=2OC=CC2)C3=C1C=CC=C3)C#N)C	-8.5	14787	train	train	7	154138
JJGHHJJQQHUAGN-YNDYHMGXNA-N	N1(N(C(C(=C1C)C(=O)NC=2C=C(C(=CC2)OC=3C=CN=C4C=C(C=CC34)OC)F)=O)C=5C=CC=CC5)CC6CNC(O6)=O	-10.3	4083	train	train	1	24605
SSAWUSNORQCOED-OVNOGJGJNA-N	S(C=1C=CC(NC(NC(C(NC(C(O)=O)CC2=CC=CC=C2)=O)C)=S)=CC1)(=O)(=O)N	-8.6	26649	test	test	7	61519
XAEOODXOZXGHIU-UHFFFAOYNA-N	O=C1N(C=2C(=CC=C(C2)C(OC)=O)C(OC)=O)C(=O)C3=C(C4=C1C=CC=C4)C=CC=C3	-10.5	36658	test	test	1	157445
HCVISALGHUEHJA-JZOXMSJYNA-N	C1(=C2C(=C(N=C1)NC3CCCCC3)C4=C(N2)C=C(C=C4)C5=CC=NN5)C(N)=O	-11.1	7610	train	train	0	78831
PKKYJYFGTICOFP-MMZSQZHBNA-N	C=1C=C2NC(=NC2=CC1OC3=C4C(=NC=C3)NC=C4)NC=5C=C(C(Cl)=CC5)C(F)(F)F	-11.3	9447	train	train	0	97476
CYLWJCABXYDINA-ZHLVXTBQNA-N	ClC1=CC=2NC(N(S(=O)(=O)C2C=C1S(=O)(=O)N)C)CSCC(F)(F)F	-8.4	40362	test	test	7	181099
ZMAQPMCPZORBHF-QWOVJGMINA-N	S(N1C(CN(C(C(C)(C)C)=O)CCC1)C(O)=NO)(C2=CC=C(C=C2)OC)(=O)=O	-8.8	1	train	train	6	52660
LUYOTNZFWPQNII-LQFNOIFHNA-N	C=1(N2C=NC=C2C(=NC1)NC=3C(=CC=CC3C)C)C4=CC=C(C=C4)F	-9.6	6098	train	train	3	108486
QCGPRAFFLKMLQO-MPIMZMORNA-N	ClC=1C(NS(=O)(=O)C=2C=C(NC(=O)CCC(=O)C=3SC=CC3)C=CC2OC)=CC=CC1	-9.2	40920	test	test	5	185026
QEBJMUICJFPGLR-PHBPRLRBNA-N	ClC1=CC=2NC=C(CCOC3=NC=4N([C@@H]5O[C@@H]([C@@H](O)[C@H]5O)CO)C=NC4C(=N3)N)C2C=C1	-10.9	30	train	validation	0	46874
MXNOUNDABQCJIA-PKSOQXRJNA-N	S(=O)(=O)(N1CCCCC1)C2=CC(NC(=O)CN3N=C(C=C3)C(F)(F)F)=CC=C2	-9.3	38162	test	test	4	167063
KJDCLAFAPNXASK-LILDFLRNNA-N	S(=O)(=O)(N1CCC(CC1)C(=O)NC=2C=C(OC)C=C(OC)C2)C=3SC=CC3	-9.2	1	train	train	5	164911
DHYWKROGVBRSQF-JLGFQASFNA-N	FC=1C=C(O)C(C=2OC(=CC2)C=C3C(=O)NC(=O)NC3=O)=CC1	-9.9	4912	train	train	2	14664
GTZTWLLXJNVJRZ-LUXCBXFANA-N	O(C(=O)C(NC(=O)NC1=C(OC)C=CC=C1)C(C)C)C	-6.8	558	train	train	9	131713
ILASJMRVAJZNBO-LQFNOIFHNA-N	ClC=1C(=C2NC(=O)C3(NC(C=4C3=C(O)N(C4O)C5CCCC5)CCSC)C2=CC1)C	-9.4	702	train	train	4	227589
HXQCHCHNUJVFTE-GPQMBLKYNA-N	S(C=1N(C2=C(N(C(=O)N(C2=O)C)C)N1)CCC)CC(=O)NCC=3OC=CC3	-8.6	44	train	train	7	227026
ONBWJWYUHXVEJS-AYHFWVMTNA-N	O1[C@H]2[C@@]34[C@@H]([C@H](NCC3)CC5=C4C1=C(O)C=C5)C=C[C@H]2O	-8.5	211	train	validation	7	212612
STZXKGIQCSTMDA-BDGWVKIONA-N	O(C1=CC=C(CNC(=O)NC=2C3=C(C=CC2)C=CC=C3)C=C1)C	-9.8	1	train	train	3	139792
BUDKKUJVRGJAJW-UHFFFAOYNA-N	C=1(C=CC=2NC(=CC2C1)C(OCC)=O)C=3N(N=C(C3)C(OC)=O)C	-8.9	8619	train	validation	6	80900
OEBKCXKEJSYJPD-PKSOQXRJNA-N	S(=O)(=O)(NCCC(=O)NC1=CC(=C(C=C1)C)C)C=2C=C3OC(=O)N(C3=CC2)C	-9.7	451	train	train	3	5343
JSLGFCYDVSMEIL-KDOFPFPSNA-N	C=1C(F)=C([C@@H]2[C@@H](N)CN(CCC3=CC=CC=C3)C(C2)=O)C=C(C1F)F	-9.6	8555	train	train	3	103604
RFEJAIJGFMRDHP-LUXCBXFANA-N	O=C(NNC(=O)C1=C(N(=O)=O)C=CC=C1)C2=C(N(=O)=O)C=CC=C2	-8.8	16618	train	train	6	221722
QYIXCDOBOSTCEI-KKFSNPNRNA-N	O[C@H]1C[C@@H]2[C@@]([C@@H]3[C@H]([C@H]4[C@@]([C@H](CC4)[C@@H](CCCC(C)C)C)(CC3)C)CC2)(CC1)C	-10	72	train	train	2	153244
BXUKOJCQMUSDRR-QWOVJGMINA-N	S(O)(=O)(=NC1=C2N=CN(C2=CC(=C1C)C)CC3=CC=C(OC)C=C3)C	-8.8	2379	train	train	6	256816
SLRSNCWUOFPURJ-UHFFFAOYNA-N	C=1(C=C2C=C(N(C2=CC1)C)CN(CC#C)C)OCCCN3CCN(CC3)CC4=CC=CC=C4	-8.5	1	train	train	7	41050
PMWKIVSTVWIKHW-LSIKUUKUNA-N	C12(C(=O)NCCN3CCN(C4=CC(Cl)=CC=C4)CC3)C[C@H]5C[C@@H](C1)C[C@@H](C2)C5	-9	1	train	train	5	97844
XIFZNEUFBOBFKV-LILDFLRNNA-N	S(CC(=O)NC1=C(OC)C=C(N(=O)=O)C=C1)C=2N(C3=CC=CN=C3)C=NN2	-8.9	41791	test	test	6	190735
OSBIAWPZBNFCQQ-QTJZUQOQNA-N	C=1C=C2C3=C(C4=CC(CN([C@@H]4CC3=CN2)C)C(NC(C(NC(C(=O)N5C(CC6=C5C=CC=C6)C(=O)N)C(C)C)=O)CC7=CC=C(C=C7)N(=O)=O)=O)C1	-13	8546	train	train	0	100562
BWCXCMRQGYFFSR-UYBDAZJANA-N	C=1(N(C2=CC(C3=CC(F)=CC=C3)=CC=C2N1)C(C)C)O	-8.6	593	train	validation	7	88541
VHNGQJHSHOAOOZ-UHFFFAOYNA-N	O=C1N(CCCC)C(=O)C(C(=O)N1CC=C)C=NC=2C(N(=O)=O)=CC=CC2OC	-8.5	817	train	train	7	200035
UONPLROBZFBKNS-PDJAEHLQNA-N	S(=O)(=O)(NC1=C(C=C(C=C1)C)C)C=2C=C(C=CC2)C(=O)NNC(=O)C=3N(C=CC3)C	-9.9	17338	train	train	2	156302
VGIAYVIHJVQAMQ-UHFFFAOYNA-N	S1C(=NN2C1=NC(CC2=O)=COC(=O)C3=CC(OC)=C(OC)C=C3)CCOC	-8.2	5915	train	train	8	208804
NJMAOFNJCLSNQY-QVUQFMIFNA-N	O(C1=C(C2=CC(=NC(N)=C2C#N)C3=CC=CN=C3)C=C(OC)C=C1)C	-8.3	1384	train	train	7	216342
BMIWNNPUUWTWJJ-PKSOQXRJNA-N	ClC1=C(CCNC(=O)CSC2=CC=3OCCOC3C=C2)C=CC(Cl)=C1	-8.8	17640	train	train	6	159851
LCVHTDYDFJKZKK-UYBDAZJANA-N	S(CC(=O)N1CCCC1)C=2N3C(=C(C(O)=NC3=NN2)C)C	-8.3	12089	train	train	7	144637
MPSOSWRNBNEUHN-WYUMXYHSNA-N	O1C(CC=2N=C(NCCCO)C(=CC2C1)C#N)(C)C	-6.9	2011	train	train	9	179343
MGIGDAYWWJNGIV-UOBKYACANA-N	O1[C@@H]([C@@H](NC(=O)NC(C)C)CC[C@@H]1CC(=O)NCC2=CC=C(OC3=CC=CC=C3)C=C2)CO	-9.9	35603	test	test	2	150838
YLSWKEZWJQNZJU-FAPOHWSYNA-N	N1(C2=C(C(N)=NC(=N2)NCCC=3C=CC(=CC3)Cl)N=C1)C4[C@@H]([C@H](O)[C@H](O4)C(=O)NCC)O	-10.1	30	train	validation	2	56338
IOYSJINOLNGHNE-HVXXBKQBNA-N	N=1C(N2CCN(CC2)C(C(Cl)Cl)=O)=NC3=NC(C4=CC=CO4)=NN3C1N	-9.4	5421	train	train	4	104394
ZYXUIWSHYKMKKF-UGSOOPFHNA-N	C1=C(C2=CN(C(C=C2)=O)C)C=CC(=C1)[C@@H]([C@H](N)C(N3CSCC3)=O)C	-9.3	1	train	train	4	54244
AZHGDHGEYCLYPN-UHFFFAOYNA-N	S(C1=NC(C2=CC(F)=C(F)C=C2)=CN=N1)C	-7.3	11538	train	train	9	114037
UDBFAMGHDXWEHG-SCXYCHFONA-N	C=1C=C2CC(CC2=CC1SC(C(=O)O)(C)C)N(C(NC3=CC(=CC=C3)Cl)=O)CCCCCCC	-9.3	5922	train	validation	4	62037
USDCNOQKDUFKRD-HWUJKUJPNA-N	C([C@@H]1CC[C@H](CNC(=O)NC=2C=CC(=CC2)C(=O)OC)N1)(=O)N3[C@@H](CCC3)CN	-8.6	7524	train	train	7	60196
HTWDVQUHESBCJB-WYUMXYHSNA-N	C1(C(=CC=2C=C(C=C(C2O1)Br)Br)C(=O)NC(C)C)=O	-7.7	1	train	train	9	218341
XUCWVULCZBVZJS-UHFFFAOYNA-N	S(C1CCCCC1)C=2C(=NN(C(=O)C2)C3=CC=CC=C3)C(OCC)=O	-8.3	11646	train	validation	7	183288
CAAAEKDFVFUEQL-ZITAWKKNNA-N	S(=O)(=O)(/N=C(\NC1=CC(=C(O)C=C1)C(O)=O)/C=2C=CC=CC2)C3=CC=C(F)C=C3	-9.8	1951	train	train	3	194210
SAMYNZKNYCXMDI-SPEPDGBUNA-N	ClC1=CC(=C(OCC(=O)NC=2C=CC(S(=O)(=O)NC3=NC(=CC(=N3)C)C)=CC2)C=C1)C	-10.3	1	train	train	1	229884
MDYRCEZNRQFYDB-JRRFJTGHNA-N	C1(=CC=C2NC(=NC2=C1)SCC(NC3=C(C=CC(=C3)C(O)=O)C)=O)OC	-10.1	1	train	train	2	94177
SIRWLIBZIRZLJA-CMNYYERHNA-N	S=C(N(CC1=CC2=C(N=C1O)C=C3OCOC3=C2)CCCO)NC	-7.8	1101	train	train	8	201517
WDRGLBUNVBJZJT-UHFFFAOYNA-N	O=C(N(C(C)C)CC=1ON=C(N1)C=2C=CC(=CC2)C)C34CC5CC(C3)CC(C4)C5	-10.1	1047	train	train	2	188317
YOCHCPWOAZBXNP-NDKGDYFDNA-N	O=C1N(C2CC2)C3=NC(=NC=C3N=C1C)NCC	-6.9	5652	train	train	9	19391
ZUAUVLUKHSXGGD-SREBMQDQNA-N	C1C(CS(C2=CC=C(C=C2)NCC#CC)(=O)=O)(CN(CC1)C(=O)C=3C=CC=C(C3)C)C(=NO)O	-9.8	6521	train	train	3	54865
QHEBQGBDECLZTL-UHFFFAOYNA-N	FC(F)(F)OC=1C=CC(NC(O)C2=CN(C(O)=C2)CC=3OC=CC3)=CC1	-8.8	14440	train	validation	6	160234
HSCOPJGKZLWREX-NTFAOURMNA-N	O(C(C)(C)C)C(=O)NCC1=CC=C(CNC(=O)C=2NC=NC2C(=O)NCC3=CC=C(CNC(OC(C)(C)C)=O)C=C3)C=C1	-9.4	946	train	train	4	225182
VVONWOKEBXBMKU-HRCHMLQTNA-N	S(=O)(=O)(N)C=1C=CC(NC(=O)CN2C(=O)C(NC2=O)(C3=CC=C(OC(F)F)C=C3)C)=CC1	-10.7	60	train	train	0	193365
FKZWUFKVHFUMBK-XSILSWKPNA-N	P([C@H](NC([C@@H](CC=1C=C2C=CC=CC2=CC1)N)=O)CC3=CC=C(C(=N)N)C=C3)(O)(=O)C4=CC=CC=C4	-11.2	10423	train	train	0	72522
TXCCODSHZLODKN-LNNLXFCONA-N	ClC=1C=2OC(C(=O)N(CC(C)C)C3C(N(CCCC)C(=O)NC3=O)=N)=C(C2C=CC1)C	-9.6	3813	train	validation	3	191143
FPYUGZDITUVTSF-OPXIQYGINA-N	N=1C=2N(C(=CC1N[C@@H]3CC[C@H](CC3)N)NCC4CCCCC4)N=CC2	-9	8861	train	train	5	144034
ILUGJQHMRUPEDB-UHFFFAOYNA-N	C=1(C=CN(CC=2C=CC=CC2)C(=O)C1Cl)OCC3=CC=CC=C3	-8.6	29149	test	test	7	105370
HCDWVCUANCUKLS-UHFFFAOYNA-N	BrC=1C=C(S(=O)(=O)NCC2N(CCC2)CC)C=3N(CCC3C1)C(=O)CC	-8.4	1	train	train	7	166816
XXFKDMTZCZDTMA-SDRQFZCRNA-N	C=1C(N=C(C2=CC=CS2)N)=CC=C3C1CCCCN3CCNC	-8.1	8154	train	train	8	47795
AHEKVNKLJMHRES-SFQUDFHCNA-N	O/N=C/C1=C(N2CCCCC2)N(N=C1C)C3=CC=CC=C3	-8.1	2651	train	train	8	7507
HVZPPZGCZLLMBC-NEGQJQKXNA-N	O=C(NCC(=O)N[C@H](C(=O)N[C@@H](CCCNC(=N)N)C(=O)N)CO)[C@@H](NC(=O)[C@@H](N)CC1=CC=C(O)C=C1)[C@H](CC)C	-9.1	1	train	train	5	128562
FWQLXYWLYBRNKT-UHFFFAOYNA-N	N1(CCC)C(N(CCC)C=2C=C(N(C2C1=O)O)C3=CC=C(C=C3)N)=O	-8.3	4171	train	train	7	68348
ACQYFJQQVQUSCP-ZYMSVLFVNA-N	C=1(C(=CC(OCC=2OC(C3=CC=C(C=C3)OC(F)(F)F)=C(C4=CC=C(C=C4)OC(C)C)N2)=CC1)C)OCC(=O)O	-10.6	6269	train	train	1	27167
LCBIHDXSZBHWBZ-WYUMXYHSNA-N	S(=O)(=O)(N1CCOCC1)C=2C=CC(NC(=O)C=3OC=CC3)=CC2	-8.5	1	train	train	7	201340
RJTRMSNBKWKEKF-MPIMZMORNA-N	C1=CC(N(C(C)=O)CCCO)=C2C(N=C(S2)NC(C=3C=CC(=CC3)F)=O)=C1OC	-9.6	7503	train	train	3	39633
KZCMISBUQLIGDG-XBXBPLPCNA-N	S(O)(O)(=NC(=O)C1(CCCN(C1)C(=O)C2=C(C(=CC=C2)C)C)C)=CCC	-9.4	1	train	train	4	193850
OAUQYMPEQHUZLY-GXTWGEPZNA-N	O1C2(OCC1)C[C@H]3[C@]4(N(CCC4)C(=O)CCC3)CC2	-8.2	45712	test	test	8	215675
FIWZEDBVFGBHLF-LQFNOIFHNA-N	S(C1=NC(=O)C(C2(CCCCC2)C1C(OCC)=O)C#N)CC(=O)NC=3C=CC=CC3	-8.8	32964	test	test	6	134112
YWQHCEYTLCXOCJ-LNNLXFCONA-N	C1(=C(CN)C(=C(C(O)=O)C(=N1)CCC)C=2C=CC(C)=CC2)CC(C)(C)C	-7.7	9332	train	train	9	57190
CDHBSXJBEXJRMI-GPQMBLKYNA-N	S(N1C(C(OC(C)(C)C)=O)CCC1)(C=2C=C3C(C(=O)NC3=CC2)=O)(=O)=O	-8.9	1	train	train	6	87527
TUCQUFFLZSJMIG-JWCHHLPSNA-N	C(N[C@H]([C@H](CSC(C)C)O)CC1CCCCC1)([C@@H](NC([C@@H](NC(OC(C)(C)C)=O)CC2=CC=CC=C2)=O)CC=3N=CNC3)=O	-9.1	1	train	train	5	62272
BPKXTUAMQCILGN-PDJAEHLQNA-N	ClC=1C=2C(N=C(NC(=O)NC=3C(=CC=CC3C)C)C1)=CC(OC)=CC2	-9.7	39426	test	test	3	175156
BNTZMVGQEVCLQG-OKPOJWAQNA-N	FC(F)(F)C1=NN(C=2C(=O)N(C3=CC=C(C4(CC4)CN(C)C(=O)NCC)C=C3)CCC21)C5=CC=C(OC)C=C5	-8.2	6453	train	train	8	81653
OKWVXVZNZAVFBE-UHFFFAOYNA-N	FC=1C(C2NN=C(C2)C=3C=C(N(=O)=O)C=CC3O)=CC=CC1	-9.5	35602	test	test	4	150836
DNKNZUXEZMQUKQ-NAICQYFDNA-N	O=C(NCC1=CC=CC=C1)/C(=C/C2=CC=C(N(CC)CC)C=C2)/C#N	-8.3	20344	test	test	7	246304
KFQWNMAOEZKOOO-UHFFFAOYNA-N	S1(=O)(=O)C=2C(N(C=3C1=CC=CC3)CC4=CC(=CC=C4)C(F)(F)F)=CC=CC2	-11	18066	test	test	0	185557
XLFFQBIHFCTJTN-QWOVJGMINA-N	S1C=2N(C(C(=C(N2)C)C(=O)NC=3C=CC=CC3)C4=CC=CC=C4)C(=O)C1	-9.5	19785	test	test	4	195854
ISOQBWLOMAYJMC-UHFFFAOYNA-N	OC=1N(C2CCCC2)C=C(C1)C(O)NCC3=CC(OC)=C(OCC)C=C3	-8.4	382	train	train	7	258535
QWMIBAUIMNTYNG-YAQRNVERNA-N	ClC=1C=CC(NC(OCC23N(COC2)COC3)=O)=CC1	-7.7	41087	test	test	9	186111
NLDWCWICPNXTJH-UHFFFAOYNA-N	S(=O)(=O)(N(C=1C=C2C(OC=3C2=CC=CC3)=CC1OC)CC(=O)N(C)C)C4=CC=C(C=C4)C	-10.6	1	train	train	1	133936
FGSVKWKIZPJUCM-WMZOPIPTNA-N	S(=O)(=O)(N1C[C@]2(O[C@H](CC2)CCC(=O)C)CCC1)C3=CC=CC=C3	-8.8	19643	test	test	6	238301
KFKRUVJHCLMZIC-YAQRNVERNA-N	S1C(SCCC(=O)NC=2C=CC(OCC)=CC2)=NN=C1C	-7.3	12394	train	train	9	258470
DATBTZXMDPSUJS-XBTAAFKLNA-N	BrC1=CC(=C(NC(=O)C=2SC(NC(OC(C)(C)C)=O)=NC2C)C(=C1)C)C	-8.7	16	train	validation	6	84733
YHUDTIVTAMYXRA-PKSOQXRJNA-N	BrC1=CC=C(OCC(=O)NC=2C=CC(CN3CCOCC3)=CC2)C=C1	-8.2	3706	train	train	8	214291
KMDHUSOHAZWNPI-HCKMINDGNA-N	S(C=C1N=C2SC=CN2C(=O)C1)CC(=O)NC=3C=CC(F)=CC3	-8.8	15748	train	train	6	170923
AIWZKEFQISYEKU-UHFFFAOYNA-N	N1(N=C(CC1(C)C)C)C(C2=CC=CC=C2)C#N	-6.8	13293	train	train	9	122762
YEHFIIJAWYRWEJ-MPIMZMORNA-N	S(=O)(=O)(N(C)C)C=1C=C(NC(=O)COC(=O)CN2C(=O)C3=C(N=C2)C=CC=C3)C(OC)=CC1	-9.6	247	train	validation	3	213084
MVCUNJZCOUMLGB-CKFYMFOVNA-N	CC1(C)NC2=CC(=CC=C2C(N)=O)N3C4=C(C(=C3CCCNC1)C)C(CC(C)(C)C4)=O	-9.9	8082	train	train	2	95157
MDLMOSQGQMAPDX-UHFFFAOYNA-N	O=C(C=1N(C(=NC1)C(C)C)C)C=2C=CC(OC)=CC2	-7.5	38091	test	test	9	166640
NFDPROQMTDTWDX-RRDBXQIANA-N	C1=NC(NCCNCC(N2[C@@H](C[C@@H](C2)F)C#N)=O)=CC=C1C(=O)N	-8.1	1	train	train	8	90464
RGUGRLMTFNHYLE-UHFFFAOYNA-N	N1(CCCC1)CCOC=2C=CC(=CC2)OC=3C(=CC=CC3)N(=O)=O	-7.9	25837	test	test	8	46625
XQQZRZPTLJNMLX-WAVZXACUNA-N	N=1C(=C(CC=2C=C(OC)C(=C(C2)OC)OC=3C=CC(N(=O)=O)=CC3)C=NC1N)N	-9.6	32	train	validation	3	158339
AMUHOYIQEKDLJN-UHFFFAOYNA-N	S(C=1C=CC(C2=C(C3=CC=CC=C3)CCC2)=CC1)(=O)(=O)C	-9	53	train	train	5	84345
UCEXJRWDDUTNMU-LELJVTLKNA-N	S1C(=NC(COC(=O)COC2=CC=C(C(C)(C)C)C=C2)=C1)CC(=O)NC3=C(C=CC=C3)C	-7.9	11684	train	train	8	245434
IQPIYQHNKCHGCQ-LILDFLRNNA-N	BrC1=CC=C(S(=O)(=O)N2CC(CCC2)C(=O)NCC3OCCC3)C=C1	-8.5	1	train	train	7	117121
CWOAXQODINEVAR-UHFFFAOYNA-N	O1C(C(=O)N2CCCC=3C2=CC=CC3)=C(C4=C1C=CC(OC)=C4)C	-9.5	1	train	train	4	190799
ZRYRCGNOGWVLFU-RZDMPUFONA-N	[C@@]([C@H]1CCCC=2[C@@]1(CN3C=NC(=C3C2)C=4C=CC(=CC4)F)C)(O)(C)CCC5=CC=CC=C5	-10.8	6926	train	train	0	54620
AUIWGBUUPZWDHQ-UHFFFAOYNA-N	S1C(N2C(O)=C3C(C4CC3C=C4)=C2O)=C(C5=C1CCC5)C#N	-8.2	11461	train	train	8	156622
IPINQMRIPIIEFY-NRGLAWDZNA-N	S(C=1C=C(O)N(C1O)C2=CC=C(OCCCCCC)C=C2)/C(/N)=N/N=C(/C=3SC=CC3)\C	-8.4	7273	train	train	7	175758
MJMJERJFCHYXEM-UHFFFAOYNA-N	ClC1=C2C(C(S(=O)(=O)NCCCCCCC)=CC=C2)=CC=C1	-7.4	1	train	train	9	18323
SIXGMZJXZNKUIN-UHFFFAOYNA-N	S(C1=CC=CC=C1)C=2C=CN=CC2	-6.7	38199	test	test	9	167290
GFHIMHLLQNLTFQ-WYUMXYHSNA-N	O1C(NC(=O)C2=C1C=CC=C2)C3=CC=C(OC)C=C3	-8.7	11211	train	train	6	199332
WOJYSKMQJAIHRX-XDJHFCHBNA-N	O=N(=O)C1=C(N/N=C\2/C(CCCC2)C3=[N+](C=CC=C3)C)C=CC(N(=O)=O)=C1	-9.2	48823	test	test	5	235300
IPTDWSONQGTYHA-SVJLRQGMNA-N	S(C=1SC(C2=NC(OC)=NC=C2)=CC1)(N[C@@H]3C(N(CC=4C=C(C(N)=N)C=CC4)CC3)=O)(=O)=O	-10.1	6746	train	validation	2	104813
VLSQMIMZJIWCQR-LNNLXFCONA-N	O=C(N1CC2(CCC1)CCN(CC2)C(=O)C3=NC=CN=C3)NC=4C=CC(OC)=CC4	-9.9	5687	train	validation	2	253445
RVZFEWKYABDLEY-LNNLXFCONA-N	FC=1C=CC(C(=O)C2=CN(C=3N=C(C=CC3C2=O)C)CC(=O)NCC=4OC=CC4)=CC1	-10.1	3043	train	train	2	245726
GZVRXEGFMOGBKP-LBOYIXSDNA-N	BrC1=C2N=C(NC3CCC(N)CC3)C=C(N2N=C1)NC=4C=CC(S(=O)(=O)C5=CC=CC=C5)=CC4	-9.7	5786	train	validation	3	78485
BLWIPGHFZSFBJT-GPQMBLKYNA-N	ClC1=C(CC(=O)NC2CCCCCC2)C=CC(Cl)=C1	-7.9	1802	train	train	8	231828
BSYDQFCXERHXKZ-HBCYTSGDNA-O	S1C(=[N+](CCCS(O)(=O)=O)C2=C1C=C(C=C2)C)C	-7.4	3394	train	validation	9	187074
YMDYQWDQLZFIQV-VTORVXMGNA-N	C1(NC(=O)C=2C=CC=CC2)=NC(CC(O)=NO)=CS1	-8	3062	train	validation	8	8549
KYNAWJZJGXEMMS-UHFFFAOYNA-N	S(C=1C=CC(C2=C(C3=CC(Cl)=C(C=C3)OC)CCC2)=CC1)(=O)(=O)C	-9.1	53	train	train	5	111807
LSCFGUZXPCOLEI-LELJVTLKNA-N	O(C=1C=C(N2CCN(CC2)C3=NN4C(=NN=C4CCC(=O)NC=5N=CC(=CC5)C)C=C3)C=CC1)C	-10.7	499	train	train	0	160904
ISWHVEGYYPFJDM-OKPOJWAQNA-N	C=1(CN(C2=NC=3C=CC=CC3O2)CCCOC4=CC=C(C(=C4)C)C)C=C(C=CC1)OC(C(=O)O)CC	-10.4	5878	train	train	1	23283
HGBZKLOZYQAERY-QBBGPZPNNA-N	C1(=C(NC=2N=C(C=CN2)C3=CC(=CN3C)C(=O)N)C=C(N4CCN(CC4)C)C=C1)OC(F)(F)F	-9.9	7898	train	train	2	77849
HQGJNMCUZCIBIQ-MPIMZMORNA-N	S=C1N(C(NC(=O)C1C#N)C2=CC(OC)=C(OC(C)C)C=C2)C3=CC=CC=C3	-8.7	18981	test	test	6	235646
KTSSYRXXUBATJX-ORKIEBPJNA-N	ClC1=CC(NC(=O)NC=2C=C(C(N(C)C)=CC2)C(=O)NCCCOCC)=CC=C1	-8.4	10025	train	train	7	112322
YYTYRWJJXZGXRU-LELJVTLKNA-N	S(=O)(=O)(N1C=2C(C(=C1)CC(=NC(=O)C=3C=CC=CC3)C(=O)NCCN4CCOCC4)=CC=CC2)N(C)C	-10.1	754	train	validation	2	200617
DNJOVXUVFSRMNW-MHGXZFNMNA-N	O1N=C(N2N=NC(=C2CN(C)C)C(=O)N/N=C/C(=C\C=3OC=CC3)/C)C(=N1)N	-9.6	506	train	train	3	154220
KEKAMKGLDCNNBK-MPIMZMORNA-N	C=1C(=NC(=NC1C2=C(C(=CC=C2)OC)OC)C3=C(C(=CC=C3)OC)OC)NC(C)=O	-9.2	814	train	train	5	110817
LORYJFSCXRKMAK-YHSKDTNENA-N	ClC1=CC=C(SCC=2N(N=NC2C(OC)=O)C3=NON=C3N)C=C1	-8.5	506	train	train	7	120948
CYDMXFYQNZXIBI-RHFUFHFZNA-N	FC1=CC(OCC(=O)NC2=CC=3N=C(O)NC3C=C2)=CC=C1	-9	3738	train	train	5	10383
MKZAOYBSWAVHBO-UHFFFAOYNA-N	S(=O)(=O)(N1CCN=C1SC)C2=CC=C(C=C2)C	-6.8	3361	train	train	9	188944
GQZNHBAQKXQYIV-SJHOIFEDNA-N	C=1(C(=C2C=CC=CC2=C(C1)OC)OC)CO[C@@H]3[C@@H](C4=CC=C(C=C4)OCCCOCC5=C(OC)C=CC=C5)CCNC3	-10	7621	train	train	2	77549
KDEZEJSFZUZWID-VBQNFTKCNA-N	C1(=NC(=NC(=C1F)NC2=NNC(=C2)OC)N[C@H](C=3N=CC(=CN3)F)C)N4CCOCC4	-9.6	5924	train	train	3	110786
SAMQANATXFAQFE-XQMQJMAZNA-N	O=C(NCCNC1=NC(=NC=C1)C2=C(C=CC=C2)C)C	-8.2	6	train	train	8	19948
WFQMLNDMSHISPI-HOCLYGCPNA-N	C1(=CC(=NC=N1)N2C[C@@H]([C@@H](N3CCCCC3=O)C2)N)C=4C=NC(=CC4)OC	-9.1	26748	test	test	5	63207
MMHPDMJYDNVEQN-QARFTZKXNA-N	O1CCN(CC1)CC(=O)N/N=C/C2=CC(OCC)=C(OCC=C)C=C2	-8.1	14212	train	train	8	222051
BKWMABHQUJZMGH-LQFNOIFHNA-N	O(C1CCN(CC1)C(=O)C)C2=C(OC)C=C(C=C2)C(=O)NC(CCN3N=CC=C3)C	-8.6	33520	test	test	7	137545
JVHUOUBLPPAFBX-LNNLXFCONA-N	O=C1N(C(C=2C1=NNC2C=3C(O)=C(C=C(C3)C)C)C=4C=C(O)C=CC4)CC=5OC=CC5	-10.3	10397	train	validation	1	123080
VQGBOYBIENNKMI-MGOAWCTFNA-N	O=C(N([C@H]1CCCC=2C1=CC=CC2)CC3=CC(OC4=CC=CC=C4)=CC=C3)C5=C(C=C(C(=C5)C(O)=O)C(O)=O)C(O)=O	-10.8	33982	test	test	0	140544
REDDRDGSQHMJSI-NDKGDYFDNA-N	S(CC(=O)NC=1C(OC)=CC=C(OC)C1)C=2N(N=NN2)C	-7.5	266	train	train	9	211038
LZWNHSISNSUVEN-LQFNOIFHNA-N	FC(F)(F)C1N2N=C(C=C2NC(C1)C=3OC=CC3)C(=O)NC=4C=CC(OCC)=CC4	-9.5	354	train	train	4	218677
XRDZLMLVXFKTIC-MPIMZMORNA-N	FC1=CC=C(N2CCN(CC2)C3=NN(C(=O)C=C3)CC(=O)O)C=C1	-9	16678	train	train	5	161831
KJPLPRYAQRZMCO-UHFFFAOYNA-N	O1CCN(CC1)C(=O)COC(=O)C=2C=C(N(=O)=O)C(N)=CC2	-8.4	6644	train	train	7	141102
SJQDGCJFSZEKAG-IULCSKRINA-N	OC([C@@H](NC(=O)C(C(O)C(O)=O)C(=O)CC1=CC=CC=C1)CC(C)C)C[C@@H](C(C)C)C(=O)NC[C@@H](CC)C	-8.3	25588	test	test	7	41688
PWYVBWJRCHOTRC-UHFFFAOYNA-N	BrC1=CC=C(S(=O)(=O)N(CC(=O)N2CCN(C3=NC=CC=C3)CC2)C)C=C1	-9.2	1	train	train	5	2211
OYBYKWZIDBDHAI-UHAOMQKNNA-N	C=1(C=C([C@H](CN[C@@H]2CC3=C(CCC2)C=CC(=C3)OC4=CC=CC(=C4)C(O)=O)O)C=CC1)Cl	-10.6	7857	train	train	1	97088
NZBQAOCZTUIYGZ-DXBWVGEPNA-N	FC1=C(NC2=NC=NN3C2=C(C(C)C)C(NC(OC4CCN(CC4)C)=O)=C3)C=C(C(F)=C1)C(=O)NOC	-9.1	5743	train	train	5	99761
CRYOZOXBDDLJDR-UHFFFAOYNA-N	S=C(N1CCN(CC1)C)C=2C=CC(OCC)=CC2	-6.8	1	train	train	9	166050
CTMZIBQWOSJUMY-VEORKLDJNA-N	BrC=1C=C2C(=O)N(CC=3C=CC(C(=O)NCCCN4CCC(CC4)C)=CC3)C(=S)NC2=CC1	-10.6	247	train	validation	1	149879
FVNNYBWGXRDHNG-UHFFFAOYNA-N	S1C(C(=O)N2CCCCC2)=C(N)C3=C1N=C(C=C3COC)C	-7.9	712	train	validation	8	230129
TYUXMRIDXHTDQS-FXQWKTRKNA-N	C(C1=C(C=CC=C1)CC[C@@]2(CCC=3[C@@]2(CC=4C=NN(C4C3)C=5C=CC(=CC5)F)C)O)(=O)NCCC	-10.5	7431	train	validation	1	61775
VOESHNWTIDIZCL-NDKGDYFDNA-N	S(NC(C(O)=NO)C)(C1=CC=C(C=C1)OC)(=O)=O	-6.8	1	train	train	9	67857
HAEOVFBNCZMNII-LILDFLRNNA-N	ClC=1C(C(=O)NCCC2=CC=3OCCOC3C=C2)=CC=C(N(=O)=O)C1	-9.9	43579	test	test	2	202065
PPVLMUPXQUUIID-XQMQJMAZNA-N	ClC=1C=C(C2=NN=C(SCC(=O)NCC=C)N2)C(OC)=CC1	-7.4	393	train	validation	9	120159
HGEMQSAIBDNSEV-UUPQFAAPNA-N	C1(=CC=C(C=C1OC)C2=CC=C(C=C2)OC(N)=O)C(C)C#CC=3C(=NC(=NC3CC)N)N	-10.4	7770	train	validation	1	77895
PCCUABFRJFMSGM-UHFFFAOYNA-N	FC=1C(C2C(=CN(C(=N)C2C#N)C3=CC=C(C=C3)C)C(OC)=O)=CC=CC1	-9.1	13751	train	train	5	127625
ZLDNEIMAZFUGLT-RTBURBONNA-N	C(N1[C@H](CC2=CC=CC=C2)COCC1)(C[C@@H](CC3=C(F)C=CC=C3)N)=O	-9.2	26183	test	test	5	52889
QRAYHZDCSNKYGQ-KGCNKATMNA-N	ClC1=NC(NNC(=O)C(F)(F)F)=CC=C1	-7.2	15752	train	train	9	140092
TVVROGLWGGJCOO-HXTKINSTNA-N	BrC1=CC=C(S(=O)(=O)N(CCC2=CC=CC=C2)CC(=O)NCC3=CC=C(Cl)C=C3)C=C1	-9	1	train	train	5	25157
OBKPCRVJJJJVRJ-LNNLXFCONA-N	BrC=1C=C(C(=O)NC2=CC=C(N3CCN(CC3)C(=O)C=4SC=CC4)C=C2)C=CC1OC	-7.9	5147	train	train	8	15906
XAOVTQAGCSNHSG-WYUMXYHSNA-N	S1C2C(N=C(SCC(=O)NCC3OCCC3)N(C2=O)CC)=CC1	-7.7	468	train	train	9	170180
VUVONONNFCOAPX-UHFFFAOYNA-N	N12C(N(C=3C1=CC=CC3)CC4=CC=CC=C4)=NCCC2	-8.3	13818	train	train	7	125770
LSHMVNLJPZFLFR-YAQRNVERNA-N	S1C(NC(=O)C(OC2=CC=CC=C2)CC)=NN=C1SCC	-7.6	1698	train	train	9	154600
UKPLCFDXRFALEE-GPQMBLKYNA-N	S(C1=NC=2C(=N1)C=CNC2)CC(=O)NC3=C(OC)C=C(OC)C=C3	-8.4	13605	train	train	7	124632
AGIFALHCQZDFTE-LNNLXFCONA-N	S(=O)(=O)(NCC(=O)N(CC=1C(OC)=CC=CC1)CC(=O)NCC=2OC=CC2)C3=CC=C(C=C3)C	-9	1	train	train	5	2563
ZFVRYNYOPQZKDG-GKOJKEIQNA-N	C1=C(C(N[C@@H]2CC[C@H](CC2)O)=CC(N3C4=C(C(=N3)C(F)(F)F)C(=O)CC(C)(C)C4)=C1)C(=O)N	-10.3	9502	train	train	1	53541
ZJCUATWZKBNGLF-SPEPDGBUNA-N	ClC=1C=C(NC=2N=C3C(=C(C2)C)C=C(NC(=O)C=4C=CC=NC4)C=C3)C=CC1	-10.3	13868	train	validation	1	126090
LKCDWLBHZJJIJK-UHFFFAOYNA-N	C=1C(=CC=C(C1)S(NCC(C)(F)F)(=O)=O)N	-6.2	1	train	train	9	107189
XELFYNSJCCHXCC-DVIAZDKANA-N	S(=O)(=O)(NCC1=CC=CC=C1)C2=CC=C(NC(=O)NC=3C=C4OCOC4=CC3)C=C2	-9.7	12462	train	train	3	166894
FIHOXQFVGFCRLO-UHFFFAOYNA-N	O=C(N1C(CCCC1)CC)COC(=O)C2=CC3=C(C=C2O)C=CC=C3	-9.2	1	train	train	5	134590
FPSQOSUDABANES-UHFFFAOYNA-N	ClC=1C(C(OCC2ON(C(C2)C3=CC=CC=C3)C)=O)=CC=C(Cl)C1	-9	17507	train	train	5	158106
PZUFUQFEYKBKQG-YAQRNVERNA-N	S(=O)(=O)(CC(=O)NC1=CC=CN=C1)C2=CC=CC=C2	-7.3	42409	test	test	9	194494
BOOFQRVMDWIJAI-RUZDIDTENA-N	ClC=1C(C(=O)N(C[C@](O)(CNC=2C3=C(N(N=C3)C4=CC=C(F)C=C4)C=CC2)C(F)(F)F)CC)=C(Cl)C=CC1	-10	9306	train	train	2	81753
QKWIZIQOBWRLGW-NRMKOEJHNA-N	S1C(NC(=O)COC(=O)C2=NN(CCCC)C(=O)C3=C2C=CC=C3)=C(C=C1)C(=O)N	-9.1	20348	test	test	5	252368
XXHYXCQVZAHSFN-PKRZOPRNNA-N	S(=O)(=O)(N1CCC=2C(C1)=CC=CC2)C=3C=CC(=CC3)C(=O)NC=4SC=C(N4)C5=CC=C(OCC)C=C5	-9.7	20651	test	test	3	240292
TWJBFYAEHGJSAT-UBXIPSODNA-N	BrC=1C=C(C2=NOC3(CCN(CC3)C4=C(NC(=O)C5=CC(N(=O)=O)=C(Cl)C=C5)C=C(C=C4)C(=O)NCCC)C2)C=CC1	-10.7	11623	train	train	0	228792
HSAAKNLPYTYQBG-UHFFFAOYNA-N	ClC=1C=C(C=2N=CN(C2CCCCC)CCC=3C(OC)=CC=CC3)C=CC1	-8.5	12104	train	train	7	173909
URJNTINCBJRWOT-FQFUPTBWNA-N	S1C(=NC(C2=CC=3OCCOC3C=C2)=C1)NC(=O)CCNC(=O)C	-9.6	474	train	train	3	139808
OBZHPIBYGAZXEL-NRTUGAKQNA-N	ClC=1C=C([C@@H](O)CNCCC2=CC=C(C=C2)C=3C=CC(=CC3)C(O)=O)C=CC1	-8.8	9085	train	validation	6	98943
HXWNBCBFXGJRCU-UHFFFAOYNA-N	O=C(N1C(CCC=2C1=CC=CC2)C)C3=CC(OC)=C(OC)C(OC)=C3	-8.8	1	train	train	6	134625
APPNGZTWXMXGRZ-UHFFFAOYNA-N	C=1(N2C(C=CC(=C2)C(C3=C(OC)C=CC=C3)=O)=NC1N)C(C4=C(F)C=CC=C4F)=O	-9.8	7820	train	train	3	84697
YNYFOQOUXCVCLT-LILDFLRNNA-N	OC=1N2C=3C(C1C)=CC(NC(=O)CC(C)(C)C)=CC3CCC2	-8.5	13186	train	train	7	150550
GWQOYRSARAWVTC-UHFFFAOYNA-N	O(OC(C)(C)C)C(C1=CC=C(C(OOC(C)(C)C)(C)C)C=C1)(C)C	-7	4894	train	validation	9	188749
FGCLAQLIXMAIHT-UYBDAZJANA-N	C1=2C(=NC=NC1=CC(=C(C2)OC)OC)NC=3C=C(I)C=CC3	-8.6	6	train	train	7	73426
RQJCGWBQTJRDLP-NCYZPBEDNA-N	BrC1=CN(N=C1)CC=2OC(=CC2)C(=O)N/N=C(/C3=CC=C(NC(=O)C4=C(OC=C4)C)C=C3)\C	-9.7	30483	test	test	3	118030
DDTXDFYPHNJRLO-LILDFLRNNA-N	S1C(NC(=O)C2=CN(C=3N=C(C=CC3C2=O)C)CC)=NN=C1SCC=C	-9.2	51479	test	test	5	252123
HOMRLSWXGFQYGM-UHFFFAOYNA-N	ClC=1N=CC=C(C(O)(C=2C=C3C(N(N=C3)C4=CC=C(F)C=C4)=CC2)C(F)(F)F)C1	-9.8	7530	train	train	3	74771
FFNKZZDLRWKYPL-BDGWVKIONA-N	ClC1=CC(=C(OCC(=O)NNC(=O)CCOC2=CC=CC=C2)C=C1)C	-8.3	18246	test	test	7	238469
JOUVHHLKDKDTRB-HXTKINSTNA-N	ClC=1C=C(NC(=O)C=2C=C(S(=O)(=O)NCC=3C(OC)=CC=CC3)C=CC2F)C(OC)=CC1	-9.7	1	train	train	3	128423
GNURRCJPQXKFTN-HFJLZDAQNA-N	C=1(C=CC(C=2C(=CC=CC2)CN(CCC3=CC=CC(=C3)OC)C(=O)NC4CCCCC4)=CC1)CN5C[C@@H](N[C@@H](C5)C)C	-9.9	27518	test	test	2	77147
DJGSAYSVWIJWEO-YHSKDTNENA-N	C1=C(C(N)=O)C2=C(O)N(C3CNCCC3)C=C2C=C1	-8.9	239	train	train	6	87232
LNLCXAQJAYDEGA-UHFFFAOYNA-N	S(=O)(=O)(NC=1C(N=CC(C(OCC)=O)C#N)=CC=CC1)C=2C=C(C=CC2)C(=O)C	-8.9	32041	test	test	6	128216
UUCPUSGTHPKCOR-XSGKVCBUNA-N	O=C(N1[C@]23[C@@H]([C@H](CC4=NC(O)=CC=C24)C=C(C3)C)CCC1)CN(CC(=O)N5C6=C([C@]78NCCC[C@@H]7[C@H](C6)C=C(C8)C)C=CC5=O)CCC	-11.8	8141	train	validation	0	60097
JTLXDZPYGHILTL-UHFFFAOYNA-N	C1C=2C=CC=C(C2C(=O)N1)C=3NC4=C(C=C(C=C4)OCCN5CCOCC5)C3	-10.3	7712	train	train	1	103659
OGLBLGAIRWSAEG-VIFPVBQENA-N	FC1(F)CN(C(=O)[C@@H](N)C2CCCCC2)C1	-7.5	1	train	train	9	99113
BSVUOPHXZOKMKE-ITNYQOQCNA-N	O1C(C[C@@H](C1O)NC([C@@H](NC(=O)COC2=CC3=CC=CC=C3C=C2)CC(C)C)=O)=O	-10.5	7746	train	train	1	81207
LIPWGZJZSTUXOT-UHFFFAOYNA-N	BrC1=CN(N=C1)CC(O)COC2=CC=CC=C2	-6.6	50480	test	test	9	245638
UDUXOXGYYKRWOW-LILDFLRNNA-N	ClC=1C=C(NC(=O)CN2N=C3CCCCCC3=C2)C(=CC1)C	-8.6	1226	train	train	7	202286
QLWMDWNCSYEJDL-XBTAAFKLNA-N	S=C(NC=1C=CC(C=2OC(=CC2)CO)=CC1)NC(=O)C=3C=CC(=CC3)C	-9.2	34963	test	test	5	146714
MAVMBZVYYJEPDD-VEWCPZSHNA-N	O=C(NC12CC3CC(C1)CC(C2)C3)NCC=4C(=NN(C4)C)C	-8.4	20877	test	test	7	240589
LJWUKZHNNCVVSB-UYBDAZJANA-N	ClC=1C(=NC=C(Cl)C1Cl)C(OCC(=O)NC=2N=CC(Cl)=CC2)=O	-8.4	11410	train	train	7	160615
ZSHPCUISFPOYNM-LMFRGVBPNA-N	S(N1CC(=O)N2[C@H](C1)CC[C@H]2C(N[C@H](C(C(=O)O)=O)[C@@H]3CC[C@@H](N)CC3)=O)(CC4=CC=CC=C4)(=O)=O	-9.9	6461	train	train	2	55065
SOACFIGORGRGQQ-NSHDSACANA-N	N1(C(CNC2(CO)CCCC2)=O)[C@H](C#N)CCC1	-6.9	1	train	train	9	40144
LOZLLJDHKUMHBN-JLGFQASFNA-N	BrC=1C=C(C(=O)NC(=S)NC2=C(C=C(O)C=C2)C)C=NC1	-8.6	5080	train	train	7	210379
WYWFEQYXSIMDBU-WHROFLAFNA-N	C=1C(=CC(C(=O)N[C@@H](CC2=CC=CC=C2)[C@H](O)CNCC3=CC(=CC=C3)OC)=CC1C(N(CCC)CCC)=O)C	-8.4	6751	train	train	7	50082
VLOJPBCAIBFLQO-UJKCEZFJNA-N	ClC=1C(OCCOC=2C=CC(NC(=O)C)=CC2)=C(OC)C=C(/C=C/3\C(N4N=C(SC4=NC3=O)C)=N)C1	-8.9	2226	train	validation	6	249575
MUAFMMCWTOANAL-UYBDAZJANA-N	O=C1N(C(=O)NC12CCCC2)CC(OCCOC3=CC=C(OCC)C=C3)=O	-8.2	1	train	train	8	156891
CXLKPXBPOPTFNY-ORVKFNBTNA-N	C1(=C2C(C=NC(=C2)NCC3=CC=C(C=C3)OC)=NC=N1)NC4=CC(Br)=CC=C4	-10.2	6	train	train	1	85822
GCCFEKMWKNARSF-WYUMXYHSNA-N	BrC=1N(C2=C(N(C(=O)NC2=O)C)N1)CCSC=3SC=C(N3)C	-8	44	train	train	8	4276
CSZCUWDVIVOGJP-ZKCBZIKHNA-N	S(C=1C(C2=CC=C(NC(C3(ON=C(C3)C=4C=C(C(N)=N)C=CC4)COC)=O)C=C2)=CC=CC1)(=O)(=O)N	-9.3	1002	train	train	4	34962
CYHXVYFANUHAQW-BNKIIVJNNA-N	N1=CN=C(C=2C3=C(SC21)CN(C(=O)CC=CN(C)C)CC3)N[C@H](C)C4=CC=CC=C4	-9.8	242	train	train	3	85930
VBAZGFWELKLPEZ-VUEOKQGPNA-N	S(C1=NC=2C(N1)=CC=C(C2)C(=O)C3=CC=CC=C3)C(C)C(=O)O	-8.9	34512	test	test	6	144042
LHFROBFAPLSYRB-PKSOQXRJNA-N	C(C)(=O)NC=1N=C(N=C(C1)C=2C=NC=C(C2)OCCOC)N3N=C(C=C3C)C	-9	6397	train	train	5	27028
OHZJABNJZIYDGR-XSTXAFOCNA-N	S(CC=1C=C(/C=C/2\C(=O)N(CC=C)C(=O)NC2=O)C=CC1OC)C3=NC=CC=C3	-8.7	1814	train	train	6	7347
VURUGTWAAZWTEC-YBBVYWDGNA-N	C1(CNC(=O)C2=CC(=CC=C2)OC)=CC[C@@H](C(N(C1)CC(N[C@@H]3C(OC(C3)=O)O)=O)=O)NC(C4=CC=5C(C=C4)=CC=CC5)=O	-12.9	7746	train	train	0	67088
XAXBNVQUVQYEMJ-MPIMZMORNA-N	O=C(NC1CCN(CC1)CC2=CC=CC=C2)C3=CC=4OCCCOC4C=C3	-9.9	1	train	train	2	9185
HMPXQDVZEWENGB-FATXEXJGNA-N	[C@]12([C@H]3[C@@]4([C@]([C@@]([C@@H]3O)(O)C(C)C)([C@](O[C@@H]4[C@H]5[C@@]1(CC[C@H]5C)O)(O)C2)C)O)C	-8.8	5499	train	train	6	74820
VYHWCJWNQFIBGN-CRFSQNOJNA-N	C1(=N[C@@]2([C@H](C(N1C)=O)CN(C2)C=3C=C(C=CC3)OC(C)C)C4=CC(=CS4)C=5C=NC=C(C5)C#CC)N	-10.8	6225	train	train	0	63634
GWOYTLYMCAAZGT-YWZLYKJANA-N	O[C@@]12[C@@H](CCCC1)CN(CC2)C(=O)COC3=CC=4OC(=O)C=CC4C=C3	-10.7	1	train	train	0	120297
VJGLBXGDLLIGJY-HCKMINDGNA-N	S(CC(=O)NC=1C=C2OCOC2=CC1)C=3C(F)=CC=CC3	-8.1	46537	test	test	8	220845
GFLQNZHMVJDODR-PKRZOPRNNA-N	N=1C=2C(C=3N(C1NC(C(C4=CC=CC=C4)C5=CC=CC=C5)=O)N=C(C=6OC=CC6)N3)=CN(CC)N2	-11.8	1053	train	train	0	70549
RBWGCPIBGJCJQI-HXTKINSTNA-N	S1C(=NN2C1=NC(=CC2=O)COC(=O)C=3C(NC(=O)C=4C=CC(=CC4)C)=CC=CC3)C5CC5	-10.1	15722	train	train	2	253818
IYFHXRQHVKGUQX-HRRBSVDSNA-N	S(C=1NC2=NN=CC2=C(O)N1)CC(=O)NC3=C(F)C=CC=C3	-8.8	11762	train	train	6	157154
JVNGIXTYBDQIED-UHFFFAOYNA-N	ClC(C(=O)C=1NC(=C(C1C)C(OCC)=O)C)C	-6	792	train	validation	9	206030
FYQZYBSHWLRFKL-CCIMEURFNA-N	C=1(N2C(=NCCC2)[C@](C=3C=CC=C(C3)C4=CN=CN=C4)(C5=CC=C(C=C5)OC(F)(F)F)N1)N	-11.5	6952	train	train	0	33590
UILXYBOXAAJRAE-YOIXOEDYNA-N	O1C[C@H](N)[C@H](NC2=NC(NC=3C=4C(=NN(C4)C)C=CC3)=C5C(=C2)C=CNC5=O)CC1	-11.1	26513	test	test	0	58697
GVCMPCROMODWEZ-HXTKINSTNA-N	ClC1=C(NC(=O)C2CCN(CC2)C=3ON=C(N3)C=4C=CC(C(C)C)=CC4)C=CC(=C1)C	-10.1	5107	train	validation	2	193699
WXEBXVUUBMBATA-UHFFFAOYNA-N	O1N=C(N=C1CN2CCC(CC2)C3=CC=NC=C3)C4=CC=5OCOC5C=C4	-10.9	40956	test	test	0	185254
JSFBWAVHVHBINF-PZMFHINLNA-N	ClC1=C(O[C@@H]2CCC=3C2=CC=CC3)C=CC(NC=4C=5C(N=CC4C#N)=CC(OCC)=C(NC(=O)/C=C/CN(C)C)C5)=C1	-9.7	1432	train	validation	3	103582
NBYBJUFRXNPCQH-HXTKINSTNA-N	C1=C([N+](=CC=C1)O)C(CN=C2C(N(C(C=N2)Cl)CC(NCC3=CC(=CC=C3N4N=NN=C4)Cl)=O)=O)(F)F	-11	6622	train	train	0	91348
HLGJNWQZUVQMMX-ZWBRXRQQNA-O	C=1(S/C(=N/S(C=2C=CC(NC(C[N+]=3C(=CC(C)=CC3C)C)=O)=CC2)(=O)=O)/N(N1)C)S(=O)(=O)N	-8.2	8310	train	train	8	74290
RPLSDUZTQXIMPH-DNVJHFABNA-N	O[C@H]1[C@H](N2N=NC(C3CC3)=C2)C[C@@H](N(CC4CCCCC4)C1)C5=CC=CC=C5	-9.3	11480	train	train	4	135884
GJDRVPHZSDSAQN-GPQMBLKYNA-N	ClC1=CC=2N3N=NN=C3C(NCC4=CC=C(F)C=C4)=NC2C=C1	-10.1	1306	train	train	2	144406
PMJJWQOFHOTBIY-NZHUVLIVNA-N	C=1C=C([C@H](CNCCSCCCNCCC2=CC=C(C=C2)CC)O)C=3SC(=NC3C1O)O	-8.2	5890	train	validation	8	24821
KLOYCYLPVRADHA-PCEGLKCHNA-N	C=1C(S(=O)(=O)N(CC(C)C)[C@H](C(C)C)C(=NO)O)=CC=C(C1)OC	-6.9	1	train	train	9	109997
QJOVAWCFWNJOFA-UYBDAZJANA-N	S1C(NC(=O)C2OC=3C(OC2)=CC=CC3)=NC=4C1=CC(F)=CC4F	-10.2	1	train	train	1	155463
PGBSGPMEMSPFFE-QVUQFMIFNA-N	C=1C=C(C(=NC1)N)CCC2=CC=CC(=C2)CN(CC=3OC=CC3)C	-9	51522	test	test	5	252445
LHRILOTXNFDLDO-UHFFFAOYNA-N	O=C(C[N+]1=CC(=CC=C1)C)C=2C=CC(C3=CC=CC=C3)=CC2	-9.6	15539	train	train	3	138357
LDCODRLKXBCZOO-UHFFFAOYNA-N	FC1=CC(OC=2N(C=3C(C2C(=O)N4CCNCC4)=CN=CC3)C5=CC=CC=C5)=C(C=C1)C	-10.6	8258	train	train	1	107792
LHXSSNYGSRDXTG-UHFFFAOYNA-N	C=1(NC(C2=CC=CC=C2)=CC1C=3C=CN=CC3)C4=COC=C4	-9.2	5114	train	train	5	107214
PVTBGYDOKGSIPU-LNNLXFCONA-N	BrC=1C=C(C(OCC(=O)NC=2C3=C(C(=O)C=4C(C3=O)=CC=CC4)C=CC2)=O)C=CC1	-11.3	41835	test	test	0	190986
XFLXFAKGEAQTOI-BOTMRCEMNA-N	S(NC(C(O)=O)[C@@H](C#CC1=CC=CC=C1)OC)(C=2C=CC(=CC2)C3=CC=C(C=C3)OC)(=O)=O	-9.1	1	train	train	5	52274
MTESVFZFLDQKIV-PJQSKVNONA-N	ClC1=CC=C(C(=O)CC(=O)C(=O)NNC(=O)C(O)(C2=CC=CC=C2)C3=CC=CC=C3)C=C1	-9.7	45342	test	test	3	213558
VVHLRJCWFVPVSW-LELJVTLKNA-N	C1=2C(=C(C#N)C=NC1=CC(=C(C2)OC)OC)NC=3C=C(OC4=CC=CC=C4)C=CC3	-9.2	1432	train	validation	5	67174
FJAHVGUZMGJNFI-UHFFFAOYNA-N	S(=O)(=O)(N1CCN(CC1)CC(=O)N(CC2=CC(F)=CC=C2)C)C3=CC=4OCCCOC4C=C3	-10.2	1	train	train	1	229491
MQRIKYUXHJMNBI-UHFFFAOYNA-N	OC(CN1CCN(CC1)C2=NC=CC=C2)COC3=C(C=C(C=C3)C)C	-8.6	1409	train	train	7	183498
HPGHKJXZFPDDRV-MRSUPTMINA-N	N1(N=C(C(F)(F)F)C=C1C=2C=CC(=CC2)C)C=3C=C(CO)C(S(=O)(=O)N)=CC3	-9.2	105	train	validation	5	73801
JGUATOYNBOIOLZ-AVHGGQORNA-N	FC(F)(F)C=1C=CC(C(=O)NCCC(=O)N2[C@@H](CCC2)C(=O)N)=CC1	-9.4	1	train	train	4	102155
YDNAXUMKGRAZTP-SREBMQDQNA-N	C1(=C(OCC2=CC=CC=C2COC=3C=CC(=CC3)C(F)(F)F)C=C4C(=C1)C(=CS4)CC(=O)O)C	-10.4	6050	train	train	1	22560
BLTUBZKNKWVQSE-UHFFFAOYNA-N	OC=1N(C=2C(=CC(CC2)C)C1NC3=CC=C(OC)C=C3)C4=CC=C(OC)C=C4	-10.1	12841	train	validation	2	120217
CAKYRTNLEUINCX-UHFFFAOYNA-N	CC1(C)C(=C(C(N(CC=2C=CC=C(C2C)OC)C3CC3)=O)CNC1)C=4C=CC(=CC4)CCCOC5=C(C=CC(=C5Cl)F)F	-10.8	6433	train	validation	0	88705
HLAXWBUNQRUQJP-UMDYSXRGNA-N	O1[C@H]([C@H](CN([C@@H](CO)C)C(=O)C=2C(O[C@@H](CCCC1)C)=CC=C(N(C)C)C2)C)CN(CC3=CC=C(OC)C=C3)C	-9.1	5379	train	train	5	235128
QDFLLLZIGQWKHN-RIYZIHGNNA-N	BrC1=CC(NC(C)(C)/C(=N/O)/C)=CC=C1	-6.5	18872	test	test	9	229527
POKJWMAJWUOINR-KPODPGINNA-O	S=C(NC=1C=C(C(=CC1)C)C)C(N2C=3C([N+](=C2)C)=CC=CC3)C(=O)C4=CC(OC)=C(OC)C=C4	-10.4	20910	test	test	1	249175
YQQOWRFAYJNTDF-UHFFFAOYNA-N	ClC1=C2N(C=3C(SC2=CC=C1)=C4C(=CC3)C=CC=C4)CCCN(C)C	-9.5	23626	test	test	4	16187
KHMXQPNKPSJRRL-GPQMBLKYNA-N	S=C1N(C(=O)C=2OC=3C(C2N1)=CC=CC3)C4=CC=C(F)C=C4	-9.2	3464	train	train	5	116614
HOBGZBDIUXNQNU-HXTKINSTNA-N	S1C(C(N2CCN(CC2)C=3C(OC)=CC=CC3)C(NC(=O)C(=O)N4CCCCC4)C)=CC=C1	-9.1	822	train	train	5	214051
YEIQBUKIKYQIMW-MPIMZMORNA-N	BrC1=CC2=C(N(CC2)C(=O)C)C(S(=O)(=O)CCC(=O)NCC3=CC=C(F)C=C3)=C1	-9.7	1	train	train	3	197664
ABFVBWQMBVYWMV-UHFFFAOYNA-N	C1=2C(C(OC=3C=C(CN4CCCCC4)C=CC3)CC1=CC(=C(C2)OC)OC)=O	-10.1	8029	train	train	2	82923
KVTWTBGBZFXXJO-OTJKMEOQNA-N	N1(C2=CC=3C(=NNC3NC(CC=4C=CC=CC4)=O)C=C2)C(CNC1=O)=O	-9.6	29528	test	test	3	111525
QUYBMJHCUBNSFC-FGSNGAIVNA-N	FC1=CC=C(CN2C(=O)/C(/C(=O)NC2=O)=C\C=3OC(=CC3)C)C=C1	-8.9	3329	train	train	6	174515
YBXSDKSXXVAXIS-STNSPPMTNA-N	C1=2C(=C(C#N)C=NC1=CC(=C(C2)NC(/C=C/CN(C)C)=O)OCC)NC3=CC(Cl)=C(C=C3)OCC4=C(OC)C=CC=C4	-9.5	1432	train	validation	4	49967
MRHCBNQYVWYKGW-ZYMSVLFVNA-N	S(=O)(=O)(N1CCC(CC1)C2=NC=3N(N=NC3C(O)=N2)CC4=C(C=CC(=C4)C)C)C5=CC=C(S(=O)(=O)N(C)C)C=C5	-11.1	302	train	validation	0	182255
RZZXZZCSZWQMMB-UHFFFAOYNA-N	ClC=1C=C(S(=O)(=O)N2CCN(CC2)CC(=O)N3CCCCC3)C=CC1	-9	1	train	train	5	144861
GKAJCVFOJGXVIA-DXKBKAGUNA-N	O1[C@@H]([C@@H](O)[C@H](O)[C@@H](O)[C@@H]1OC=2C=C(C=C(O)C2)/C=C/C=3C=C(O)C(OC)=CC3)CO	-10.2	11673	train	train	1	246646
LKIKBJBECFALSP-UYBDAZJANA-N	BrC1=CC(CCC(=O)O)=CC(Br)=C1OCC2=CC(Br)=CC=C2	-8.3	5658	train	train	7	19015
NRGYUUSIFQNGNT-UHFFFAOYNA-N	O=C(N(C12CC3CC(C1)CC(C2)C3)CC)C=4OC=5C(C4)=CC=CC5	-9.2	1	train	train	5	220267
BZNMNTXHUCVGAS-MTTPVDACNA-N	C=1(C(C2=CC=C(C=C2)C(F)(F)F)NC(=O)N(CCCCCC(=O)O)C1C)C(OCC3=CC=CC=C3)=O	-10.1	1289	train	validation	2	180732
ISPUKBNXQRCTPZ-UHFFFAOYNA-N	C1=CC2=C(OC3=CC=C(C=C3)OCCN4CCCCC4)C(=CC=C2C=C1O)C5CC=S(=CC5)(O)O	-10.5	24949	test	test	1	29766
CDNIJGHQQWHBDO-DQPBSJAMNA-N	CC1(C)N([C@H]2CNC[C@H](C2)C(=O)N[C@H](CC(C)C)C=3C=CC=NC3)CC(N(C1)C4=CC=CC=C4Cl)=O	-9.8	7002	train	validation	3	87594
JBICTACFWPDHRU-UHFFFAOYNA-N	N=1N=C(C2=C(C1)C=C(C(N2C)=O)CC3=CC=C(C=C3F)F)C4=C(C=C(C=C4)F)F	-11.7	9962	train	train	0	105657
MNLRUOZDLPCPLN-HCKMINDGNA-N	S(=O)(=O)(N(CC(=O)O)C1=NC=CC=C1)C2=CC=C(OC)C=C2	-7.4	1718	train	train	9	155298
FXENSOQEMAONHR-LELJVTLKNA-N	O(C1=C(C2N3N=C(N=C3N=C(C2C(=O)NC4=C(OC)C=CC=C4)C)CCCO)C=C(OC)C=C1)C	-9.1	286	train	train	5	173677
BULWWIYWCOLREV-VMIOWZCSNA-N	S1C(C2NC(=O)N=C(C2C(=O)N)C)=CC=C1	-6.6	298	train	train	9	142375
CVOIPTMSKKZDPX-LNNLXFCONA-N	S(=O)(=O)(N1CCC=2C1=CC=CC2)C=3C=C(C(=O)NC(CCCN(CC)CC)C)C=CC3	-9	1	train	train	5	211810
CMSFNGUCDZUPKY-UHFFFAOYNA-N	O=C1N(C(NC2=C1C=CC=C2)C3=CC=C(C=C3)C)CC=4OC=CC4	-9.2	274	train	train	5	755
QZXNTOWYRMKFGA-IGBJZSFZNA-N	ClC1=CC=C(CSC=2SC(SCC(=O)NC3=CC=C(S(=O)(=O)NC4=NC(=NC(=C4)C)C)C=C3)=NN2)C=C1	-9.7	19951	test	test	3	240071
LQZUGCMBRAXMQW-NIBAQVJANA-N	FC(F)(F)C=1C=C(NCC(=O)N/N=C/C=2C(=NN(C2)C3=CC=CC=C3)C=4C=CC=CC4)C=CC1	-10	32779	test	test	2	132876
AEZVBDWIFVHXSG-LBOYIXSDNA-N	ClC=1C(CN2CCC(CC2)CNC(=O)C=3NC4=C(C3)C=CC=5C4=NC=CC5)=CC=CC1	-11.1	1	train	train	0	231313
HHDXFWACRSCMEH-ONGXEEELNA-N	N(C1CCCC1)CC(N2[C@@H](C[C@@H](C2)F)C#N)=O	-6.2	1	train	train	9	78323
CHXOBMNMHIKIGG-MPIMZMORNA-N	ClC=1C2=C3N(CC(OC3=CC1)C)C=C(C2=O)C(=O)NC=4C=CC(OCC)=CC4	-9.1	14163	train	train	5	164760
QHQWGJPISLNJMT-XWGVMFAFNA-N	C=1C(C2=CC=NC(=N2)NC)=C(N=CC1)OC=3C=CC(=C4C3C=CC=C4)NC5=NC6=C(N5)C=CN=C6	-11.3	4862	train	train	0	34897
NSVRWUQZQQPFCJ-UHFFFAOYNA-N	O(C(=O)N1CCC2(CCN(CC2)C(C3=CC=CC=C3)C4=CC=CC=C4)CC1)C	-10.5	1	train	train	1	197612
JVXUIIHGVQWPPC-HYXSVQGSNA-N	O1[C@@H]([C@]2(C[C@@H](C(=O)N(C2=C[C@@H]1C(C)(C)C)CC=3C=4C(C=CC3)=CC=CC4)CC(=O)N5CCOCC5)C(OC)=O)C	-11.5	11219	train	train	0	127673
CNFCFTUMPNRLBC-UHFFFAOYNA-N	C1=CC=2C(C3=C(C=C(C(=C3)C)O)O)=NOC2C=C1O	-8.5	6123	train	validation	7	34544
HZHLNASPNLYDJK-WPFXXWKONA-N	C(N[C@H]([C@H](C[C@H](NC(=O)OCCN1CCOCC1)C(C)C)O)CC2CCCCC2)([C@@H](NC([C@@H](NC(OC(C)(C)C)=O)CC3=CC=CC=C3)=O)CC=4N=CNC4)=O	-9.8	1	train	train	3	76279
MWQRCJCBHFELLF-BKUYFWCQNA-N	N(\C1=CC2=C(C3=C(C2)C=CC=C3)C=C1)=C\C=4N=CC=CC4	-10.1	25365	test	test	2	37685
BTQOYUSQNWOFBI-OKPOJWAQNA-N	ClC1=CC=C(CN2N=C(C(NC(=O)CSC3=NC4=C(CCC=5C4=CC=CC5)C(=N3)C(F)(F)F)=C2C)C)C=C1	-11.3	2283	train	validation	0	6630
IPNNDIKAFRVGNH-LILDFLRNNA-N	S1C(=C(N=C1NC(=O)CCC2=CC=C(OC)C=C2)C)C(=O)N(C)C	-8.8	2509	train	train	6	170086
VKSDFADIGYDZCS-BVLHYUQHNA-N	N(C(C(CP(=O)(CC1=CC=C(CC2=CC(C)=CC=C2)C=C1)O)CCC=3C=CC=CC3)=O)[C@H](C(=O)NC)C(C)(C)C	-10.1	7784	train	train	2	65791
VWCMAGONQJHIJZ-FHUUADMBNA-N	ClC=1C=C(CNCCN[C@H]2[C@H](CNC2)CC3=NC(N)=CC(=C3)C)C=CC1	-7.8	7654	train	train	8	63741
KSHVIHDCWFVCLF-LQFNOIFHNA-N	O(C=1C(CN2C(=O)C(=O)N(CC(=O)NC3=C(C=C(C=C3C)C)C)C=C2)=CC=CC1)C	-9.5	15498	train	train	4	148996
IDCGRRZMARRPJB-HXTKINSTNA-N	S(=NC=1C=CC(N2CCN(CC2)CC(COC3=CC(C)=CC=C3)O)=CC1)(O)(=O)C	-8.2	10798	train	train	8	122272
QQFAOBCJMZDGFZ-UHFFFAOYNA-N	S(=O)(=O)(N(CC1=C(N(N=C1C)C)C)C)C2=CC=3C(C=C2)=CC=CC3	-9.4	19276	test	test	4	185235
WRAFACGJDBYILN-VEORKLDJNA-N	C1(=NC=2C=CC(C(NC=3C(Cl)=CC=CC3C)=O)=CC2S1)NC4=NC(CN(C)C)=CC=C4	-9.3	1	train	train	4	64609
DGMBOWLRNRIYJN-YGPBECBDNA-N	S(=O)(=O)(NC1=CC(=CC=C1)C(=O)C)C=2C=C(SC2)C(=O)N	-9	4986	train	validation	5	176248
REJRUZRZEKNGGI-CHEWIMQVNA-N	SC=1N(/N=C/C2=C(N(N=C2C)C3=CC=CC=C3)C)C(=NN1)C=4C=CC(C(C)(C)C)=CC4	-9.8	45826	test	test	3	216522
YINOOCGMZQDFON-UHFFFAOYNA-N	FC1=CC=C(CN(CC=2OC=CC2)C(=O)COC3=CC4=C(OC(=O)C=C4C)C=C3)C=C1	-10.2	30964	test	test	1	121174
YUHGCHCTADWTAC-LAIRZBGTNA-N	[C@@H]1(C2=CCC([C@]2([C@H]([C@H]3[C@@H](C1)OC(C3=C)=O)OC(=O)C)C)=O)C	-8.2	4723	train	train	8	130444
IEIWHASYQUBSLR-MTTPVDACNA-N	N1=CC2=CC(=CC=C2N=C1NC)C=3C=C(C(=O)NC4=CC=C(C=C4)OC5CCN(CC5)C)C=CC3C	-10.4	5807	train	train	1	21697
UNKSTGDCEMWKDC-FIEUAMQENA-N	C1(=C(C(OC=2C(C(O)=O)=CC(OC)=CC2)=NC(=C1F)OC=3C=C(C(=N)N)C=CC3)F)NC(CCC=4C=CC=CC4)C	-11.5	6610	train	train	0	201997
JDSGDEIVALSGEJ-PKSOQXRJNA-N	S(=O)(=O)(N1CCOCC1)C=2C=CC(NC(=O)CC3=CC(=C(C=C3)C)C)=CC2	-10.3	1	train	train	1	136729
VVPYOHCUMZPDTM-GOSISDBHNA-N	C=1(C(O)=CC2=C(C1)CCN(C[C@@H]2C3=CC=C(C=C3)CN(S(C)(=O)=O)C)C)Cl	-8.2	1	train	train	8	67137
FKFDFNMKXADWLF-MPIMZMORNA-N	O(C1=NC=CC=C1COC(=O)NC2=C(C=CC=C2)C)C3=CC=C(C=C3)C	-8.9	39660	test	test	6	176698
XGMZORUFSZDIBN-LILDFLRNNA-N	S(C1=NC=2N(C=3C(C2N=N1)=CC=CC3)CC)CC(=O)NCC=4SC=CC4	-8.6	620	train	train	7	125886
UMBIGUSJTJWGPH-VJSLDGLSNA-N	FC(F)(F)C1=CC(C(=O)N2CCC3(CN(C3)C(=O)NC=4C=CC(OC)=CC4)CC2)=CC(=C1)C(F)(F)F	-10	1	train	train	2	19548
DCMYSQPEALKPIF-UYBDAZJANA-N	BrC=1SC(S(=O)(=O)N2CCC(CC2)C(=O)NC=3C=C(OC)C(OC)=CC3)=CC1	-9.1	1	train	train	5	170058
TXQJLFJJIQTNAF-VYVRTBNBNA-N	O(CCC1CCNCC1)C=2C=C(C[C@H](N)COC=3C=C(C=4C=C5C(NN=C5C)=CC4)C=NC3)C=CC2	-10.6	14	train	train	1	62677
VTDRTZMCTKJAIM-LILDFLRNNA-N	SC=1N(C=C(N1)C2=CC=CC=C2)C=3C(F)=CC=CC3	-7.9	3811	train	train	8	126373
RBPAEAOAOFTKBK-MPIMZMORNA-N	S(=O)(=O)(NC(C1=CC=CC=C1)C(=O)NCCC2=CC=CC=C2)C=3C4=NSN=C4C=CC3	-10.1	1	train	train	2	162292
UMSTZHLHSVAERN-ZCQGQHJYNA-N	S1C(=C(C=C1)C)/C=N/NC(=O)C=2C=C3N=CNC3=CC2	-8.4	11794	train	train	7	243425
YZTZNPDIKKDNPU-HCKMINDGNA-N	O(C=1C(=C(NCC2=CC=CN=C2)N=CC1)C#N)C	-7	13662	train	train	9	155820
UMMOQLVWUBNHET-HXTKINSTNA-N	S(C1=NC=2C(C=C1CC3=CC=CC=C3)=CC=CC2)CC(=O)NC4=C(OC)C=CC=C4	-10.2	2538	train	train	1	8071
UCTJTIXATUHLBE-KHMGCEIBNA-N	N=1C=NC=2N(C(C)C)N=C(C3=CC=CC(=C3)N=S(C)(O)=O)C2C1N	-8.5	9	train	train	7	21658
SSABZTKLLBAJEQ-FQRRDKCVNA-N	O1CCN(CC1)CC(=O)N/N=C/C2=CC(OCC)=C(OCC3=CC=CC=C3)C=C2	-8.9	14212	train	train	6	136603
IGUXZSYVQRPJGC-UHBIVWOUNA-N	C=1C=C(C=CC1C2=CSN=N2)CN(S(C3=CC=C(OCC(=O)O)C=C3)(=O)=O)CC=4C=CC(=CC4)C(C(=O)O)=O	-10.2	8012	train	train	1	161197
MWXNNEYXBVFXBP-UHFFFAOYNA-N	ClC=1C=C(C2N3N=C(N=C3N=C4CC(CC(=O)C42)(C)C)C(OC)=O)C=CC1	-9.9	286	train	train	2	141465
LHIISFUBDIQVGI-YLHGWYNBNA-N	CCCN(CC=S(=C)(O)O)CC1=CC=C(O1)C2=CC=C3N=CN=C(NC4=CC=C(OCC5=CC=CC(F)=C5)C(Cl)=C4)C3=C2	-9.3	101	train	train	4	108179
KKBBEBMBSDHLSB-UHFFFAOYNA-N	O1C(=C(N=C1C=2C=CC(=CC2)C)CN(C(C3CC3)C4CC4)C)C	-8	307	train	train	8	244999
WACWVJQHDRIUFU-HCDUNYELNA-N	S(=O)(=O)(C1=CC=C(COC2=CC(OS(=O)(C3=CC=C(C=C3)Br)=O)=CC=C2/C=C/4\SC(NC4=O)=O)C=C1)N5CCOCC5	-10.4	113	train	train	1	142197
TUGFYSZEZJSWSD-UHFFFAOYNA-N	O=C1N(C(C1(C)C)C2=NC=CC=C2)C3=CC=C(OC)C=C3	-7.9	26692	test	test	8	62281
QWZFVMCWPLMLTL-YOYOBYSMNA-N	P(=O)(NC(=O)C=1C=CC(F)=CC1)(N)N	-7.1	39738	test	test	9	177160
XZRCQWLPMXFGHE-CLRGVMNRNA-N	O(C=1C=CC(=CC1)C(=O)N)C2=CC=C(C=C2)C(=O)N	-8.9	1	train	train	6	176079
JYBNWGVWIAGPQT-ZHLVXTBQNA-N	FC1=CC2=C(C3=C(N=C2C=C1)CCN(C3)C)C(=O)N	-8.4	15074	train	train	7	134542
BNJPDXSGSITYAN-UHFFFAOYNA-N	C1(=C(CC2(C1)CC2)C3=CC=C(S(=O)(=O)C)C=C3)C=4C=CC(=CC4)C	-9.2	53	train	train	5	81881
QPMHTUPJLAWJAW-QMLCPYSLNA-N	C=1C(C(F)(S(N)(=O)=O)F)=CC=C(C1)C	-6.4	7473	train	train	9	38632
VHBSNLNBIJRQFH-WYUMXYHSNA-N	BrC1=C(C(OCC(=O)NCC=2SC=CC2)=O)C=CC=C1	-7.4	1	train	train	9	230812
LTPNBPPPHHCVFP-SFHVURJKNA-N	C=1(CN2C3=CC=C(C=C3C(C2=O)=O)S(N4[C@@H](CCC4)COC)(=O)=O)N(CC5=CC=CC=C5)N=NC1	-9.4	1	train	train	4	108688
SPWBCJIEVPORAQ-DXVAAICWNA-N	C=1C(Cl)=C(NC(NC=2C=CC=CC2)=O)C=CC1OC=3N=CN=C(C3/C=N/OC)N	-9.9	6199	train	train	2	60935
VBQUUEMYGITEBQ-MPIMZMORNA-N	BrC1=CC=C(OC(C(=O)NC2CCN(CC2)CC3=CC=CC=C3)C)C=C1	-9.2	11746	train	validation	5	151020
BQULKOJEAZGVIS-UHFFFAOYNA-N	ClC1=CC(C(=O)CCCCO)=CC=C1O	-7.2	30219	test	test	9	116392
JDMJYQWCTZJELL-UHFFFAOYNA-N	O(C(=O)N1CCC2(CCN(CC2)CC=3C(OC)=CC=CC3)CC1)C	-8.4	1	train	train	7	126170
ZCDNLANVQHHFKZ-MPIMZMORNA-N	FC1=C(OCC=2ON=C(C(=O)NC3CCC=4C3=CC=CC4)C2)C(F)=CC=C1	-10.2	3689	train	train	1	146903
LXBBMGAPPDOCAP-IRIILVJRNA-N	N1=C(C=C(C=C1OC=2C=C(C(N)=N)C=CC2)C(=O)NC)OC=3C=C(C(=N)N)C=CC3	-10.6	6545	train	train	1	27625
WGFRYHGAWSXEDH-UHFFFAOYNA-N	ClC=1C=2N=C(SC2C=CC1)N(CCN(C)C)C(=O)C=3C=CC(=CC3)C(OC)=O	-8.7	1	train	train	6	119602
IKNHQEAFTSNSRB-YSANFCSFNA-N	BrC1=CC(NC2=NC=NC=3C2=CC(=NC3)CC(=O)/C=C/C(OCC)=O)=CC=C1	-8.8	8416	train	validation	6	105628
VHUHPVKIZSVHCA-JGQOHXQGNA-N	FC(F)(F)C=1C(C2N=C(N(C(=C2C(OC)=O)C)CC3=CC=C(C=C3)C(F)(F)F)NCC=4C(=CC=CC4)C(F)(F)F)=CC=CC1	-12.3	5159	train	train	0	113170
JOCNHFQWIYQPLA-YGPBECBDNA-N	C1=C(C(N)=O)C2=C(N(C3CNCC3)C=C2C=C1)O	-8.7	239	train	train	6	101987
NBWDFGYKOIROGV-BUCWNWDDNA-P	N(CC(NCC1=CC=C(C=C1)C(N)=[NH2+])=O)S(=O)(=O)C=2C=C(C=CC2)C(N)=[NH2+]	-9.7	1	train	train	3	190104
YADDYXOENJURAZ-LQFNOIFHNA-N	O(C(=O)C1(CC2CC2)CCN(CC1)CC3=C(NN=C3)C4=CC=CC=C4)CC	-9.2	1269	train	train	5	10203
JJXLXZXTPJZPFL-VEWCPZSHNA-N	ClC1=CC(NC(=O)CN2C(CC(NC2=S)(C)C)C)=CC=C1C	-9.1	15893	train	train	5	167917
WQCPZORIAYZEBO-APTRJLSLNA-N	C1(C(NC2=CN=C(C=3C(S(=O)(=O)N)=CC=CC3)C=C2)=O)(ON=C(C1)C=4C=C(C(N)=N)C=CC4)CC(=O)OC	-10.6	1002	train	train	1	32616
FJQYKYKPGUJVBZ-GPQMBLKYNA-N	O1N=C(C2=C1C=CC(=C2)C)CC(=O)NC=3C(OC)=CC=C(N(=O)=O)C3	-9.4	31275	test	test	4	123200
GYOCQXVVGOKQNM-HXTKINSTNA-N	S1C(=NC=C1)C=2N=C(N=C(NC(=O)COC=3C=C(C=CC3)C#N)C2)C4=NC=CC=C4	-9.6	8454	train	train	3	78776
REPGTJHYAOBTFP-YKZUOCLRNA-N	O1[C@H]([C@@H](OC(=O)C)C=C[C@H]1CCO/N=C(/CCN2C=3C(=NC(=C(C3)C)C)CCCC2)\C)COC(=O)C	-8.5	4725	train	validation	7	18510
QUVZKDZYEOYGKV-GUFCXXSUNA-O	P(OCC[N+](C)(C)C)(OCC(OCC)CNC(=O)CCCCCCCCCCCCCCCCC)(O)=O	-6.9	23921	test	test	9	17324
QWAZVNHFFAWTPS-LNNLXFCONA-N	FC(F)(F)C=1C=C(C(=O)NC=2C=C3C(=O)N4CCCCCC4=NC3=CC2)C=CC1	-11.4	247	train	validation	0	157236
SJUQYWQGOGBRMV-UHFFFAOYNA-N	O1C(CN2N=NN=C2C(N3CCN(CC3)CC=C)CCC)=CC=C1	-7.6	13942	train	validation	9	217197
KUKVSYRUXLYCEJ-UHFFFAOYNA-N	S(C=1C=CC(C=2N=C3N(C2NC4CCCCC4)C=CN=C3)=CC1)CCCCCC	-8.3	272	train	train	7	225113
UVMQBLBLZBFRRF-HXTKINSTNA-N	N1=CN=C(C=2C(=C(C=3C=CC=CC3)OC21)C4=CC=CC=C4)NCCCN5C=CN=C5	-9.9	403	train	validation	2	187866
GYBADYHXHHPWEX-PVANZQSZNA-N	OC1C2=C(C=3C1=CC=CC3)C=CC(NC(=O)C=4C(C5=C(C=CC=C5)C(O)=O)=CC=CC4)=C2	-12.5	5894	train	train	0	175208
BVERGOAQAVGIGE-UHFFFAOYNA-N	C=1C=NC=2C(C1N3CCNCC3)=CC=C(C2)C(F)(F)F	-8.8	1014	train	train	6	84714
FHICUNUYPYMYTN-LELJVTLKNA-N	N1(C2=NC(=NC(NCC3=CC=CC=C3)=C2N=C1C=4C=CC=CC4)C)CC(CN(C)C)(C)C	-9.8	4976	train	train	3	21357
RMOXOSGPUZQDFU-GPQMBLKYNA-N	ClC=1C(C(=O)NC2=CC=C(N(C)C(=O)C)C=C2)=CC=C(N(=O)=O)C1	-8.8	1	train	train	6	165349
SBTPIZYWNCHNOG-UGBMRSDYNA-N	CC1(C)CC=2N3C(=C(C2C(C1)=O)C)CCNCC[C@@H](NC=4C(=CC=C3C4)C(N)=O)C	-10.4	8082	train	train	1	46319
VCBGNDQGKNIBBK-OKPOJWAQNA-N	N=1C=CC(=C2C1C=C(C(OC)=C2)OC)OC3=CC=C4C(N(N=C4NC(=O)C5=CC=CC(=C5)C(F)(F)F)C)=C3	-10.7	5769	train	train	0	20464
YCMDRFHFKJJFQF-DYWMPHMHNA-N	ClC=1SC(C(=O)N[C@H]2[C@@H](NC(=O)C=3C=CC(N4C(=O)C=CC=C4)=CC3)C[C@@H](C2)C(=O)O)=CC1	-10.2	6981	train	train	1	49750
RSAMJSDEOFTKKL-HPRFPMAVNA-N	S(=O)(=O)(N1CCC2(OCCO2)CC1)C=3C=C4C(N=CC(=C4O)C(=O)NCC(OC)OC)=CC3	-9.1	574	train	train	5	113466
KWLCAPKPQWXVPQ-YHMJCDSINA-N	S1CC2=C(NC3=C2C=C(C=C3)C(=O)O)CC1	-8.3	48768	test	test	7	234861
XTBUTYNKOMUQPA-MLBLDTCGNA-N	FC(F)(F)C=1C=C(C(=O)NC=2N=C(O)N=C(O)C2)C=CC1	-9.4	51287	test	test	4	250821
KWCVUJFPGNHRCO-QWOVJGMINA-N	O1C(=NC2=C1C=C(C=C2)C(=O)NCCCOCC)CCC3=CC=CC=C3	-8.8	12572	train	train	6	135854
ZABSOVBZDSYFEJ-UHFFFAOYNA-N	S=C(N1CCN(CC1)C2=CC=CC=C2)C3=CC(N(=O)=O)=CC=C3	-9.3	1	train	train	4	131547
BRECBJOQRORDAF-PQTQFAMWNA-N	O=S(=O)(N([C@@H](C(O)=NO)C(C)C)CCCC1=CC=CC=C1)C=2C=CC=3C(=CC=CC3)C2	-8.9	1	train	train	6	80575
PLGIXTLJKTTZCU-UHFFFAOYNA-N	S(CC=1C=C(C=CC1)C)C2=NN3C(=C(C=NC3=N2)C(=O)C)C	-9.2	335	train	train	5	248367
IZUZWABUQJOJND-YVLNATIJNA-N	C=1C(=CC=2N=C(SC2C1)NCCC3N(CCC3)C)N=C(C=4SC=CC4)N	-8.8	8627	train	train	6	105837
XZRIFKDDJMVUON-UHFFFAOYNA-N	FC=1C(N2CCN(CC2)C(=O)CCC=3OC(=NN3)C4CCCCC4)=CC=CC1	-10	46335	test	test	2	219647
ARXRALBCOGNJTH-LQFNOIFHNA-N	S(=O)(=O)(N1CCCC1)C=2C=C(NC(=O)C3=C(F)C=CC=C3)C(OCC(F)(F)F)=CC2	-9.7	1	train	train	3	166988
YBFDSFVFLYRZQC-UHFFFAOYNA-N	ClC=1C=C(CSC2=NN=C(N3C4=C(OC(=C4)C)C=C32)C)C=CC1	-9.6	17856	test	test	3	209202
GTWOHZJMQWACQH-OAQYLSRUNA-N	C1(=CC=C(C=C1)F)S(=O)(N[C@H]2CN(CC2)CCOC=3C=CC=CC3C4=CC=CC=C4)=O	-9.7	9218	train	train	3	76510
BESAIVGFDUPALL-UHFFFAOYNA-N	S(=O)(=O)(N1C(CCCC1)C=2ON=C(C2)C(=O)N3CCOCC3)C4=C(F)C=C(F)C=C4	-10.1	11401	train	validation	2	179672
MOOVDEBOWSMQOM-KZJXFRDGNA-N	O1[C@H]([C@@H](OC2=CC=C(OC)C=C2)C=C[C@H]1C3=CC=CC=C3)COC(=O)CC/C(=N/OCC[C@H]4O[C@H]([C@@H](OC(=O)C)C=C4)COC(=O)C)/C	-9.3	5453	train	train	4	17777
MNYDMFMNLHBJHR-JPMYOYEGNA-N	N1([C@H]2[C@@H]([C@H](O)[C@@H](C(=O)NCC)O2)O)C3=C(C(=NC=N3)NC(=O)C=4C=CC=CC4Cl)N=C1	-10.7	30	train	validation	0	95277
IASMHULRBQMJIC-UYBDAZJANA-N	ClC=1C=C(CSCC=2N(C(SCC(=O)NC=3SC=CN3)=NN2)C)C=CC1Cl	-8.7	779	train	train	6	1965
DXPHAPFAZQLPMH-IJWUHILENA-N	C=1(C(F)=CC=C(NC(=O)C=2N=CC(=CC2)F)C1)[C@]3(N=C(C=4N(C3)C=CN4)N)C(F)F	-10.5	10270	train	validation	1	225515
VITGJHOMOGMFKB-UHFFFAOYNA-N	O(C(=O)C1(CCN(CC1)C(=O)C=2OC=CC2C)CCC3=CC=CC=C3)CC	-9.1	51137	test	test	5	249870
YMRIBQFQMYWELA-UHFFFAOYNA-N	FCC(=O)N(O)C1=CC=C(C=C1)C=CC2=CC=CC=C2	-8.7	50834	test	test	6	247845
QJDJWZLKQZPDSQ-HCKMINDGNA-N	S(=O)(=O)(CCC(=O)NCC1=CC=CC=C1)C=2C3=NSN=C3C=CC2	-9.1	1374	train	train	5	221974
KLZFBAHGYHTUJC-PKSOQXRJNA-N	S1C(C(=O)CCC(OCC(=O)NC(=O)C=2C=CC(OC(F)F)=CC2)=O)=CC=C1	-8.4	2643	train	train	7	172519
MSPBTNSRNKJDLV-HCORYDEWNA-N	ClC1=CC=C(C(=O)NCCC(NC(=O)C=2C=CC(N(CC=3N=C4C(=NC3)N=C(N=C4N)N)C)=CC2)C(O)=O)C=C1	-10.7	1145	train	train	0	94539
XJKXWQWDRJJFSJ-JJVNEWDMNA-N	N1(C2=C(C(N)=NC(=N2)OCCC=3C=C(C)C=CC3)N=C1)C4[C@@H]([C@H](O)[C@H](O4)CO)O	-10.1	30	train	validation	2	51471
YXLYEBXIFRLICH-XBTAAFKLNA-N	S(=O)(=O)(N1CCN(CC1)CC(=O)NC(=O)NCC=2OC=CC2)C3=C(C=CC(=C3)C)C	-9.8	15647	train	train	3	139242
HIDPUXQIPCYKOU-UHFFFAOYNA-N	S(=O)(=O)(CC=1N(N=NN1)C2=CC=CC=C2)C3=CC=C(F)C=C3	-7.5	16535	train	validation	9	195375
KICCIGQOFJLKRB-SRZZPIQSNA-N	C1N(CC(C1)COC=2N=CC(=CC2)C(=O)/C=N/O)CC3=CC=CC=C3	-9	7515	train	validation	5	110915
GKMUUHYWBISGJY-PKSOQXRJNA-N	O1C(=CC(=C1C)C(=O)NC=2C=CC(N(C)C)=CC2)C3=CC=CC=C3	-8.8	15682	train	validation	6	223674
IFQHLXCLHLANDD-KKBIDQMINA-N	ClC=1N=CC(C2C3(CC4([C@@H]2CN([C@@H]4C5=CC=CC=C5)C)C3)C=6C=CC(=CC6)C(OC)=O)=CC1	-9.8	4455	train	train	3	151741
ZLUVOUVYNMZCLJ-WSTWIXMCNA-N	ClC1=CC=C(NC(=O)COC(=O)/C=C/C(OCC)=O)N=C1	-7.2	16470	train	validation	9	158044
DIBIBYKBUTWGCT-HCKMINDGNA-N	O=C1NC(=O)N(C=2N=CN(C21)CCCC3=CC=CC=C3)C	-8.9	44	train	train	6	4699
WOQDFTJKIDKKNA-XHSGNQOANA-N	O(C(=O)[C@H]1N(C2=NC(C(=C3N(C4=C([C@@]32C1)C=C(OC)C=C4)C)C(OC)=O)C(OC)=O)C(=O)COCC5=CC=CC=C5)C	-9.2	12591	train	train	5	136828
JQBFXJYOXMQKOB-PDJAEHLQNA-N	ClC1=CC(NC(=O)C2N(CCC2)C(=O)NC=3C=CC(OC)=CC3)=CC=C1C	-10.1	1	train	train	2	183788
HUQUNINRRCUIPA-UHFFFAOYNA-N	S(=O)(=O)(N(CC)CC)C1=CC=C(OC=2C=C(C=CC2)C(=O)C)N=C1	-8.4	5327	train	train	7	216220
SBSJBKYIAPWHAS-HHCXFZCSNA-N	O1C2=C(C=3C(C=C2)=CC=CC3)C=C1C(=O)N/N=C\C=4OC(C5=CC(N(=O)=O)=C(C=C5)C)=CC4	-12	41996	test	test	0	191969
XWBFUPMCVFXVGZ-UHFFFAOYNA-N	S(=O)(=O)(N1CCCC1)C=2C=CC(=CC2)C(=O)C=3N(C=CN3)C	-7.7	1617	train	train	9	142595
SCWCDACSVVCEME-YGPBECBDNA-N	N1(C(C=2N=CC=CC2C1=O)=O)NC3=CC=C(S(=O)(=O)N)C=C3	-9.4	25887	test	test	4	47380
UDOCUARDSMBGAG-QDYITYEQNA-N	FC=1C=C(NC2=NC(N3CCOCC3)=C(N(=O)=O)C(=N2)N)C=CC1	-8.5	3445	train	train	7	11744
OOEWKJHFFYCQBM-ZHACJKMWNA-N	C1=C(C(=CC=C1)C(/C=C/C2=CC=C(C=C2)C)=O)O	-8.6	1	train	train	7	8055
WYMLGCDOZHERKB-UHFFFAOYNA-N	O1C2=C(C(=C1)C(=O)C)C=C(O)C3=C2C=CC=C3	-9.4	18640	test	test	4	174059
ZHXRTLIKXPHLFS-UHFFFAOYNA-N	FC(F)(F)C1=NN(CC(=O)N=NC=2C3=C(N(CCC(C)C)C2O)C=CC=C3)C=C1	-8.7	15166	train	validation	6	259966
NYHWYWFTMUOKSQ-UHFFFAOYNA-N	O=C1N(C2CCCC2)C(=O)C(=O)N1CC(=O)C=3C(=CC(=C(C3)C)C)C	-9.5	20541	test	test	4	223101
ZKDLZLOZDAKBIO-ODZZZLLSNA-N	O(C1=CC(N(=O)=O)=C(NC(=O)/C=C/C(=O)O)C=C1)C	-7.2	11712	train	validation	9	173136
VTKWEBOJRANZOR-GPQMBLKYNA-N	OCCN1CCN(CC1)CCC(=O)NC=2C=C(C(=CC2)C)C	-8.3	1	train	train	7	180213
SWDXUDXWLCRKMA-UYBDAZJANA-N	O1C(CC2=C1N=CC=C2C=3OC=CC3)C(=O)NC4=CC=CN=C4	-9.4	11422	train	train	4	125026
WYTDPUYUSRWWCD-GGWOSOGENA-N	C(\C(=O)CC(=O)/C=C/C=1C=C(C(O)=C(OC)C1)F)=C/C2=CC(=C(O)C(=C2)OC)F	-9	1	train	train	5	50288
CYOHTHYMLPCUEI-QWOVJGMINA-N	O=C(NN=CC=1C2=C(NC1)C=CC=C2)CNC3=CC=C(C=C3)C	-9.2	19448	test	test	5	251041
SHWQSMSSKKIGRW-QWOVJGMINA-N	S=C1OC2(CCCCC2)C=3C(N1)=CC=C(C3)C=4C=C(C=CC4)C#N	-10	5940	train	train	2	40087
HOVMHIRTZYQSKM-QWOVJGMINA-N	C1CC2=CC(=C(C=C2N1C(=O)NC=3C=4C(C=CC3)=NC=CC4)Cl)C	-10.6	5440	train	validation	1	74730
FFVTZBCEZRPMKX-UHFFFAOYNA-N	S1C(CN2C1=NN=C2C=3C=CC=CC3)(C)C	-7.8	393	train	validation	8	249272
FSQVBLZNWAARMI-BFLKLDPMNA-N	O(C(=O)/C=C/C1=C(N(N=C1C)C2=CC=CC=C2)C)CC(=O)NC3=CC(OC)=CC=C3	-9.4	15045	train	validation	4	238889
WOWAIXRYIRWMBO-LQFNOIFHNA-N	O=C1N(N=C(CC1)C=2C=CC=CC2)CC(=O)NCCCN(CC)C3=CC=CC=C3	-8.9	11761	train	train	6	184734
ZFAVYDDZBIBVLJ-LELJVTLKNA-N	S(C=1N(CCC2=CC=CC=C2)C(=NN1)CC=3N(C=CC3)C)CC(=O)NC4=C(OC)C=C(OC)C=C4	-9.7	1	train	train	3	1306
NZRIVUPWBOOEBL-SFHVURJKNA-N	C=1(C=C(C=CC1C#N)N(CC2CCCCC2)[C@H]3CCN(C3)C)Cl	-8.2	9892	train	train	8	99837
WREFGJSCMBRYGB-PKSOQXRJNA-N	O=C(NC1C(CCCC1)C)C(OC(=O)COC2=CC=C(OCC)C=C2)C	-8.1	1	train	train	8	148761
GYWTWJMLENCDOF-WYUMXYHSNA-N	S(CC(=O)NCC1OCCC1)C2=NC=NC=3SC(=C(C23)C)C	-8.3	242	train	train	7	147821
VECQKJYWXFSGIZ-PKSOQXRJNA-N	O(C1=C(C(C)C)C=CC(=C1)C)CCNC=2N(C3=C(N(C(=O)N(C3=O)C)C)N2)C	-9.7	44	train	train	3	234908
MSCSUFHHHOSJNA-LBOYIXSDNA-N	O=C1N(C2=C(C(=O)N1C3=CC(OC)=C(OC)C(OC)=C3)C=CC=C2)CC(=O)NC=4C=CC(CC)=CC4	-10.8	1209	train	train	0	178410
BIVOJMIXRQHEKC-PXTFSDENNA-N	O=C1NC(=O)C2=C1C=C(NC(=O)/C=C/C3=CC=CC=C3)C=C2	-9.7	1	train	train	3	156419
LPZLXPBYWPHQNP-UYBDAZJANA-N	O=C(NC1CC(NC(C1)(C)C)(C)C)COC2=C(C=C(C=C2)C)C	-8.9	4497	train	train	6	152700
SNYPHRBZHRBBDZ-MTTPVDACNA-N	C1(N2CCN(CC2)C)=CC=C(NC=3N=CC4=C(N(C=C(C4=O)C(=O)NC)C5=CC6=C(C=C5)CCC6)N3)C=C1	-11.4	5804	train	validation	0	39905
OVTXMAFLDXKKPL-HBYOYIHUNA-N	O=C1[C@H]2C[C@]3([C@@H](C2)CCC)C(C1C)=C4C(=C3)C=C(O)C=C4	-9.1	6552	train	train	5	33512
GOVJZNXKZWKGHC-GPQMBLKYNA-N	O=C1CC(CC=2N=C(N=CC21)NC(=O)CCCC)(C)C	-7.9	623	train	validation	8	167772
USXTYTCFVHVMRS-UHFFFAOYNA-N	S(=O)(=O)(N1CCN(CC1)C(=O)COC(=O)C2=CC=C(O)C=C2)C3=C(C=C(C=C3)C)C	-10.6	1	train	train	1	239539
NPCGRBLSVKLOQW-SDRQFZCRNA-N	C1(=CC=CS1)C(N)=NC=2C=C3CCCN(C3=CC2)CCNCCO	-8	8154	train	train	8	91878
YIQMXPTWYACPKW-BEJFXJNDNA-N	C1=CC=CC=2NC=C(C[C@@H](COC=3C=NC=C(C4=CC=C5C(=C4)C(=NN5)C=6NC=CC6)C3)N)C21	-10.6	14	train	train	1	49189
OURBLFLYMVDPMA-QWOVJGMINA-N	O=C1C2=C(N(CC)C=C1C(=O)NCC3=C(OC)C=C(OC)C=C3)N=C(C=C2)C	-9.1	973	train	validation	5	162527
KYTPBHITFYEVPE-CYSPOYASNA-N	C(N(C)C1=NCCS1)C2=CSC(C(NC3=C(C=C(C=C3OC)Cl)C(=O)NC=4N=CC(=CC4)Cl)=O)=C2Cl	-9.8	3698	train	validation	3	27229
GNGTVRFLCKGIDV-UHFFFAOYNA-N	S(=O)(=O)(CN1N=NN=C1C(N2CCN(CC2)C3=CC=CC=C3)CCC)C4=CC=C(C=C4)C	-10.1	524	train	train	2	160016
DZAOCAVTPRLLJV-CHHPPJJSNA-N	O(C1=CC2=C(N=C(NCCNC(=O)NC3=CC(=CC=C3)C)C(=C2)C#N)C=C1)CC	-8.9	36309	test	test	6	155324
JUKCYZXTVTZQHD-QWOVJGMINA-N	S(C=1C=C(O)N(C1O)C2=CC=C(C=C2)C)C3=C(C=CC=C3)C(O)=O	-8.9	17843	test	test	6	239123
UGBVQJDTOZWKNQ-DHZHZOJONA-N	BrC1=CC=C(/C=C/C(=O)C=2C=C3CCCCC3=NC2C)C=C1	-9.5	3845	train	train	4	161999
KLYAHHMPTBLZBC-MPIMZMORNA-N	S(=O)(=O)(NC=1C=CC(=CC1)C)C2=CC=C(CCC(=O)NCCCOC(C)C)C=C2	-8.2	1	train	train	8	232992
WVIWIPNKRQRVAY-UHFFFAOYNA-N	S(=O)(=O)(N1CCCC1)NC2=CC=3OC=4C(C3C=C2OC)=CC=CC4	-9.3	18674	test	test	4	174583
MXWGKWRQLRKZLP-KGRLITRENA-N	C=1C(=CC(=CC1)OC)/C=C/C(NC=2C=C3C(N=CN=C3NC=4C=C(C=CC4)Cl)=CC2)=O	-9.8	6	train	train	3	91302
MTSIVFAGRJZCFZ-QWOVJGMINA-N	S(O)(=O)(=O)C=1OC=2C=3C(=C4C(C(CC=C4)(C)C)=CC3)C(O)=C(O)C2C1C	-9.8	24339	test	test	3	21265
WAIYNXAKMNBIEN-PKRZOPRNNA-N	C=12N(C(=O)N(C(C1N=C(N2)C3=CC(S(N4CCN(CC4)C)(=O)=O)=CC=C3OCC)=O)C)CC5=CC=C(C=C5)OC	-10.4	44	train	train	1	63843
QNCUCYDBAFMEDO-OAQYLSRUNA-N	S(=O)(=O)(NC=1C=CC=CC1)C2=CC=C(CCNC[C@@H](O)COC3=CC=CC=C3)C=C2	-7.9	5394	train	train	8	34235
DYWAGJFJOGHVDP-UHFFFAOYNA-N	S1C(C2N3C(CCC3)C(=O)N2C4=CC=C(F)C=C4)=CC=C1	-7.8	757	train	train	8	226370
LUOZJHJEAPHYNG-UHFFFAOYNA-N	O=C1CC(CC(=NC2=C(OC)C=C(OC)C=C2)C1C(=O)CCC)(C)C	-8	15483	train	train	8	162865
YOVRRAIKWUSKHH-BYOGEGPXNA-N	C1(C(N2[C@H](C(NCC=3C(=CC=C(C3)Cl)CN)=O)CCC2)=O)(C=4C(=CN=CC4)C=5C1=CC=CC5)O	-9.9	8599	train	train	2	55327
VXZBWZJKXSULAD-PKSOQXRJNA-N	BrC=1C=C(S(=O)(=O)N2CCC(CC2)C(=O)O)C=3N(CCC3C1)C(=O)C	-8.8	1	train	train	6	187393
ODYSAWYGZWJOPM-WVSMBGIHNA-N	P(=O)(N[C@@H](C1=CC=CC=C1)/C=C(/CCCC)\C)(C2=CC=CC=C2)C3=CC=CC=C3	-9.6	2906	train	train	3	8146
AKDWJKHIBCIRSA-ZVNAXFNBNA-N	S1C2=CC(NC3=NC(NC(C4=CC=CC=C4)(C)C)=NC(OC)=N3)=CC=C2N=C1	-9.7	7338	train	validation	3	82582
HNNVFEZYLHUIIP-WXRBYKJCNA-N	O(C(=O)CN1C=C(C(=O)NC1=O)C#N)CC	-6.2	12446	train	train	9	146230
TXGRISIEDLFKEV-RRMXCTCONA-N	S1C(/C=C/C(=O)NC2=C(C=CC=C2)C)=CC=C1N(=O)=O	-8.4	3386	train	train	7	251848
JESLSXLWIAVEJK-MPIMZMORNA-N	O1C(C(=O)NC2=CC=C(C=3N4CCCCCC4=NN3)C=C2)=CC=5C1=CC=CC5	-9.9	3709	train	train	2	221146
ILRPXOVXKMQNNC-UHFFFAOYNA-N	ClC=1C(C(=O)CCN2CCN(CC2)C(=O)C)=CC=C(OCCCCCC)C1	-8.3	1	train	train	7	105318
WDAYAPRIMAUUQD-ZRIOWSNCNA-N	O[C@]([C@H]1CN(CCC1)C(=O)[C@H]2C[C@@H](N)CC2)(CCCCOC)C=3C(OC=4C(=CC=CC4)C)=CC=CC3	-9.5	6681	train	train	4	62878
FOUNLCJURJAXNI-WXRBYKJCNA-N	O1C(N2C=CC(NC2=O)=NC)CCC1	-6.4	30	train	validation	9	187733
COQBQFMVUINETO-ZYMSVLFVNA-N	O(C(=O)C1CCN(C(C=2N(N=NN2)C3CCCCC3)C4=CC=5C(N=C4O)=C(C=CC5C)C)CC1)CC	-10.9	291	train	validation	0	241766
LJSUJSMDBKUUDU-SELKBFNUNA-N	FC1=CC=C(C=2N(C(C(C)C)=CC2C=3C=CN=CC3)/C=C/[C@@H](O)C[C@@H](O)CC(OC)=O)C=C1	-8.7	4764	train	validation	6	107177
LDVMGQIHEPYHJY-QWOVJGMINA-N	S1(=O)(=O)CC(NC(=O)COC(=O)C2=NN(C(=O)C3=C2C=CC=C3)C4=CC=CC=C4)CC1	-10.4	33580	test	test	1	137945
AAXDSXQOIOVALR-ORVKFNBTNA-N	C=1C=C(C=2OC(C(=CC2C1)C=3N=C(N(C3)C=4C=C(C=CC4)C(O)=O)S)=O)O	-10.1	8551	train	train	2	82972
JEJQCXCBSIHCGU-KRIMEHBDNA-N	C=12N(C=NC1C(NCC=3C=CC=CC3)=NC(=N2)NC[C@H](O)C)C(C)C	-9	30	train	validation	5	106070
HRMARNOJYFWXGT-ZUNWRATANA-N	O=S(=O)(C=1SC(NC(CC=C2[C@@H](C[C@@H]([C@@H]2C/C=C\CCCC(=O)OC(C)C)O)O)=O)=NN1)N	-9.3	89	train	validation	4	73591
FWDAYXAKOSSOOQ-LKHHGCNMNA-N	S(C=1N2C(=NC(CCC(=O)NCC=3C(OC)=CC=CC3)=C2O)C4=C(N1)C=CC=C4)CC(=O)NCCCOC	-8.7	624	train	train	6	178475
DWKBKUNIDLQDHN-LELJVTLKNA-N	S1C2=C(N3C1=NC(=C3)C4=CC=C(C=C4)C)C=CC(=C2)C(=O)NCCCC5=CC=CC=C5	-10.1	2449	train	train	2	166863
RTEURRPWXUTETQ-PKYUOEKRNA-N	O=C1N(C(=O)N2[C@]1(C=3NC4=C(C3CC2)C=C(OC)C=C4)C)[C@@H](C)C(=O)NCC5=CC=C(OC)C=C5	-10.8	1	train	train	0	191118
AFNYFISVDKGQHJ-XDHOZWIPNA-N	N(/N=C(/C=1N=CC=CC1)\C)C=2C=3N=CC=CC3C=CC2	-8.8	45510	test	test	6	214529
WGHHMJYYTSTHLA-UHFFFAOYNA-N	S1C2=NC(N(CCOC)C(=O)C2C(=O)C3=C1C=CC=C3)=C4CCCCC4	-9.4	1682	train	validation	4	152540
HIDYNFFNKYESOB-SBOGWQBYNA-N	[C@]1(C(=O)OCC)(C2=CC(OCC=3C=C(N=C4C3C=CC=C4)C)=CC=C2)[C@@H](C1)C(=NO)O	-9.7	8536	train	train	3	78288
QWKLPYKAPOTHHS-UMZFSCSYNA-N	S1C(NC(=O)C=2C=CC(F)=CC2)=NN=C1/N=C/C=3OC=CC3	-9	50363	test	test	5	244876
BPQFBIOMKSUYNQ-UHFFFAOYNA-N	S1(C2=C(C=CC(=C2)C(=O)C)OC3=C1C=CC(C(=O)C)=C3)(=O)=O	-9.1	27721	test	test	5	80723
ARKDCMITHCDUHI-ABRSGTRQNA-N	S(=O)(=O)(N1CCOCC1)C=2C=C(NC(=O)COC(=O)/C=C/C3=CC=CC=C3)C(N(CC)CC)=CC2	-9.4	1	train	train	4	184114
CADDPQYEWFXFGA-UYBDAZJANA-N	O1C=2C=C(CNC=3N=CN=C4N(N=NC43)CC5=CC=CC=C5)C=CC2OC1	-10.3	412	train	train	1	229510
KTRRTVZNBWZJNR-UHFFFAOYNA-N	N=1N(C(=O)COC1C=2C=CC(OCC=3C=CC(N(=O)=O)=CC3)=CC2)CCC#N	-9.8	8973	train	train	3	112324
SUMUCICLJUSCTF-UHFFFAOYNA-N	S(C=1N(CCC)C=CN1)CC(=O)N=C2C(N(N(C2=O)C3=CC=CC=C3)C)C	-8.2	933	train	validation	8	156398
XJHKIHWUNMWGFZ-HWHDIUAINA-N	C=1(C2=C(C(=NC1)NC(C)C)C3=C(N2)C=CC(=C3)F)C(N)=O	-9.7	7610	train	train	3	51583
OYJORASQBXOOJA-SREBMQDQNA-N	S(C1=NC(=C(N=N1)C2=CC=C(OC)C=C2)C3=CC=C(OC)C=C3)CC(=O)NC4=CC(=CC=C4)C(F)(F)F	-10.2	1662	train	validation	1	216167
BBEMKVFAEGRKLG-XMHGGMMENA-N	O=C\1N(C(=O)C2=C(/C1=C\NC3=C(OC)C=C(OC)C=C3)C=CC=C2)C=4N=C(C=CC4)C	-10	1453	train	validation	2	178280
ILNMDLROHQLWIV-GPQMBLKYNA-N	N1=C(N=C(NC)C=2C1=CC=CC2)C3=CC=C(N(C)C)C=C3	-9	6	train	train	5	18376
BPCNGVCAHAIZEE-UHFFFAOYNA-N	P(=O)(C1C(CCC(C1)C)C(C)C)(C2=CC=CC=C2)C3=CC=CC=C3	-8.8	50900	test	test	6	248284
RUKYXLWMWLXSFN-UONOGXRCNA-N	S1(=O)(=O)N[C@@H](CC(C)C)COC=2C1=C(N3[C@H](CCC3)CO)C=CC2	-7.9	11188	train	train	8	256195
ZOERAANOXICVOO-PKSOQXRJNA-N	S1C=C(N=C1NC2=NC=CC=C2)C(N)CC3=CC=C(F)C=C3	-8.6	15548	train	train	7	240947
CVVMGGDLCRBXPV-OVLUBNKSNA-N	O=C1N=C(NN=C1C=2C=CC=CC2)N/N=C\C=3C=C(C=CC3)C	-9.5	50888	test	test	4	248213
HSWKOBISGMUSTR-QQYWGXKINA-N	N1(CCOCCOCCOCCOCC=2N=NN(C2)CCF)CCN(C3(C(NC(=O)NC3=O)=O)C4=CC=C(C=C4)OC=5C=CC=CC5)CC1	-8.6	8963	train	train	7	74165
AGEXKFKWBVZZBT-UHFFFAOYNA-N	N1(C(N(CCC)C2=C(N(C(C3=CC=C(C=C3)OCC(N4CCN(CC4)C5=CC=CC=C5)=O)=C2)C)C1=O)=O)CCC	-9.5	4171	train	train	4	82193
ZCKJJEAXMUMRLO-UHFFFAOYNA-N	C(C(C=1C=CC(OCC=2C=CC=CC2)=CC1)=O)(CN(C)C)CSC3=C(C(=O)OC)C=CC=C3	-9.1	9721	train	train	5	56995
ZKUCDTSBSGFVMM-UHFFFAOYNA-N	O1C=2C(N(C1=O)C(OC)=O)=CC=CC2	-7.2	16940	train	train	9	172644
LRFNMAKOTZSBFP-BNWWFAGPNA-N	O=C1C=CC=CN1C=2C=C(F)C(=CC2)NC(=O)CN3[C@H](C(NCC4CC4)=O)C[C@H](C3)NC(=O)C5=CC=C(S5)Cl	-10.7	9938	train	train	0	109680
HJGFYEXHYLXQIW-UYBDAZJANA-N	FC1=CC=C(CNC=2N(N=C(N2)C=3C=CC(=CC3)C)C(=O)C)C=C1	-10	528	train	validation	2	13276
FLRTUTCEBWFJHR-PDJAEHLQNA-N	O=C1NC=2C(C1(C)C)=CC=C(C2)C=3C=C(C(=O)NC4CC4)C=CC3C	-9.6	5684	train	train	3	72723
RINDWKCBWYZRSG-HPRFPMAVNA-N	N1(CCC2=C(C1=O)NN=C2NS(C3=CC=CC=4C3=CC=CC4)(=O)=O)C5CCNCC5	-11	8745	train	train	0	45251
ALSJBAWHMVUTOU-UHFFFAOYNA-N	S1C(=NC(=C1)C2=CC=CC=C2)C=3N(C=4C(N3)=CC=CC4)C	-8.7	5827	train	validation	6	21266
HAYFZWPGYOEOCC-UHFFFAOYNA-N	ClC=1SC(S(=O)(=O)N2CCN(C=3C(OCC)=CC=CC3)CC2)=CC1	-8.4	1	train	train	7	129238
CANMFTOYTYGVPU-YBEGLDIGNA-N	N1(C(=CC=C1C=2C=CC(=CC2)/C(=N\O)/C)C#N)C	-8.3	7098	train	train	7	88695
PPSCTBYWECXJJB-LILDFLRNNA-N	S(=O)(=O)(NC)C=1C=C(C=CC1)C(OCC(=O)NC2=C(F)C=CC=C2)=O	-8.6	1	train	train	7	211315
DQRFYZHSCPBJSJ-CATZCVBWNA-N	O1C=2C(C=C(C1=O)C3=CC=C(OC)C=C3)=CC=C(OCC(=O)NCC4CCC(CC4)C(O)=O)C2	-9.7	1	train	train	3	14828
JPKDFYYSRDZYIY-DUMDQNPKNA-N	C=1(N(N=C(C1)C(F)(F)F)C=2C=C3C(=NOC3=CC2)N)C(NC4=C(C=C(N5C(=NC=C5)CN)C=C4)F)=O	-11.2	6453	train	train	0	28872
LXQBMPWGJWJKRK-UCQKPKSFNA-N	C1=2/C(/OC=3C(C1=CC=C4C2C(=CC(N4)(C)C)C)=CC=CC3)=C/C=5C=CC(=CC5)Cl	-11.6	5879	train	validation	0	109073
FPQAOKWQGQNEHI-UYBDAZJANA-N	S(=O)(=O)(NCC(C)C)C=1C=CC(NC(=O)C2=NC=C(N=C2)C)=CC1	-8	1	train	train	8	141693
PTXZAYDCYHSSEH-QJLSXHJRNA-N	C1(=C(C=2C=C(C(=N)N)C=CC2N1)CC3=CC=CC=C3)C4=C(C(Br)=CC(=C4)C)O	-10.6	6458	train	train	1	27397
LMYSNFBROWBKMB-UHFFFAOYNA-N	C1=CC(=CC(=C1O)O)CCN(CCC)CCC	-7	1	train	train	9	141342
YMXIURPEHGMBJK-HCKMINDGNA-N	BrC1=CC=C(OC(C(=O)NC=2C=CN=CC2)C)C=C1	-7.9	1484	train	train	8	160050
KPFLEBLKPACTAX-UHFFFAOYNA-N	C12=C(CN(CC1)CCCC3=CC=CC=C3)CCC=4C2=CC=CC4	-9.7	7438	train	train	3	110298
RHMYDNJGDDOJGM-UHFFFAOYNA-N	O1C(C(=O)N(CC(=O)N2CCCC2)C=3C1=CC=CC3)CC	-7.8	255	train	validation	8	113681
AWHDJCHZERHUQO-UHFFFAOYNA-N	FC(F)(F)C1=CC=2NC(C(O)(C)C)=C(C2C=C1)C	-8.6	1	train	train	7	148491
CJXSSUXBROLLDR-UHFFFAOYNA-N	O(CCCCC#C)C=1C=CC2=C(C1)CC(C(O2)=O)=NC(C)=O	-7.8	2778	train	train	8	89701
MEAHBJZHTOKGMH-OUKQBFOZNA-N	N1(C=2C(N=C1/C=C/C3=CC=CC=C3)=CC=CC2)CC	-8.1	3588	train	train	8	147258
BYFBIHGWAJPFIB-UHFFFAOYNA-N	C1C2(C3=CC=C(C(=C3)C(F)(F)F)F)C(CN1CCCSC4=NN=C(C5=C(N=CO5)C)N4C)C2	-10.5	5949	train	validation	1	31558
FLJJZNKFQDCMEI-WYUMXYHSNA-N	ClC1=C(NC(=O)CSC=2OC(=NN2)CCC)C=CC(Cl)=C1	-7.9	260	train	train	8	115487
KVWDCSJFVIPRLD-UHFFFAOYNA-N	O=C(N1CC(CC(C1)C)C)C2=C(NCCO)C3=C(C=C2)C(=O)C=4C(C3=O)=CC=CC4	-10.3	1950	train	train	1	165922
MFEDHMSIAWGIGY-UHFFFAOYNA-N	O(C=1C(CN2C=3C(N=C2C)=CC=CC3)=CC=CC1)C	-7.9	593	train	validation	8	243914
BXQXCGJXAWOXHN-FHCXPCTRNA-N	N1=C(C=C(C=C1N)C)CO[C@@H](COCC=2N=C(C=C(C2)C)N)CCN	-7.9	8956	train	train	8	88366
GJSHFUUWCIJTQP-UHFFFAOYNA-N	O=C(N(C=1NC=C2C(=NC3=C2C=CC=C3)C1C#N)C(=O)C)C	-9.2	27129	test	test	5	70038
DNWSIJGWNXTJCR-BDGWVKIONA-N	FC1=CC=C(CNC(=O)COC(=O)C=2C=C(NC(=O)C)C=CC2)C=C1	-8.8	1	train	train	6	259170
AKAQZGZSUZZIOB-YAQRNVERNA-N	O=C1N(CCCC)C(=N)C(NCC(C)C)C(=O)N1	-6.3	3813	train	validation	9	170244
QMXKCUUIANQKMM-UYBDAZJANA-N	S(C=1N(CCCOC)C(=NN1)C=2OC=CC2)CC(=O)NC3=NC(=CC=C3)C	-8.2	393	train	validation	8	2925
GMBFLILQMXUKGZ-UYBDAZJANA-N	S1C2=C(N(C(=O)N(CC(=O)N3CCCCC3)C2=O)CC(=O)NCCCOC)C=C1	-7.9	247	train	validation	8	167354
MZHMVWMBMDXKDS-SAPNQHFANA-N	S1C(C(O/N=C/2\CCCC=3C2=CC(OC)=CC3)=O)=CC=C1	-8.5	50276	test	test	7	244315
LDVKUCOYIYOZMV-QWOVJGMINA-N	O1C=2C(=C(C=CC2C(=O)C=C1C(=O)NC3=CC=C(C=C3)C(OCC)=O)C)C	-9.8	1	train	train	3	22905
RAMXOWYQPCDTJW-HCKMINDGNA-N	S(CC(=O)NC(C1=CC=CC=C1)C)C2=NC=CC=N2	-7.6	38539	test	test	9	169294
SASMOPOIRXAUAD-VCHYOVAHNA-N	S1N=C2C(/N=C/C3=C(O)C4=C(C=C3)C=CC=C4)=CC=CC2=N1	-10	25669	test	test	2	43190
XIGSWLZGUARZJY-BQIXMOPBNA-N	N1(C=C(C2=CC(=CC=C12)F)/C=C/3\C(NN=C3C4=NC=CN=C4)=O)C	-9.3	8304	train	validation	4	51545
WHVVYJMMSURQBV-XQSZYCACNA-N	O(C(=O)[C@@]12C[C@H](C(=O)N(C1=CCCCC2)CCCCCCCC)CC(=O)NCC#C)C	-8	11219	train	train	8	137069
RVWRVVJZXSWDBY-UHFFFAOYNA-N	ClC=1N=CC(S(=O)(=O)N2CCC(CC2)C(OCC)=O)=CC1	-7.5	5327	train	train	9	258177
YBXQCNXYDMBDOO-LELJVTLKNA-N	OC(N(CC(C)C)C1C(N(CCCC)C(=O)NC1=O)=N)C2=CN(C(O)=C2)C3=CC=C(C=C3)CC	-9.3	15552	train	train	4	147751
HZWRPKLEAWRGDV-LELJVTLKNA-N	S(=O)(=O)(N(CC1=CC=2C(N=C1O)=CC=CC2)CC3=CC=CN=C3)C4=CC=C(OC)C=C4	-9.9	613	train	train	2	126992
HUNTUYGOSLDWGM-LELJVTLKNA-N	S1C2=C(N3C1=NC(=C3)C4=CC=C(F)C=C4)C=CC(C(=O)NCCCN5C(CCCC5)C)=C2	-9.4	2449	train	train	4	123385
WTPPZCVJWVFJFY-MJHPXVFFNA-N	O=C(NC(CC)(C)C)C(N(C1=CC=2OCCOC2C=C1)C(=O)CCC(=O)NC3=NOC(=C3)C)C4=C(OC)C(OC)=CC=C4	-10.2	557	train	train	1	160736
OUGIDAPQYNCXRA-UHFFFAOYNA-N	O1C2=C(C=3C(C=C2)=CC=CC3)C(=O)C=C1C4=CC=CC=C4	-10.1	31	train	train	2	14425
BSVDZTKXCGQIBQ-PJQSKVNONA-N	S(C1=NN2C(=NN=C2C=C1)CCNC(=O)C=3C=CC=CC3)CC(=O)NC4=C(C=C(C=C4C)C)C	-10.8	11265	train	train	0	123274
ALUVOKDKZXZDMM-VFJUAZQKNA-N	C1(=CC(F)=C(C=C1F)C[C@H](CC(N2[C@@H](C(NCC2)=O)CN(C)CC)=O)N)F	-9	1	train	train	5	84245
RDYSOOSJWUMMMG-RKEVYGCQNA-N	S(=O)(=O)(N1CCC(CC1)C(=O)N[C@@H](C(C)C)C(=O)NCC=2OC=CC2)C3=CC=C(C=C3)C	-9.6	1	train	train	3	190796
DUPIDHLQYAARAM-ACIDLTHQNA-N	C=1(C=CC(NC=2N=C(N(C3=CC=C(C=C3OC(C)C)F)C(OC4=C(C=CC=C4C)C)=O)C=CN2)=CC1)N5CCN(CC5)C	-9.2	5310	train	train	5	21123
ITPLSHIIUNZMMD-GPQMBLKYNA-N	ClC=1C=C(NC(=O)C=2N=COC2C=3OC=CC3)C=CC1OC	-8.3	14599	train	validation	7	205512
VNMFLSUEYXEXKE-WYUMXYHSNA-N	S1C=C(C2C3=C(NC(=O)C2)C=C4OCCOC4=C3)C=C1	-8.8	881	train	train	6	194619
FRQZZZMNFZPPFC-PXJZQJOANA-N	C1CNC[C@@H]([C@]1(C=2C=CC=C(C2)Cl)O)C(N(C3CC3)CC4=CC(=CC(=C4)OCCOC)CCCOC)=O	-8.9	6433	train	validation	6	69350
ZERULFNGSDSXQC-UFWORHAWNA-N	ClC1=CC(/C=N/C=2SC3=C(C2C#N)CCN(C3)C)=C(O)C=C1	-8.6	15710	train	train	7	203905
KGILQDBAQIPZBT-PDBGNUNENA-N	C=1C=C(C=CC1C(F)(F)F)C2=CC=C3C(=C(C=NC3=C2)C(=O)N)NC=4C=CC=CC4	-11.1	1432	train	validation	0	111069
QHAGQKMFCQUTHF-CUNFQGHENA-N	O=C(NC=1C2=NC=CC=C2C=CC1)CCCC(=O)O	-7.8	14932	train	train	8	141745
JKFKXWSMMXBUFA-JSMLWRLINA-N	C(C1=C(C=CC=C1)N(C(=O)C(=O)O)C=2C=CC(=C3C=CC=CC23)CCC(=O)NCCCCOC=4C(=C(C=CC4)O)C(=O)OC)(=O)O	-9.6	7930	train	train	3	102661
HTLZCOHYNKOERW-PKRZOPRNNA-N	O=C(NCC1=CC=C(C=C1)C)C2CCCN(C2)C3=NN=C(C=4C3=NN(C4C)C5=CC=C(OC)C=C5)C	-10.7	5045	train	train	0	138957
WPTYZVJBIIDNMY-MPIMZMORNA-N	ClC1=CC=C(CN2CC(CCC2=O)C(=O)NCCC3=NC(=CC=C3)C)C=C1	-9.4	1	train	train	4	192281
FVFQBVARJKOEFR-CMJFTGLXNA-N	S=C(NNC(=O)C1=CC=2N=C(N(C2C=C1)CC)C)NC3=CC=C(F)C=C3	-9.5	4394	train	validation	4	113830
LVKGEKFNCBTKTM-AYDZMWSVNA-N	C=1C=2C(C=3C4=C(C(=O)N[C@H](C)CN4)SC3C1)=CC=C(N2)C5=CC=CC=C5	-10	8412	train	train	2	108459
WDVQMWDSGDTYIB-XRJCTRHONA-N	FC1=NC=CC=C1C2=CC(C3(N=C(N4C3=NCCC4)N)C5=CC=6OCCOC6C=C5)=CC=C2	-12.6	6952	train	train	0	62981
FLJCTVXOYVKNPJ-NDKGDYFDNA-N	S(=O)(=O)(N1CCC(CC1)C(=O)NCCOC)CCC	-6.5	394	train	train	9	230447
PYSQLZNIQXAINI-LQFNOIFHNA-N	O=C(N(C(C1=CC=CC=C1)C(=O)NCCOC)CCCC)CN2N=NC=3C2=CC=CC3	-8.6	540	train	validation	7	6109
REKDZVPMPMRJAU-PEHXTLFGNA-N	O(C1=C(OC)C=C(C=C1)/C=C/C(OCC(=O)NC(=O)NC(C)C)=O)CC#N	-7.9	3438	train	train	8	251464
KAZJOTVLXJMHQU-HCKMINDGNA-N	O(NC(=O)C1=CC(=CC=C1)C)CC2=CC=C(C=C2)C	-8.6	17942	test	test	7	197802
NWLZTRQTHJOXCC-XBTAAFKLNA-N	S=C1N(C(CC(N1)(C)C)C)CCCC(=O)NC=2C=CC(C(C)C)=CC2	-8.9	15893	train	train	6	197321
GRGCXORMKXVICK-UHFFFAOYNA-N	O=C(C1=C(N(N=C1C(OC)=O)C2=CC=CC=C2)C3=CC=CC=C3)C4=CC=CC=C4	-9.2	2966	train	train	5	211480
HYYPSAJXIATNLJ-UHFFFAOYNA-N	S1(=O)(=O)N(CC(=O)N(C2CCCCC2)CC)C(=O)C3=C1C=CC=C3	-8.6	362	train	train	7	183238
LGUMIBZFRCAMKL-HLFXFWDMNA-N	N1(C(=NC=2C1=CC=C(OC3CCN(CC3)C(=N)C)C2)CC)C/C(=C/C4=CC(N)=CC=C4)/C	-11	6777	train	train	0	108111
GVSWJYMLOVDBIR-UHFFFAOYNA-N	O=C(N1CC(N(CC1)C=2C=C(C=CC2)C)C)C3=NOC4=C3COC5=C4C=C(C=C5)C	-11.2	6316	train	validation	0	140230
CMUOZLZRAHPTCD-TWVDLCMLNA-N	C(C(F)(F)CN)([C@@H](NC(=O)CCC([C@@H](NC(=O)CC(C)C)CC1=CC=C(C=C1)OC)=O)CC2CCCCC2)=O	-8.4	14775	train	train	7	222146
JUVSFLKQLLWIKQ-ZGQWZVPSNA-N	C(C1=CC(C(F)(F)F)=CC=C1CN(CCOC(C2=CC=C(N=C=O)C=C2)=O)CCCC3=CC(OC(C(=O)O)(C)C)=CC=C3)(F)(F)F	-10.2	24529	test	test	1	23234
YVZSCJHEMPRIEE-MPIMZMORNA-N	C1N(C(NC=2C=CC(=CC2)Cl)=O)CC(C=3C=CC=CC3)(CCCO)CC1	-9	6813	train	train	5	33256
WNTFHGJNOCHBRV-HCKMINDGNA-N	O=C1C=2C(C=3C1=CC(N(=O)=O)=CC3)=C(NC(OCC)=O)C=CC2	-9.2	46843	test	test	5	222854
JQLSHAWXMXDQLE-OPICFXMUNA-N	S(=O)(=O)(C1=CC=C(N2C(=NN=C2C=3C=CC(=CC3)OC)S)C=C1)N	-8.6	179	train	train	7	101904
YLDDJNSEZPRMKF-LBOYIXSDNA-N	O1C2=C(N(C(=O)N(CC3=CC=4OCOC4C=C3)C2=O)CC(=O)NC5=C(C=CC=C5)C)C=6C1=CC=CC6	-11.8	247	train	validation	0	165887
MSJQTTVZQOXWII-LNNLXFCONA-N	S1C(N2CCCCC2)=NC(O)=C1CC(=O)NC3=CC(C(=O)N4CC(CC(C4)C)C)=CC=C3	-10	710	train	train	2	178129
UBPPSOBNDLDLMY-WYUMXYHSNA-N	ClC1=C2C(N=C(C=C2)C)=C(OCC(=O)O)C(Cl)=C1	-7.2	3348	train	train	9	123102
XYQLZFGNBLPSGG-LQFNOIFHNA-N	S1C(NC=2N=C(N3CCOCC3)N=C(N4CCOCC4)N2)=NC(C5=CC=CC=C5)=C1	-9.6	21849	test	test	3	5148
CJINCZOBTJIWBI-XPUMXWHVNA-N	C=1C=C(CN(CC=2C=C(C(=CC2)NC(C(O)=O)=O)C(O)=O)S(C3=CC=C(OCC(=O)O)C=C3)(=O)=O)C=CC1C=4N=NSC4	-9.9	28264	test	test	2	89637
SHOARIJLYFPYLQ-UYBDAZJANA-N	ClC=1C(C(=O)NC2=CC(C(=O)N3CCCC3)=CC=C2)=CC=CC1	-9.1	1	train	train	5	179450
QFJUYMMIBFBOJY-HNYUBOPANA-N	O[C@H]1[C@H]2[C@]([C@]3(C([C@@]4([C@@H]([C@@H](O)C3)C([C@@H](O)CC4)(C)C)C)C1)C)(CC[C@@H]2[C@]5(OC(CCC5)(C)C)C)C	-9.8	72	train	train	3	236514
HIPBGCPWCWSPBD-UHFFFAOYNA-N	O=C(N1CCN(CC1)C2=CC=C(OC)C=C2)COC(=O)C3=C(NC)C=CC=C3	-9.4	15384	train	train	4	155471
NJIXLADEKIZCCF-MPIMZMORNA-N	O1C(CN(C2=C1C=CC(=C2)C)C(=O)NC3=C4CCCCC4=CC=C3)CC	-10.3	1768	train	train	1	123913
ULLKZKQJXJRTMU-UHFFFAOYNA-N	O1C(CN2N=NN=C2C(N3CCN(C4CCCC4)CC3)C5=CC=CC=C5)=CC=C1	-9.6	291	train	validation	3	234548
IRRUMAHLWIUQQB-UHFFFAOYNA-N	FC=1C=C(CN2C(C=CCN(CC(C)C)CC2=O)C3=CC=C(OC)C=C3)C=CC1	-9	4796	train	train	5	185551
XTNQTRGVYBQXLK-UHFFFAOYNA-N	OC(C1=NC=CC2=C1C=CC=C2)C3=CC=CC=C3	-8.8	18736	test	test	6	175606
SGUNZTOZXBKCNG-YGPBECBDNA-N	ClC=1C=C(CN2C(=O)N(C(=O)C2=O)CC(=O)N)C=CC1	-7.8	509	train	train	8	148262
IVHLLLANKSUTQN-QWOVJGMINA-N	N1(CCCCC1)C2=NC(NC(C3=CC=CC=C3)C)=C4C(=N2)C=CC=C4	-9.7	6	train	train	3	6936
PCKHVSFIAUCJDO-UHFFFAOYNA-N	C=1(NC(C2=CC=C(C=C2)F)=CC1C=3C=CN=CC3)C=4C=CC=CC4	-9.6	5114	train	train	3	96562
OBEJISAWFMGQOW-SREBMQDQNA-N	N1C2=C(C=3C1=CC=C(C3)F)CCC(C2)CN4CCN(CC4)C=5C6=C(C=CC5)N=C(O6)O	-12.6	9716	train	train	0	98854
GKWJSRQTWWTGPA-WKAABZQDNA-N	O(C=1C2=C(N=C(O)C(=C2)CCNC(=O)COC3=CC=CC=C3)C(OC)=CC1)C	-8.8	275	train	validation	6	547
BVFMRMYKLFNXLT-LILDFLRNNA-N	N(C=1C=CC(C(CC)C)=CC1)C2=NC=CC=C2C#N	-7.5	11824	train	train	9	220478
MQGUBJUOTPLZMD-UHFFFAOYNA-N	C1=C(C=CC(=C1)C(CSC2=NN=C(S2)C)=O)C(F)(F)F	-8.6	3242	train	train	7	95559
MVJMMLFMPWITEJ-PJXJJTHHNA-N	BrC=1C(=NC(NC=2C=C(S(=O)(=O)N)C=CC2)=NC1)NC=3C=CC(OCC#N)=CC3	-10.1	21228	test	test	2	1516
JJSCBORKRKWOAV-NPVYFSBINA-N	S(=O)(=O)(NNC(=O)CCC(=O)NC1=C(C=C(C=C1)C)C)C2=CC=CC=C2	-9	2871	train	train	5	8065
DOWXZZSUMGTRPB-UYBDAZJANA-N	S(CC(=O)NCC=1SC=CC1)C=2N=C(C=3OC=CC3)C=C(N2)C(F)(F)F	-8.7	522	train	train	6	234052
MPEWBQGQTXTTNN-GPQMBLKYNA-N	S(C=1N(C2=CC(F)=CC=C2)C=CN1)CC(=O)NC3=NOC(=C3)C	-8.8	12063	train	train	6	180754
PSUJEUSCHQUVEU-YAQRNVERNA-N	S(=O)(=O)(NNC(=O)C=1C=CN=CC1)C2=CC=C(C=C2)C	-8.4	15239	train	train	7	243598
XFZFPVIRKCQASA-UHFFFAOYNA-N	ClC=1C=CC(C=2ON=C(N2)C=S(O)(O)=CC=3OC=CC3)=CC1	-8.7	37737	test	test	6	164341
XWEJJNXHDDHVPJ-JFPRRARJNA-N	S(=O)(=O)(N(C[C@H]1OC=2C(C(=O)N(C[C@@H]1C)[C@@H](CO)C)=CC=CC2NC(=O)NC3CCCCC3)C)C4=C(ON=C4C)C	-10.2	5379	train	train	1	254074
WYDAUCJRTJIUBM-YDDJAZEHNA-N	O=C(O)C1C2CC(C1C(=O)NCC=3C(=NN(C3)C)C)CC2	-7.6	13954	train	train	9	173051
DOTYCWXTUKFRHZ-MPIMZMORNA-N	N1(CC2CC2)C(N(C=3N=C(NC3C1=O)C4=CN(N=C4)CC5=CC=CC(=C5)F)C)=O	-10.8	44	train	train	0	86732
RYKHXKKLCRPAJP-JSGPKCTENA-N	C1=CC(=CC=C1S(N)(=O)=O)CCO	-6.8	1	train	train	9	44532
LDVHYJKRIKBISQ-UHFFFAOYNA-N	O=C(CC=1C2=C(NC1)C=CC=C2)C	-7.1	1	train	train	9	135773
GGULFOKMDYFZLP-SWEREUTONA-N	S(C1=CC(C(N[C@@H](CC(O)=O)C(=O)CNCC=2C(F)=CC=CC2F)=O)=CN=C1)(NC3CC3)(=O)=O	-9.7	7627	train	train	3	69689
ZKOCECUAKBYWRU-ILZJZCQSNA-N	O[C@]1([C@@]2([C@H]([C@H]3[C@H]([C@@H](O)C2)[C@@]4(C(=CC3)CC(=O)C=C4)C)CC1)C)C(=O)COC(=O)CCC(=O)NCCC=5C=CC(O)=CC5	-10.7	37355	test	test	0	161982
RVLWQWGQMZZMJD-UHFFFAOYNA-N	ClC=1C=C(N2C(O)=C(N(O)C3=CC=CC=C3)C=C2O)C=CC1Cl	-8.5	1806	train	validation	7	119468
PEXINDRPLKKAPS-CHHPPJJSNA-N	O=C(NC=1C=C2OCCOC2=CC1)CN3CCC(NC(=O)NC=4C=C5OCOC5=CC4)CC3	-10.9	1	train	train	0	229705
ZATKQVVLXKOIOH-UYBDAZJANA-N	S(CC(=O)NCCC1=CC=CC=C1)C=2OC(=NN2)CC3=CC=CC=C3	-7.4	565	train	train	9	114112
VKYLFKYDUIWXMG-BDGWVKIONA-N	O(C(=O)C=1C(=NC(=C(NC(=O)NC2=NC=CC(=C2)C)C1)C)C)CC	-8.8	11626	train	validation	6	161996
GKGNSRLOXYQDEU-OLRSVKRENA-N	C=1C=C(NC(NC=2C=CC=C(C)C2)=O)C=CC1C=3C4=C(SC3C)C=CN=C4N	-9.6	120	train	train	3	69741
QPPHKEWKVRJMKU-SKKVRFOWNA-N	O(C=1C=C(NC=2N=C3N(C=4C=C(CCC(=O)NC)C=CC4)C=CC3=CN2)C=C(OC)C1OC)C	-9.4	4719	train	validation	4	38694
BUCXZTZHAFAMEK-UHFFFAOYNA-N	ClC=1C(C2C(C(O)(N=C(SCC=C)C2C#N)C(F)(F)F)C(=O)C=3SC=CC3)=CC=CC1	-8.1	34755	test	test	8	145460
XQQOOTQGWLYPAW-HCKMINDGNA-N	S1C(NC2=CC=C(C=C2)C(=O)C)=NC(=O)C=3C1=NC=CC3	-9.5	3342	train	train	4	152313
OFHRJTPTTRSISE-JHVZOGCYNA-N	ClC1=CC(N=CC=2C(O)=NNC2)=C(O)C=C1	-7.6	10608	train	train	9	183167
LJQMTFWGNXMGHH-UHFFFAOYNA-N	O(C(C(=O)N1CCN(CC1)CC2=CC=CC=C2)C)C(=O)C=3C=CC(OCC)=CC3	-8.8	30886	test	test	6	120644
WODURAAQMWOJMW-UHFFFAOYNA-N	S(=O)(=O)(N1CC2(C(=O)C(C1)(CN(S(=O)(=O)C3=CC=C(C=C3)C)C2)CC)CC)C4=CC=C(C=C4)C	-10.7	1	train	train	0	139770
PTLZHMGKOSQYJV-UHFFFAOYNA-N	S(=O)(=O)(C=1C=2C(N(C1)CC)=CC=CC2)CC(=O)N3CCC=4C3=CC=CC4	-9.5	329	train	validation	4	212982
SRXNKTRVLMGHCS-UHFFFAOYNA-N	S=C1N(CC(C(=O)N1C(=O)C=2C=CC(=CC2)C)(C)C)C=3C(OC)=CC=CC3	-9.5	13187	train	train	4	122171
OVSGONSKJHXDJO-MJHPXVFFNA-N	O=C(N1CCC(NC(=O)C2=CC=C(OCC=3C=4C(N=C(C3)C)=CC=CC4)C=C2)(CC1)CC(=O)NO)C(C)(C)C	-9.6	7081	train	train	3	97166
NBZZSWDFUUPJPG-CHHPPJJSNA-N	S(=O)(=O)(NC=1N=CC=CN1)C=2C=CC(NC(=S)NCCC3=CC(OC)=C(OC)C=C3)=CC2	-8.7	29861	test	test	6	114105
HZHFRNHBVIDWTF-UHFFFAOYNA-N	ClC=1C=C(CN2C(=O)C=3N(C(N4N=C(C=C4C)C)=NC3N(C2=O)C)C)C=CC1Cl	-9.8	1413	train	train	3	257267
JSXXDWHFXXQDDJ-LQFNOIFHNA-N	BrC1=CC(NC=2N=C(SC)N=C3N(N=CC32)CC(C4=CC=CC=C4)C)=CC=C1	-9.5	762	train	train	4	29135
IGPLFHWRJSGPJZ-UYBDAZJANA-N	S(C=1OC(=NN1)C=2C=CC(OC)=CC2)CC(=O)NC(C3=CC=CC=C3)C	-9	189	train	train	5	256771
NOFAPXHJOAWUAE-PKSOQXRJNA-N	S(=O)(=O)(N1CCN(CC1)C(=S)NCC2OCCC2)C3=C(C(=CC(=C3C)C)C)C	-9	1	train	train	5	223622
GINDALYHICMUNF-UHFFFAOYNA-N	S1C=2N(N=C(C2C=C1C(OC)=O)C(F)(F)F)C	-6.9	2827	train	train	9	173579
PUGPTATVELXSCS-LQFNOIFHNA-N	C=12C(=NC=NC1C=C3C(=C2)C=CN3CCN(C)C)NC=4C=C(Br)C=CC4	-9	6	train	train	5	43287
OOLXVJIAQXPRMR-VKJKSHRZNA-N	O1C(C2=NNC(=C2)C(=O)N/N=C/C(=C/C3=CC=CC=C3)/C)=CC=C1C	-9	11243	train	validation	5	112856
WALFUZZSSUWCOL-PKSOQXRJNA-N	S1N=NC(C(=O)N(C2CCCC2)C(C(=O)NC3CCCCC3)C=4OC=CC4)=C1	-8.8	1	train	train	6	120925
WYUIUISDNQWCBN-LQFNOIFHNA-N	FC(F)C=1N2N=CC(=C2N=C(C1)C3CC3)C(=O)NC4=CC5=C(C=C4)CCC5	-10.5	448	train	train	1	50079
FOUYNUWEFKTMDR-UHFFFAOYNA-N	N1(C(C2=C(N=CO2)C)=NN=C1SCCCN3CCC4(C(CC3)C4)C5=CC=C(C=C5)C(F)(F)F)C	-11	5949	train	validation	0	31719
CNLZLPCEMCSOMY-UHFFFAOYNA-N	S(=O)(=O)(NC(CC(=O)CC(OC)=O)C1=CC=CC=C1)C2=CC=C(C=C2)C	-8	41602	test	test	8	189425
TZGWMEGWELTBLM-UHFFFAOYNA-N	C1=C(C=C2C(=C1)C=C(C(O2)=O)C(OC)=O)OCC#C	-7.5	1	train	train	9	61885
WCNIJAYFVCXRIV-PKRZOPRNNA-N	O1CCN(CC1)C=2C=CC(NC(=O)CN(C(=O)CC(C3=CC=CC=C3)C4=CC=CC=C4)C)=CC2	-9.9	19026	test	test	2	180415
LMNOGGWYIMBHHK-WAVZXACUNA-N	N=1C(N)=NC(=C(C#CC(C2=CC(=C(C(=C2)OC)OC)OC)CC)C1N)C	-8.8	7770	train	validation	6	107398
PEHWMOIJNYQFQY-UHFFFAOYNA-N	ClC=1C(CSC=2C=3C(N(CC(=O)N4CCCCC4)C2)=CC=CC3)=C(F)C=CC1	-9.5	329	train	validation	4	132326
LOGWGZNWEWFTJV-QWOVJGMINA-N	N1(CCNCC1)C2=NC(NC(C3=CC=CC=C3)C)=C4C(=N2)C=CC=C4	-9.8	6	train	train	3	179902
RGCUFTVHLLFSQN-JGTFZBORNA-N	C=1C=C2C(=CC1S(=O)(=O)N[C@H](C(O)=O)C(C)C)SC3=C2C=CC(=C3)NC(OC4=CC=CC=C4)=O	-10.2	8505	train	validation	1	43447
XEPWIPRFKKQYGU-AKXMSVBBNA-N	O(C[C@@H]1N[C@@H](CC1)C(=O)N2[C@@H](CCC2)C#N)C3=C(C(C)(C)C)C=C(C=C3)C(O)=O	-9.5	1	train	train	4	51959
YMLQFVHWDYAYAN-LILDFLRNNA-N	S1C=C(N=C1NC2=NC=CC=N2)C3=CC(=C(OC)C=C3)C	-8.6	3232	train	train	7	198279
JOMNNJPPADTBDU-LILDFLRNNA-N	BrC=1C=C2C(=C(NC2=CC1)C(=O)NN)C3=CC=CC=C3	-9.2	4168	train	train	5	259365
MBJKZZSMSJAMPG-UHFFFAOYNA-N	O=C(N1CCN(CC1)CC)CN2C3=C(OCC2=O)C=CC(=C3)C	-8.4	255	train	validation	7	164594
OBDMRBLHXRKZJR-WYUMXYHSNA-N	S1C2=C(CCCC2)C=C1C(=O)NC(C(C)(C)C)C	-7.6	1425	train	train	9	216706
BXVLOUWLKWRHFI-QWOVJGMINA-N	C=12C=3C(=CC=CC3OC)OC(C1C=C(N=S(O)(=O)C)C=C2)CCCCC	-9	10853	train	validation	5	88338
ITHPNVNBELRBSK-UHFFFAOYNA-N	C=1(C(=O)C2=CC=CC=C2)C(=CC(NC3=C(N)C=CC=C3)=CC1)Cl	-9	7692	train	train	5	106527
XJHABGPPCLHLLV-NDKGDYFDNA-N	C1=2C3=CC=CC1=CC=CC2C(NC3=O)=O	-9.5	1	train	train	4	16570
ICOABLGEOOQZAX-LILDFLRNNA-N	O1C2=C(OC1)C=CC(=C2)C=3ON=C(C3)C(=O)NC=4C=CC(=CC4)C	-9.5	305	train	train	4	128719
NASXCEITKQITLD-UHFFFAOYNA-N	FC=1C=CC(C2C(=O)C=3C(C2=O)=CC=CC3)=CC1	-9.2	208	train	train	5	166196
WOICMTISVRTNNS-VTORVXMGNA-N	S=C1NC2(O)N(C=3C(C2=NN1)=CC(=CC3)C)C(=O)CC	-8.2	39597	test	test	8	176327
VTIKPOLLMVVYFW-BYFQDYGSNA-N	S1C(=NN=C1NC(=O)NC=2C=C(OC)C(OC)=C(OC)C2)[C@H]3O[C@@H]([C@@H](O)C3)CO	-8.2	11244	train	train	8	174321
YDJFFYICKAGSJP-ADQRUKDLNA-N	ClC1=CC=C(NC(=O)CN(CC(=O)NC=2SC3=C(CCC3)C2C(=O)N)C)C=C1	-9	106	train	train	5	223160
UOCARGOMFOCGJG-FSHPWJEWNA-N	S1C=2N=C(N(NC(=O)N)C(=O)C2C=C1C)C	-7	35628	test	test	9	150979
ZENFLGCDRIPLEK-UHFFFAOYNA-N	OC=1N(C=C(C1)C2N(CC(C)C)C3=C(N2)C=CC=C3)C=4C(CC)=CC=CC4	-9.3	6126	train	validation	4	132752
GBXLQWBCVIWVPD-UHFFFAOYNA-N	S1C2=C(CCCC2)C=C1C(=O)N3CCN(CC3)CC=C	-8.2	1425	train	train	8	226668
UVRJYNLKTXMIHE-HXTKINSTNA-N	C=1(N=C(NCCC2=CC=C(C=C2)O)N=C(N1)SCCOC=3C=CC(=CC3)Cl)N4CCNCC4	-9.9	6970	train	train	2	30850
AVKPQXUOUKAXOJ-SREBMQDQNA-N	FC(F)(F)C1=C(NC(OCCCN2C(=O)C3(CCC(CC3)C4=CC=CC=C4)CC2)=O)C=CC=C1	-10.6	15491	train	validation	1	249740
ICNBNNMTDAZQAU-UHFFFAOYNA-N	N1=C(C=2C=CC(=CC2O1)F)C3CCN(CC3)CCCOC=4C=C5OC(C=O)C=C(C5=CC4)O	-10.4	27418	test	test	1	75258
ITOYWXINNVLGNB-UHFFFAOYNA-N	O(C(=O)C1CCCN(C1)C(=O)COC(=O)C=2OC3=C(C(=O)C2)C=CC=C3)CC	-10	12840	train	train	2	140404
JDFKACUDIRUSAZ-LILDFLRNNA-N	O=C(NCCC1=CN(N=C1)C)CCCN2N=NN=C2CN3CCC(CC3)C	-8.5	47984	test	test	7	230295
IYHMNZGACVVNKT-COQDVCEANA-N	OC=1N=C2C([C@]3(N=CC=4C=C(OC)C(O)=CC4)/C(/[C@H](C2)C=C(C3)C)=C/C)=CC1	-10.4	8141	train	validation	1	106709
PXDHQTXVXBMICE-UHFFFAOYNA-N	S(=O)(=O)(N1CCCCC1)C2=CC(N(=O)=O)=C(N3CCN(CC3)C)C=C2	-8.1	1	train	train	8	137138
XHEQSRJCJTWWAH-SPEPDGBUNA-N	C=1(C=CC(=CC1)NC2=NC3=C(C(=N2)OCC4CCCCC4)N=CN3)C(=O)N(CC)CC	-9.8	1160	train	train	3	3266
KCHQLMBKWLCKFU-HRKFSYJBNA-N	BrC1=NOC([C@H](O)CN[C@@H](CC2=CC=C(OCC(=O)O)C=C2)C)=C1	-7.6	6906	train	validation	9	29244
RQOHJCMOXBDSST-NDKGDYFDNA-N	O(C1=CC=C(CC)C=C1)CC(=O)NCC	-6.5	1908	train	validation	9	173227
XSNZXCAZXFADAF-MPIMZMORNA-N	ClC1=C(NC(=O)CN2CCC(CC2)C(=O)C=3C=CC(F)=CC3)C=CC=C1	-9.7	1	train	train	3	170022
DBAJYBPUVOTLEQ-PKSOQXRJNA-N	O1CCN(CCNC=2C=3C(N=CC2C(OCC)=O)=C(CC)C=CC3)CC1	-8.2	1432	train	validation	8	200795
SOEHSZJGWORWLU-LNNLXFCONA-N	O=C(NC1=C(C=C(OC2=CC=CN=C2)C=C1)C)CC=3C=4C(N(C3)C)=CC=CC4	-10	1	train	train	2	171835
RKPQTFDXIVHBLJ-DUQBXTBTNA-N	FC(F)(F)CCC(=O)NC=1C=C2C(=O)N(C[C@@H]([C@H](OC2=CC1)CN(C)C(=O)NC=3C=CC(OC)=CC3)C)[C@@H](CO)C	-10.5	5379	train	train	1	156539
YAOXUIRMNLBAGB-QWOVJGMINA-N	O=C(NC1(CCCCC1)C#N)COC(=O)C=2C(O)=C3C(=C(O)C2)C=CC=C3	-9.9	1	train	train	2	16808
HCCWYDIXZZVHDQ-CQIYTRNANA-N	ClC=1C=CC(NC(=S)NNC(=O)C(N2N=C(C(N(=O)=O)=C2C)C)C)=CC1	-8.4	10182	train	train	7	248223
KUVWPFQABOFXDS-UHFFFAOYNA-N	ClC=1C=CC(C=2N3C(N(CCC4=CC=CC=C4)C(=O)C5=C3C=CC=C5)=NN2)=CC1	-10.4	4618	train	train	1	227931
FFAJGHUXRKCSDT-UHFFFAOYNA-N	ClC1=CC(CN(CC2CN(CCC2)CCC3=CC=C(OC)C=C3)C)=CC(OC)=C1O	-8.9	1	train	train	6	136457
WEZPUJUIXDXEJP-UHFFFAOYNA-N	O1C(=NN=C1CCC(=O)N(CC=2N(CC)C=CN2)C)CCCC3=CC=CC=C3	-8	31432	test	test	8	124232
QMYOOOVFQWDUQO-LQFNOIFHNA-N	O=C(NC=1C=CC(C(C)C)=CC1)C(N2CCCCC2)C3=CC=4OCOC4C=C3	-10.1	1	train	train	2	113640
XAFSFXYJOJWLJD-UHFFFAOYNA-N	ClC=1C=2C(=NC=CC2)C(O)=C(C(N3CCN(CC3)CC)C4=CN=CC=C4)C1	-9.7	1154	train	train	3	5566
SWNPCLQLHUWVAZ-PMWDVLQYNA-N	C1(=CC=C(C=2C(=NOC21)N)C=3C=CC(=CC3)NC(NC=4C=C(C=CC4F)C)=O)OC	-10.7	206	train	train	0	22769
KTYWYQHDGYWPLM-IIFHMMEINA-N	S=C(NC1C2CC(C1)C=C2)N/N=C/C3=CC(OC)=C(OC)C(OC)=C3	-7.9	3824	train	train	8	180493
JKZPOYLJMODXNX-CXUHLZMHNA-N	O1N=C(/N=C/C2=C3C(=CC=C2O)C=CC=C3)C=C1C	-8.7	616	train	train	6	101685
IZRVKSNPZRFOIO-UHFFFAOYNA-N	S1N=C(SC)C(=C1CC=NC=2C=C(C(=CC2)C)C)C#N	-7.9	2144	train	train	8	142711
XOXCLNHQLHSKHP-LBOYIXSDNA-N	C1=C(NC=2C=C(C(OCC3=CC(=CC=C3)F)=CC2)Cl)N=CN=C1OC4=CC=CC=C4	-10	7739	train	train	2	48144
FQNFLNSVHWCZML-GZCIVNNFNA-N	C=1(N=C(C(=CN1)C(=O)N)NC2=CC(=CC=C2)C(F)(F)F)NCCN	-8.9	21046	test	test	6	341
LGONBBKGJJYKKI-PKSOQXRJNA-N	O1C=2C(OC1)=CC=C(NC3=NC(N4N=C(C=C4C)C)=NC=C3C(OCC)=O)C2	-9.3	1633	train	train	4	141129
USYAPBFQBLYSHA-HFZLNSGCNA-N	N1([C@H]2[C@@H]([C@H](O)[C@H](O2)COC3CC3)O)C4=C(C(N)=NC=N4)N=C1	-8	30	train	validation	8	60228
FAVHCNDKHVXPIA-YHMJCDSINA-N	S(CC(=O)NC1CCCC1)C=2N(C(=NN2)C(C)C)C	-7.3	1	train	train	9	191070
VQLWDPAVUAWOGI-UHFFFAOYNA-N	ClC1=CC(C2C3C(=NC=4C2C(=O)CCC4)CCCC3=O)=CC(OCC)=C1O	-9.6	553	train	train	3	248405
LGRRHBCWSVNDAX-UHFFFAOYNA-N	N1(C=2C(=CC(=C(C2)CO)OC)N=C1)C=3C=CC=CC3	-7.4	17708	test	test	9	160561
LTFSKVXZKUMKAC-MJHPXVFFNA-N	O=C(N1CC(CCC1)C(=O)NC2=CC=C(C=C2)CC(=O)NC=3C=C(C(=O)N(C4CC4)C)C=CC3)C5CCCC5	-10	1	train	train	2	212368
FAYPZHNTUGZDIX-NRFANRHFNA-N	N12[C@H](NN=C(C1)C=3C=CC=CC3)C4=C(C=5C2=CC=CC5)C=CC=C4	-10.4	25075	test	test	1	32233
IHOZEAFFIQFSRI-BTUASZJPNA-N	O([C@@H]1[C@@H]2[C@H]([C@H](C=CC2=C[C@@H](C1)C)C)CC[C@@H](O)C[C@@H](O)CC(O)=NO)C(=O)C(CC)(C)C	-8.1	72	train	train	8	105193
XZDCSBQBJZBHKX-UHFFFAOYNA-N	O1N=C(N=C1CCC(=O)N(CC2=CC=CC=C2)CC)C=3C=CC(=CC3)C	-9.2	442	train	train	5	250735
MULICLCRGFYQJF-UNHHCELKNA-N	O[C@]1([C@]2(C(C3C([C@]4([C@@H](CC3)CC(O)CC4)C)C(=O)C2)CC1)C)C(=O)COC(=O)C	-10	5700	train	train	2	160681
VFYNNAXVFDGLMO-LELJVTLKNA-N	O1C(CN(C(=O)N2CCC(CC2)C(=O)NCCCC3=CC=CC=C3)C=4C1=CC=CC4)CC	-10.2	1768	train	train	1	134139
HAWUPWXWUVYDSA-QWOVJGMINA-N	FC1=CC=C(OC(C(=O)N(C2C(N(CCC)C(=O)NC2=O)=N)CCOC)C)C=C1	-8.7	3813	train	validation	6	227301
BSRVAFITFVVGPQ-SPEPDGBUNA-N	ClC1=C(NC(=O)CSC=2N(C(=NN2)C3=NNC4=C3C=CC=C4)C5=CC=CC=C5)C=CC=C1	-10.8	10997	train	validation	0	180634
RSDOFOHFAPDPOI-YYAIOWFZNA-N	ClC1=CC=C(OCC(=O)N[C@H](C(=O)N2CCC3(NCCC=4NC=NC34)CC2)CCSC)C=C1	-9	12032	train	train	5	245464
ZGTNFZJYRNJFIV-HCKMINDGNA-N	O(C=1C=CC(C(=O)NCCC2=CCCCC2)=CC1)C	-7.9	1	train	train	8	12929
PTZXMCCDZKPNFR-OZPCLNHUNA-N	C=1C=C(C(CC(NCC=2C(=NC(=CC2)N)C)=O)=C(F)C1NCC(C3=CC=CC=C3)(F)F)Cl	-9.9	8302	train	train	2	46614
XZDUJYUYLDTLED-UHFFFAOYNA-N	O1C=2C=C(C=3N(N=NN3)CCC(=O)C=4C=CC=CC4)C=CC2OC1	-8.7	8381	train	train	6	49642
CSYPNAHMVVWKQL-HPHMPNDVNA-N	ClC=1C(C(=O)N2CCC(CC2)C(=O)N)=CC(S(=O)(=O)N3CCOCC3)=C(Cl)C1	-8.8	1	train	train	6	211146
SAERKXUSZPTMCQ-CQSZACIVNA-N	OC1=C2C=3[C@H](N(CCC3C=C1OC)C)CC4=C2C=C(OC)C(OC)=C4	-8.5	904	train	train	7	209265
HNVVSOPUTOTPNF-UHFFFAOYNA-N	S1C=2N(N=C(N2)C3=C(F)C=CC=C3)C(=O)C=C1C(OCC)=O	-8.4	47648	test	test	7	228298
BJIPVHLRWSDKOS-UHFFFAOYNA-N	O=S1(=O)N(CCN2CCC(=CC2)C3=CNC=4C=C(C=CC34)F)C5=C6N1CCCC6=CC=C5	-11.9	23113	test	test	0	13056
GXFKEXJQUZXFOS-UHFFFAOYNA-N	O1CCN(CC2=C(O)C(O)=C(CN3CCOCC3)C=C2)CC1	-7.1	731	train	validation	9	16159
PCNAVRSNEWRPLH-UHFFFAOYNA-N	FC(F)(F)C1=NN(C2=C1CCN(C2=O)C3=CC=C(C=C3)C=4C(CN(C)C)=CC=CC4)C5=CC=C(OC)C=C5	-9.5	6453	train	train	4	96505
ZJAYFTZSKHIXID-GKTDYPRRNA-N	O1C(/C=C/C(=O)NCCC2=CC=CC=C2)=CC=C1C	-7.9	16845	train	validation	8	150706
KWHOIGXGWVGYDS-UJTIYTRRNA-N	S(=O)(=O)(N1CCN(CC1)C=C2C3=C(OC(=O)C2)C=C(C(=C3)C)C)/C=C/C4=CC=CC=C4	-11.8	599	train	train	0	128905
UOQDQXNUSBFRJH-OYGMOKJWNA-N	O1[C@H](OCC)[C@H](C(C2CCCCC2)=CC1C(=O)N3CCN(CC3)CC4=CC=5OCOC5C=C4)CCCO	-10.4	3370	train	validation	1	205003
OYKFKUQAUXNQEW-ILLTXXFSNA-N	C1(=CC(=C([C@@H]2[C@H](CN3C(C2)=NC4=C3C=CC(=C4)C(O)=O)N)C=C1F)F)F	-9.7	8569	train	validation	3	97035
FIYBQKQWLORIEQ-PYLRNDMTNA-N	FC1=C(NC(=O)C=2C3=C(C=C(C4=C5C(NN=C5N)=CC=C4)C=C3)C=CC2)C=CC(F)=C1	-12.2	170	train	validation	0	72377
NCAHHWJQYKFKDX-MDZDMXLPNA-N	S1C(N(CCN(C)C)C(=O)/C=C/C=2SC=CC2)=NC=3C1=CC=CC3OC	-8	1	train	train	8	120021
DHZTWEGJJVCVDR-MPIMZMORNA-N	O=C1N(C=2C(C(=NC1)C=3C=CC=CC3)=CC=CC2)CC(=O)NCC=4OC=CC4	-9.3	916	train	train	4	157631
LYBMCJPGVRWSJK-ZRKZCGFPNA-N	C=1(C(=CC(=C(F)C1)C[C@H](CC(N2CCC3=C(C2CC)N=C(N3C)C(F)(F)F)=O)N)F)F	-9.9	7882	train	train	2	108798
KVXVTDMKMAHAKT-LBWFLGQCNA-N	C1(=NC2=CC=CC=C2N1)C([C@@H](NC([C@H]3N(C([C@H](NC(=O)CC(C)(C)C)CC4=CC=CC=C4)=O)CCC3)=O)CCCN=C(N)N)=O	-11.1	8155	train	train	0	111555
HJFNKRXIIJQZII-NDKGDYFDNA-N	S(C1=NC(O)=CC(=C1C#N)C)CC(OC)=O	-6.7	12618	train	train	9	135096
MYROIJNJDWLQAP-QWOVJGMINA-N	S(C=1N(C=2C(N1)=CC=CC2)CC(=O)NC(C)C)CCOC3=CC=C(C=C3)C	-7.7	1065	train	train	9	168375
WSIIBRZCYHUETO-UHFFFAOYNA-N	ClC1=CC=C(C(N2CCCCC2)C3C(=O)N(C(=CC3=O)C)CCOC)C=C1	-8.6	12314	train	train	7	252176
LQFZXWQIQHYQEZ-XLPACQNMNA-N	S(C=1SC=2C=C(NC(=O)C)C=CC2C1)(=O)(=O)N	-7.8	8930	train	validation	8	109260
WCERJOZSLBOGKY-PKSOQXRJNA-N	O=C(NC=1N(CCC)C=2C(N1)=CC=CC2)C3=C(C(=CC=C3)C)C	-9.4	183	train	train	4	175004
CHOJFLDCLKZPFF-WYUMXYHSNA-N	S=C(N=C1C(N(N(C1=O)C2=CC=CC=C2)C)C)NCCC	-7.2	933	train	validation	9	242763
TVGUOEXRPYIFBP-LILDFLRNNA-N	O=C(NC1C(CCCC1)C)C=2C=CC(N3N=CN=C3)=CC2	-8.9	51846	test	test	6	254591
WVNIWFAZVBLXHS-WAVZXACUNA-N	N=1C(=C2N=C(CN(C3=CC=CC=C3)C4=CC=CC=C4)C=NC2=NC1N)N	-9.8	1145	train	train	3	51305
MSAUTIWFVSRYHD-SXSPYAJSNA-N	S(=O)(=O)(N=C(C(C)=CCCC(OC)=O)CNO[C@@H](C=1N=NN([C@H]2[C@H](O)COC2)C1)C)C3=CC=C(C=C3)C	-9.3	4759	train	train	4	229327
OLAVFTSYLOWXOA-ORKDIMCDNA-N	FC(F)(F)C=1C=C(CNC(=O)C[C@H]2C[C@@]3([C@H](O[C@@H](C(C)(C)C)C=C3N(C2=O)CC=4OC=CC4)C)C(OC)=O)C=CC1	-10.7	11219	train	train	0	252406
FHEIFUFZXWDONY-PKSOQXRJNA-N	FC1=CC(NC(=O)COC(=O)C=2C(N3CCOCC3)=CC=C(N(=O)=O)C2)=CC=C1	-9.3	1	train	train	4	148397
KWJFBZYESUYHIR-LQFNOIFHNA-N	O1CCN(CC1)C(=O)CN2C=3C(C(=C2)C(=O)C(=O)NCC4=CC=CC=C4)=CC=CC3	-10.4	1	train	train	1	208898
BTOLCFPRNLVWEB-GIJQJNRQNA-N	ClC=1C=CC(C(=O)C=2C=C(NC2)C(=O)/N=C/N(C)C)=CC1	-8.2	2110	train	validation	8	237725
NKPKFCWKSRJYIE-UHFFFAOYNA-N	ClC1=CC=C(S(=O)(=O)NC=2C(=C(S(=O)(=O)C3=CC=C(C=C3)C)C(O)=CC2C)C)C=C1	-10.1	15772	train	train	2	210182
GSGNEBITBQSOPX-FNFVZKJPNA-N	ClC1=C(N/C(=N/C=2NC(CSC=3N=CC=CC3)=CC(=O)N2)/N)C=CC(Cl)=C1	-9.6	30877	test	test	3	120586
UJTVZASACOEBIH-LILDFLRNNA-N	O=C(NC1CCCC1)C2=C(C3=CC=CC=C3)C=CC=C2	-8.7	1	train	train	6	259343
LGDQOLPMEVYWOK-UHFFFAOYNA-N	OC=1NC(=CC1)C(O)NC2=C(C=C(C=C2C)C)C	-7.7	13736	train	validation	9	219297
OAAOXKKWBFZCSK-UHFFFAOYNA-N	BrC1=CC=C(S(=O)(=O)N2CCN(CCC2)CC=3C(F)=CC=CC3)C=C1	-9.2	1	train	train	5	196201
AXQKPYLMDPFQOO-PMAILDQLNA-O	[S+](C)(O)(C1=CC=C(C(NC2=CC=C(C=C2C(=O)NC=3C=CC(Cl)=CN3)Cl)=O)C=C1)=NC(CNCC)=O	-9.1	1	train	train	5	26953
QQZHGMHCCTZSIR-MPIMZMORNA-N	S(=O)(=O)(N(C1=CC=2OCOC2C=C1)CC(=O)NC=3C=CC(CC)=CC3)C4=C(ON=C4C)C	-10	337	train	train	2	212759
YPZJFYZQSUBLFQ-UHFFFAOYNA-N	O1CCN(CC(OC(=O)CC2=CC=CC=C2)COCC3=CC=CC=C3)CC1	-7.4	42517	test	test	9	195243
RVVYEESWPXBJIH-PKSOQXRJNA-N	O(C(C(=O)NC=1C=CC(N(C)C)=CC1)C)C(=O)C2=CC(N3N=NN=C3)=CC=C2	-9.2	14702	train	train	5	196147
IHLSZGJHGDDSPB-ZFJUVRDGNA-N	S1(=O)(=O)N=C(N2CCC(CC2)C(=O)N3CCC(CC3)C(=O)N)C(=C1C4=CC(=C(C=C4)C)C)C	-11.5	6932	train	train	0	140123
YJEXUKHATKDQDR-UHFFFAOYNA-N	S(=O)(=O)(NC1=CC=C(C(=O)N2CCC2)C=C1)C3=CC=C(OCC)C=C3	-8.4	1	train	train	7	142871
ZHRVSZKDLXIFPF-CQIYTRNANA-N	C1(NC(=O)CCC(=O)NCCC)=CC=C2C(=O)NC(=O)C(C2=C1)=O	-9.4	1	train	train	4	53784
JVUKWXNRDHUQML-UHFFFAOYNA-N	FC(F)(F)C=1C=C(OC2C(CN(C2=O)CC=3OC(=CC3)C(OCC)=O)(C)C)C=CC1C#N	-10.1	29071	test	test	2	103897
AOBVNVRAFXWMAQ-UHFFFAOYNA-N	N1(C(C=2C=CC(C3=C(C=CC(C4=NN=C(O4)C)=C3)C)=CC2)=O)CCCCC1	-11	5550	train	train	0	84182
MVCRJKMSDFMOAD-QZTJIDSGNA-N	C=1(N(C(C)=CC1)CC[C@H]2OC(=O)C[C@@H](C2)O)C3=C4C(C=CC=C4)=CC=C3	-9.7	4764	train	validation	3	95158
SLITYODTPWEASR-NPVYFSBINA-N	S(C=1NC=2C(=CC=CC2)C(=O)N1)CC(=O)NC3=CC=C(C=C3)C(OC)=O	-10	15999	train	train	2	142329
YBPCQWFNLIMSAP-UHFFFAOYNA-N	ClC1=CC=C(S(=O)(=O)NC2C3CC(C2)CC3)C=C1	-7.1	1	train	train	9	15456
KTQLQQCBMXSAIR-QRICGDSQNA-N	O(C=1C=C(C(N(=O)=O)=CC1OC)/C=C(/NC(=O)C=2C=CC=CC2)\C(=O)NC3=CC=CC=C3)C	-10	2117	train	train	2	187704
QVVPJFBYFYYVDM-UHFFFAOYNA-N	O1C2=C(CC(C3=C(OC)C(O)=C(OC)C=C3)C1)C=CC(O)=C2OC	-8.4	5257	train	train	7	21089
XLZXIDKEIKKBGP-UHFFFAOYNA-N	ClC1=C(N2CCN(CCCCN3CCN4C(C3=O)=CC=5C4=CC=CC5)CC2)C=CC(Cl)=C1	-8.7	6673	train	train	6	35466
XBJDUGZISLIDRA-VGUCUOCSNA-N	ClC1=CC=C(C2=CC=C(CN3S(=O)(=O)CCC[C@@H]3C(O)=NO)C=C2)C=C1	-9.9	8945	train	train	2	50587
DAAIDRXNEKWJIQ-UYXXHPFVNA-N	N1(N=NC=2C(C1=O)=CC=CC2)C[C@H]3[C@@H]([C@@H](SC=4C=CC(C5=CC=C(C=C5)SC)=CC4)CC3)C(O)=O	-10.6	8107	train	validation	1	84993
CXYJREUDQXXONR-UHFFFAOYNA-N	ClC1=CC=C(N2CCN(C(=O)C=3C4(OC(=O)C3C)CCC(CC4)C)CC2)C=C1	-10.7	1358	train	train	0	138659
DABWJWXAHYLIFD-XBTAAFKLNA-N	O=C1N(C(=O)NC1(C)C)CC(OC(C(=O)NC2=C(C(CC)C)C=CC=C2)C)=O	-8.8	1	train	train	6	138302
HEVFZDWXMONFAN-LQFNOIFHNA-N	S(=O)(=O)(NC=1SC(=NN1)CC)C=2C=CC(N=CCC(=O)C=3C=CC(=CC3)C)=CC2	-9.8	15280	train	train	3	217806
BHSGGPOUYUCNJV-UYBDAZJANA-N	S(=O)(=O)(NC(=O)COC1=C(C(C)C)C=CC(=C1)C)C2=CC=C(C=C2)C	-9.1	5088	train	train	5	184475
YPFLNXZMRKEHPL-UHFFFAOYNA-N	BrC1=CC=C(C(=O)C2=C(OC)C(OC)=C(OC)C=C2)C=C1	-7.7	75	train	train	9	217670
MYVMWZVGIURZKT-HXTKINSTNA-N	FC(F)(F)CN1C(COC=2C1=CC3=C(N=C(O)C=C3C(F)(F)F)C2)CC#N	-9	5991	train	train	5	91057
PWQIJESKROVQJB-LBOYIXSDNA-N	S(C=1N(C(=C(N1)C2=CC=C(F)C=C2)C=3C=C(N=CC3)NC(=O)C)C)CC4=CC=C(S(O)=C)C=C4	-10.6	19	train	train	1	43369
SWSUWZPTHOJRSF-LNNLXFCONA-N	S1C(C(=O)NCCCN(CC)C2=CC=CC=C2)=CC=3C1=NC=4C(C3)=CC=C(OC)C4	-8.4	712	train	validation	7	148537
FTBSBSUCBIZDKC-ZRNKJPTANA-N	O=C(NC1CCCCC1)[C@@H](NC(=O)C=2C=CC(OCC)=CC2)C(C)C	-8.4	1	train	train	7	215702
ATOZCTCWGNNSLJ-NDKGDYFDNA-N	S1C(NCC=2OC=CC2)=NC(C=3SC=CC3)=C1	-6.8	44105	test	test	9	205377
AHSFEERWCONMPA-UHFFFAOYNA-N	O1C2(CCN(CC2)C(=O)C3=C(C(N(=O)=O)=CC=C3)C)CC(=O)C4=C1C=CC=C4	-10	34679	test	test	2	145064
PPPNIIPKPTXJJS-PKSOQXRJNA-N	O(CC(=O)NC=1C=CC(N2CCCCC2)=CC1)C3=CC=C(OC)C=C3	-9.5	1	train	train	4	214779
TUJMJWUVDRWTFM-XWKXFZRBNA-N	S1C(=C(C=2C1=NC=NC2O)C)C(OC)=O	-7.5	242	train	train	9	8138
UMLUAUUXNUNHIK-UHFFFAOYNA-N	S(=O)(=O)(NCC1=CC=C(F)C=C1)C2=CC=C(N3N=NN=C3)C=C2	-8.7	35018	test	test	6	147095
PEEASZPWHCZXFN-UHFFFAOYNA-N	S1N(C2=C(C=C(C=C2)C)C)C(=O)C=3C1=CC(F)=CC3	-8.5	3688	train	train	7	19833
XWVNZBQGMNSCDV-UHFFFAOYNA-N	O(C1=CC=C(C=2N=C3N(C2C=O)C=CC=C3)C=C1)C	-8	4467	train	train	8	144186
NHJNBEMBWRRWAC-WDRFRPHXNA-N	OC1=NC=CC2=C1C=CC=C2/C=C/C(=O)O	-8.7	28333	test	test	6	90724
JOSVOUWTPVPBNH-QHCPKHFHNA-N	FC(F)(F)C=1C=C(C(=O)N2CCN([C@@H](CC(C)C)COCC3=CC=C(F)C=C3)C(=O)CC2)C=CC1	-10.5	1	train	train	1	167493
ACKPCKTXGUYDAF-LQFNOIFHNA-N	S(=O)(=O)(N1CCCCCC1)C=2C(=CC=C(NC(=O)COC=3C(=CC=CC3)C#N)C2)C	-9.6	1	train	train	3	224337
MNTRDPZBKAEGEK-UHFFFAOYNA-N	C1=CC(C(CN2C3=C(SC4=C2C=CC=C4)C=CC(=C3)C(F)(F)F)=O)=C5C=CC=CC5=C1	-10.6	28594	test	test	1	95347
ZXNLASQMBWLSGV-QWQFSXNHNA-N	O1C(=C(C=C1)C(=O)N/N=C/C=2C=CC(C3=CC=CC=C3)=CC2)C	-9.1	11191	train	train	5	162475
YPBCZMZUAGTOQW-UYBDAZJANA-N	FC1=CC=C(CC(OCC(=O)NCCC2=CC=CC=C2)=O)C=C1	-8	20685	test	test	8	227827
VKZOHVGEVVBJLI-UHFFFAOYNA-N	C=1(C=2C(=CC(S(=O)(=O)C)=CC2)NC1C)SC=3C=CC(=CC3)OC	-8.7	9275	train	train	6	65908
VBBBMVLVNAZHSI-SUHZIPMCNA-N	ClC=1C=C2C(=NN(C2=CC1)C)C=3N=C4C(C(=O)N[C@@H](C(=O)N5CC(C5)C#N)C)=CNC4=NC3	-9.8	8164	train	validation	3	66357
APDKOHCMOJCMBH-LQFNOIFHNA-N	OC12CC3C(NC(=O)C=4C(OCCC)=NC(=NC4)N5CCOCC5)C(C1)CC(C3)C2	-9.1	8936	train	validation	5	84579
LNWKJDJOGAQZLM-HXTKINSTNA-N	S1CCN(C2=C1C=CC(=C2)C(=O)NCC3=CC=C(OC)C=C3)CC4=CC=C(C=C4)C	-9.3	986	train	train	4	146634
HBYYHTMFRLFKDG-RDGATRHJNA-N	ClC1=CC=2C[C@]3([C@H](N(C4CCCCC4)C(=O)C5=C3C=CC=C5)C2C=C1)C(OCC)=O	-9.9	265	train	train	2	22041
XFMVPHSRUAFUSX-SGCOSOSWNA-N	O1CCN(CC1)C2=C(C=C(N(=O)=O)C=C2)/C=N\NC(=O)C3=NC=CC=C3	-9.4	49405	test	test	4	238818
VRWFYOZFVAUHDG-UHFFFAOYNA-N	N1=C(N=NN1CCC#N)C=2C=CC(OCC3=C(Cl)C=CC=C3)=CC2	-8.8	7909	train	train	6	66766
VEIZTYHGCMDPCK-UYBDAZJANA-N	ClC=1C=2C(CC3=CC=C(C=C3)C)(C(=O)NC2C(Cl)=CC1)C	-8.5	5684	train	train	7	189501
XRRKZFOXIIRDEC-LQFNOIFHNA-N	O(C=1C(OC)=CC=C(C1)CCN(CCC(=O)NC2=C(C=C(C=C2C)C)C)C)C	-8.8	1	train	train	6	6334
YKOFRDJYLCHATP-UHFFFAOYNA-N	C1(=CC(=C2OC(C=3C=CC(=C(C3)O)O)C(=O)C(C2=C1)=O)N4CCCC4)C	-9	0	train	train	5	55848
FTDNUYVUDQMUIP-LQFNOIFHNA-N	ClC=1C=C(CNC(=O)CN2C3=C(C=C(S(=O)(=O)N4CCCCC4)C=C3)C=C2)C=CC1	-10	1	train	train	2	237091
QRDYOYPORKWZCP-JHHBTKPSNA-N	S(N1[C@@H](C(O)=NO)C/C(/C1)=N/OC)(C2=CC=C(C=C2)OCC)(=O)=O	-8.3	1	train	train	7	39752
ROBQAKGNZMCFDI-JAFMVTPMNA-N	O=C(NC1C2CC3CC1CC(C2)C3)N4CCC(CC4)(C5=CC=CC=C5)C(=O)N	-9.5	25484	test	test	4	39736
HUYVOKGTJJWNAG-AVVSTMBFNA-N	ClCC(=O)[C@]1(OC(=O)CCC)[C@@]2([C@H]([C@H]3[C@@](F)([C@@]4(C(=CC3)CC(=O)C=C4)C)C(=O)C2)C[C@@H]1C)C	-9.4	72	train	train	4	463
KBDARSJTMSJEPB-KVMNEZRONA-N	ClC=1C(N2CCCC2)=CC=C(NC(=O)/C=C/C3=CC(N(=O)=O)=C(Cl)C=C3)C1	-10	40055	test	test	2	179093
RSBZHOGKVJWSSD-QWOVJGMINA-N	S(=O)(=O)(N1C(CC=2C(C1)=CC=CC2)C(=O)NC=3SC=CN3)C4=CC=C(OC)C=C4	-9.9	1292	train	train	2	3689
SLHDOZUBVHFHNN-UHFFFAOYNA-N	N1=C2C(=C(N=C1)N(C)C)C=C(C3=CN=CC=C3)C=C2	-8.5	6	train	train	7	20501
KSNYXTQAKAAMIW-UHFFFAOYNA-N	S(=O)(=O)(NCC(N1CCOCC1)C2=CC=C(N(C)C)C=C2)C3=C(C=CC(=C3)C)C	-9.3	1468	train	train	4	207594
MSGFDGARFSWAMJ-LTDXDOBXNA-N	O(C[C@@H](N)CC=1C=2C(NC1)=CC=CC2)C=3C=C(C=NC3)/C=C/C4=CC(OC5=CC=CC=C5)=NC=C4	-9.6	360	train	train	3	94746
UHBIKXOBLZWFKM-NDKGDYFDNA-N	OC=1C2=NC(=CC=C2C=CC1)C(O)=O	-7.5	5668	train	train	9	153384
JSYATKJXBNTTDB-BDGWVKIONA-N	O=C(NC(NC(=O)CC(C)C)C1=CC(OC)=C(OC)C=C1)CC(C)C	-7.8	19348	test	test	8	186770
YWJADWXQSSUICH-LVDDXYSHNA-N	N=1C=2C(C=3N(N=C(N3)C4=CC=CO4)C1NC(=O)NC=5C=CC(=C(C5)Cl)Cl)=CN(CCCC)N2	-10.3	1053	train	train	1	57206
JBDOSUUXMYMWQH-UHFFFAOYNA-N	S=C=NC=1C=2C(C=CC1)=CC=CC2	-7.6	23391	test	test	9	14521
PKUWMTTUSBWEFC-WYUMXYHSNA-N	O1C(=C(C(=O)NCCCC2=CC=CC=C2)C=C1)C	-7.7	1993	train	train	9	177276
UYGAPNPXKCJPQJ-HCKMINDGNA-N	ClC1=CC=C(NC(=O)COC(=O)C=2C=CC=CC2)N=C1	-8.2	898	train	train	8	237938
SPIJTKBVKZDMNI-ZGZFQTMPNA-N	S(=O)(=O)(N)C1=CC(NC2=NC=3C(=CC(C4=C(C=CC=C4C)C)=CC3N=N2)C)=CC=C1	-11.3	5317	train	train	0	61111
YRMLZIZCBRCMOR-HXTKINSTNA-N	S(=O)(=O)(NCC=1C=CC(=CC1)C(=O)NCC2=NC=CC=C2)C3=CC=C(C(C)(C)C)C=C3	-9.4	1	train	train	4	192276
WCRRNHABMIRJLD-UHFFFAOYNA-N	O1C(=C(C=2C1=CC=CC2)C(OCC3=CC=C(N(=O)=O)C=C3)=O)C4=CC=C(OC)C=C4	-9.3	4920	train	train	4	117161
ZHJSWLFFYPYFMN-LELJVTLKNA-N	S1C(N2CC=3C(OC4=NC=CC=C24)=CC=CC3)=CC=C1C(=O)NCC5=CC=C(C=C5)C	-10.8	19952	test	test	0	200119
YNOFHGVXNIYTNJ-UHFFFAOYNA-N	S(CC(=O)N1C=2C(C(=C1C)C)=CC=CC2)C=3N(C)C=NN3	-8.4	11272	train	validation	7	112959
HKIKAXXIWJHWLY-UHFFFAOYNA-N	O1C(C(O)C(O)C(O)C1CO)C2=C3OC(=CC(=O)C3=C(C=C2O)C)CC(=O)C	-9.1	3959	train	validation	5	116987
ZMXJTASRUZARAO-UHFFFAOYNA-N	S1C(C(C=2C=3C(NC2)=CC=C(C3)C)C4=CC=CC=C4)=CC=C1C	-9.6	20735	test	test	3	250421
LGMDJFPPNVPECO-DJWJRRFNNA-N	N1(C2=C(C(N)=NC=N2)C(=N1)C3=CC(OC)=C(NC(=O)OCC=4C=CC=CC4)C=C3)[C@H]5CC[C@H](N6CCN(CC6)C)CC5	-9.4	9	train	train	4	24865
NYQWRDVQTWWWAW-JRRFJTGHNA-N	O=C(O)C=1C2CC(C1C(=O)NNC(=O)C3=CC(OCC)=CC=C3)CC2	-9.2	17848	test	test	5	162464
UBWFHGRNAGCKKO-ZHZULCJRNA-N	O\1C2=C(CN3CCN(CC3)CC)C(O)=CC=C2C(=O)/C1=C/C4=CC=CC=C4	-9.2	3366	train	validation	5	136183
MKKDQJLRAZKNDU-LQFNOIFHNA-N	S(=O)(=O)(N1CCCCC1)C2=CC(NC(=O)CNC=3C=C(OC)C(OC)=C(OC)C3)=CC=C2	-8.3	1	train	train	7	176636
PKHUIRSALGNROT-GOCJSKPSNA-N	S(OC1=C(C=CC=C1OC)/C=N/NC(=O)C2=CC=CC=C2)(=O)(=O)C3=CC=CC=C3	-9.2	2146	train	train	5	127702
CZXIQKHTDKBOPO-UHFFFAOYNA-N	S(C1=CC=C(C=C1)C)C(=O)COC2=CC=C(C=C2)C	-7.4	820	train	validation	9	5467
MAIYDNZVOBREIJ-GYZVNBTLNA-N	C1=CC=C2C(=C1)C(NC=3C=C(NN3)C)=NC(=N2)NC4=CC=CC=C4	-10.5	10474	train	train	1	94052
VXRYQXITUHHEHO-LQFNOIFHNA-N	C=1C(OC(F)(F)F)=CC=2C(C1)=C(C=CN2)NC(C)CCCN(CC)CC	-7.8	7030	train	train	8	37820
CBVYNORCHALGIN-LQFNOIFHNA-N	S(C=1N(C(=NN1)C2=CC(=CC=C2)C)C3=CC=C(C=C3)C)CC(=O)NCCN4C(=O)CSC4=O	-9.9	179	train	train	2	193364
RIEOMRIILBWCJH-HXTKINSTNA-N	O(C1=NC=NC=2N(CC(=O)NC=3C=C(C(=CC3)C)C)C=NC21)CC4=CC=CC=C4	-10.3	12553	train	train	1	122540
GWRGVEOEXIBMJH-UHFFFAOYNA-N	BrC=1C2=C(OC(=C2)C3=CC=C(O)C=C3)C(OC)=CC1O	-8.2	6509	train	train	8	37632
QGNNLWUYKGXMEE-MPIMZMORNA-N	FC=1C=C(CN2CCCCC(NC(=O)C=3C=CC(=CC3)C)C2=O)C=CC1	-10.1	1	train	train	2	200328
IABHINPLVPAGJI-HCKMINDGNA-N	FC(F)(F)C=1C=C(N(=O)=O)C(NNC(=O)C=2OC=CC2)=C(N(=O)=O)C1	-8.4	30867	test	test	7	120522
CRKRTOFODBJDPH-UHFFFAOYNA-N	S(CC(=O)C=1C=2C(NC1)=C(CC)C=CC2)C=3N(C)C=NN3	-8.7	393	train	validation	6	172801
MUZMLJBHFNWKSQ-IGOJGBNBNA-N	[C@]1(C[C@H]2CC[C@@H](C1)N2C3=CC=C(C=4C3=CC=CC4)C#N)(O)CC	-8.5	8438	train	train	7	95171
HQUDWRKDNVDREX-HXTKINSTNA-N	S(N1CCNCC1)(C=2C=C3C=C(C=4C(=NC5=C(C4)C=CC=C5)O)NC3=CC2)(=O)=O	-10.6	8517	train	train	1	73871
ZOYMMCDMZBCXKY-UHFFFAOYNA-N	O1C(C(=O)N2CCC3(CC2)CCN(CC3)C=4N=CC=CN4)=CC=C1	-8.7	1	train	train	6	20682
SMPJBTIFNUUWGQ-HCKMINDGNA-N	FC(F)(F)C=1N(N=CC1C(O)=O)C2=CC=CC=C2	-7.1	37728	test	test	9	164297
HJSPWKGEPDZNLK-UHFFFAOYNA-N	OC=1C=CC(CC2=CC=CC=C2)=CC1	-7.9	5342	train	train	8	181559
ILJMBLOOMBFDMR-HCKMINDGNA-N	S(=O)(=O)(N1CCCCC1)C=2C=C(C=CC2F)C(=O)NC=3SC=NN3	-8.9	609	train	train	6	136803
AKZHPJMVGQRYGX-NDKGDYFDNA-N	S1C=C(N=C1NN)C2=CC=C(N)C=C2	-6.9	474	train	train	9	181068
SHEYSFNFGPCKNK-QWOVJGMINA-N	S1C(=NC(C=2C=C(C=CC2)COC)=C1)C(NC(=O)C)C3=CC(F)=CC=C3	-9	11598	train	train	5	225977
ZRQOUZWNXZFZQK-GAJRPKRDNA-N	S(C=1OC=2SC(=CC2C1)CNCCOCC)(=O)(=O)N	-6.7	7696	train	train	9	54550
NFODXFUERKMFSF-OPAUPWCANA-N	N1([C@H]2[C@H](O)[C@@H]([C@H]3[C@@H]2C3)O)C4=C(C(=NC(=N4)Cl)NCC5CC5)N=C1	-8.2	30	train	validation	8	90419
ALCQAYFLDDBPEU-XWKXFZRBNA-N	ClCCC(=O)NC1CCCCN(C1=O)C	-6	1	train	train	9	122049
YDQYCQZPMXCGMM-SDRQFZCRNA-N	C=1(C=CC(C2=C(C3=CC=C(C=C3)S(=O)(N)=O)CCC2)=CC1)OC	-9.3	53	train	train	4	48916
QVNUOJRVQDGJQW-XZOQPEGZNA-N	C1C([C@@H]2N([C@H](C3CC3)CCC2)S(C=4C=CC(Cl)=CC4)(=O)=O)(OC(N5CCN(CC5)C(CO)(C)C)=O)C1	-9.8	8486	train	train	3	47351
CYADHHTVUJXUQG-XUZZJYLKNA-N	S(=O)(=O)(N1O[C@H](C[C@H]1CNS(=O)(=O)C2=CC=C(C=C2)C)C3=CC=CC=C3)C4=CC=C(C=C4)C	-10	34076	test	test	2	141192
JXQSPGOQAOPDRU-MPIMZMORNA-N	S(O)(O)(=CC=1N=C(OC1C)C2=CC(OC)=CC=C2)=CC(=O)NC3=CC=C(C=C3)C(=O)C	-8.8	271	train	train	6	201828
QKYBBNMPJXASCG-QPJJXVBHNA-N	ClC1=CC=C(/C=C/C(OCCN2C(=NC=C2N(=O)=O)C)=O)C=C1	-8.3	1070	train	train	7	41134
YZCWZTFSJLJQLC-VAHRAGDMNA-N	S(N[C@H](C(NC(C(N[C@H]([C@H](C[C@@H](O)CC)O)CC1CCCCC1)=O)SCC=C)=O)CC2=CC=CC=C2)(N3CCOCC3)(=O)=O	-8.9	1	train	train	6	57496
HPFJVSRZYNTHHT-UHFFFAOYNA-N	N1C(NC2=C3C1=CC=CC3=CC=C2)C=4C=C(C=CC4)C	-10	831	train	train	2	141194
ZATIXFIANBVNRV-UHFFFAOYNA-N	ClC1=CC=C(C2=NC(N3CCN(CC3)C)=C4C(=N2)C=CC=C4)C=C1	-9.5	6	train	train	4	166853
MXBVVVDUUIDCNR-SPEPDGBUNA-N	C=1(C2=C(C=CC(NC(C#CCOC)=O)=C2)N=CC1C#N)NC=3C=C(Br)C=CC3	-8.7	1432	train	validation	6	91248
HGGVSGQHMAIPSB-PDJAEHLQNA-N	S=C(NC1=C(C=CC=C1C)CC)NCC=2C=C3C(N(C(=C3)C)C)=CC2	-8.4	36560	test	test	7	156814
JPEHVOPPXQKKAL-LILDFLRNNA-N	S(=O)(=O)(NC1CCSC=2C1=CC=CC2)C=3C=C(NC(=O)C)C(OC)=CC3	-9.3	51805	test	test	4	254327
JKNLNOBJEHXTCG-HCKMINDGNA-N	O=C(O)C1=CC(NCC2=CC=CN=C2)=C(C=C1)C	-8.2	15278	train	train	8	256643
RATNAGBBCKDEKK-LILDFLRNNA-N	S(CCOC1=CC=2CCCC2C=C1)C3=NC(=CC(O)=N3)C	-8.7	19522	test	test	6	190297
SKZVJZQVXSCUCD-LNNLXFCONA-N	C1(C=2C=CC(=CC2)F)=NNC(=C1C=3C=CN=CC3)C4CCN(CC4)C(C)=O	-10.9	756	train	train	0	40636
IXLLRNNFUYEADZ-NEQLIHFBNA-N	OC=1N(C2CCN(CC2)CCNC(=O)C3=CC=4C(C=C3)=CC=CC4)C5=C(N1)C=CC=C5	-11	73	train	train	0	205180
GVEWBUJRQFIULE-UHFFFAOYNA-N	N1(C(C2=CC=CC=C2CC1=O)=O)CCCCN3CCN(C4=NSC=5C4=CC=CC5)CC3	-11	7546	train	train	0	76918
HQBSNIDDYLTICY-UHFFFAOYNA-N	O(C1=CC=C(OCCCCC)C=C1)C(=O)C=2C=CN=CC2	-7	258	train	validation	9	508
ULJCZWDQKOAOPP-UHFFFAOYNA-N	ClC=1C=CC(C2=NN(C(C2)C=3OC=CC3)C(=O)C=4OC=CC4)=CC1	-9.2	2357	train	train	5	129504
FUJCODGQRRJPPD-XILPHMGXNA-N	ClC=1C=C(CN(C[C@H]2OC=3C(C(=O)N(C[C@@H]2C)[C@@H](CO)C)=CC=CC3NC(=O)CCC(F)(F)F)C)C=CC1Cl	-10.2	5379	train	train	1	256648
KMJGFTATOAQJQV-DPLQAOKXNA-N	C1=CC=2C=C(C(NC(NC=3C(=CC(C)=CC3C)C)=O)=CC2C=C1)C(=O)NC(C4CCC(CC4)(F)F)C(O)=O	-11.6	7607	train	train	0	110433
WWOYQSWWTOCBFH-NJRBHFCFNA-N	ClC=1C=CC(N/C(=N/C=2N=C(C=C(O)N2)C(F)(F)F)/N)=CC1	-8.7	7319	train	train	6	145374
HWSZBFSUTVOFHY-QWOVJGMINA-N	O(C1=C2C(C3=NC=C(C(O)=C3C(=C2)C(OCC)=O)C#N)=CC=C1OC)C	-8.2	50248	test	test	8	244166
SRTONYAWGLMSSN-PKRZOPRNNA-N	C=1(C=2C(=CC(=C(C2)OC)OC3CCN(CC3)C)N=CC1C#N)NC=4C=C(OC)C(=CC4Cl)Cl	-8.4	1432	train	validation	7	61537
CWNSGIIQKNPWGE-QWOVJGMINA-N	S1C(C(N(C2=CC(OC)=CC=C2)C(=O)C#C)C(=O)NC3CCCC3)=CC=C1	-7.9	557	train	train	8	201142
PBQYISQCMMDVJG-HXTKINSTNA-N	S1C2=C(C(=O)N(N=C2C)C(CC)C(=O)NCCC3=CC(OC)=C(OC)C=C3)C=4C1=CC=CC4	-10	965	train	train	2	191228
IQYRFQMFJGRSSM-LBOYIXSDNA-N	S1C=2C(NC(CC2C(=C1NC(=O)C=3C=CC(S(=O)(=O)N(CCOC)CCOC)=CC3)C(OCC)=O)(C)C)(C)C	-7.9	106	train	train	8	130794
USFKKPCGKUMVGA-UYBDAZJANA-N	S(=O)(=O)(NC(C)C)C1=CC=C(OCC(=O)NC=2C=C3OCCOC3=CC2)C=C1	-9.6	1	train	train	3	126862
URBKURHLTOGSSM-RJIZVNQINA-O	S(C1=C([C@H]2N(C(=O)[C@@H]2[C@H](O)C)C1C(O)=O)C)C3C[N+]=4N(C3)C=NC4	-7.8	23955	test	test	8	17490
FMCHXXHCWOCVRD-LNNLXFCONA-N	ClC=1C=C(C(=O)COC(=O)CCC2=NC3=C(C(O)=N2)C=CC=C3)C=CC1	-9.6	49083	test	test	3	236871
ZYFBLOQNIMHLJB-MMRXBHCZNA-N	O=C(NC1C(CCCC1)C)COC(=O)C=2C=3C(N=C(O)C2)=CC=CC3	-9.7	1	train	train	3	171856
BFMZVAGSDKNEJI-NDKGDYFDNA-N	S1C=2CC(CCC2C3=C1NC(=S)N(C3=O)C)C	-7.7	390	train	validation	9	233146
GAYAYPTVFXGIKO-UHFFFAOYNA-N	FC(F)(F)C=1C(CC2(CCN(CC2)C(CCN3N=CC=C3)C)C(OCC)=O)=CC=CC1	-8.6	11842	train	validation	7	231222
BETHHWMSPNBMSR-UHFFFAOYNA-N	O1C(CN(CC1C)C2=C(C=C(N(=O)=O)C=C2)C#N)C	-7.9	49617	test	test	8	240068
GIZJTKMNZOZPFC-JPFIDVSANA-N	C=1(N(N=C(C1)C(F)(F)F)C=2C=C3C(=NOC3=CC2)N)C(NC4=C(N5C(=NC=C5)C)C=C(N6C(=NC=C6)C)C=C4)=O	-12.2	6453	train	train	0	33038
UDMMPCKONRILBE-UHFFFAOYNA-N	S1C(=C(N(N2C(=NN=C12)CC)C(=O)CC)C3=CC(OC)=C(OC)C=C3)C(=O)CC	-8.3	11955	train	validation	7	122340
SDPYMZWEYMJMGO-VIFPVBQENA-N	N[C@H](C(N1CCCC1)=O)CC(C)C	-5.7	1	train	train	9	206542
VYGJNGJRTPHPPA-UHFFFAOYNA-N	C1(N2CCN(CC2)C)C=3C=C(C=CC3SC4=C(C=CC=C4)C1)C=5N=NN(N5)C	-9.5	10081	train	train	4	63661
UFFVYLYYQFBQCZ-UHFFFAOYNA-N	C1(N(C=2C=CC=CC2CC1N3CCN(CC3)CC=4C=CC(=CC4)Cl)C)=O	-9.7	1	train	train	3	58427
NRKZYPGMNRQDCC-TWXFEFBUNA-N	C=1C=C(C(=CC1C(=N)N)S(=O)(NCCC2=CC=C(C=C2)C(C)C)=O)O	-9.2	1	train	train	5	91784
QYQNCRUOXOYURK-QWOVJGMINA-N	FC=1C(CCNC(=O)CCC=2OC(=NN2)C3=CC=4OCOC4C=C3)=CC=CC1	-9.5	13672	train	validation	4	174126
CGPRFPCELPZFJA-FQFUPTBWNA-N	BrC=1C=C(C(=O)NCC(=O)NN=CC=2NC=CC2)C=CC1	-8.6	46203	test	test	7	218748
YGWWWOHHYATUIB-UHFFFAOYNA-N	O1C(NC2=C(C=CC=C2)C(OCC)=O)=C3C(=C1O)C=CC=C3	-9.1	20397	test	test	5	213499
IKKBSTHJSYHHHQ-UHFFFAOYNA-N	S(CC=1N=NN(C2=CC=C(F)C=C2)C1)C=3OC=4C(N3)=CC=CC4	-9.1	7559	train	validation	5	105457
CKEHNJZQODAPNT-UHFFFAOYNA-N	N1(C2=C3OCCC3=CC=C2)CCC(CC1)CNCC4OC=5C=CC=CC5OC4	-10.1	28272	test	test	2	89723
IOUSMYRYFCYRJU-QWOVJGMINA-N	N1(CCN(CC1)C=2C(=C(C=CC2)C)C)CCC3=CC=4NN=NC4C=C3	-10	11098	train	train	2	104371
IHWCRPYVXLHSBS-MPIMZMORNA-N	S(=O)(=O)(N(C=1C=CC(=CC1)C(=O)NC=2N=CC(=CC2)C)C)C3=CC=C(C=C3)C	-10	1	train	train	2	143752
QRCDVMTVNXZJMW-ZSOXZCCMNA-N	C=1(C=CC(S(N2[C@H](CCCC2)C)(=O)=O)=CC1)C(O)(C(F)(F)F)C	-7.7	1	train	train	9	39818
SDQYYGMSGIVRSP-LQFNOIFHNA-N	S(=O)(=O)(N(CC(=O)NCCSCC=1OC=CC1)C2=CC=C(OC)C=C2)C3=CC=C(C=C3)C	-9	1	train	train	5	250719
NWCCWSWQAFETLG-VCENEGSRNA-N	N(C(=O)NCCN1CCCC1)C2=CC3=C(N=CN=C3C=C2O[C@@H]4COCC4)NC=5C=C(C(=CC5)F)Cl	-10.1	6	train	train	2	99411
CNDIRRPUJPHPNW-OKPOJWAQNA-N	C1(=C(C=C(C(=O)NC=2C=CC(CN3CCN(CC3)C)=C(C(F)(F)F)C2)C=C1)C#CC4=CN=CN4C)C	-9.2	483	train	train	5	90080
XQYQBGJXOSJFNM-UHFFFAOYNA-N	BrC1=CC=C(C(C2C(=O)CC(CC2=O)(C)C)C3C(=O)CC(CC3=O)(C)C)C=C1	-10	3571	train	train	2	126826
FOGWWSYFICDSNU-VUEOKQGPNA-N	N=1C=2C(C3=NC(=NN3C1NC(=O)NC4=CC=[N+](C=C4)O)C5=CC=CO5)=CN(N2)C	-10.1	1053	train	train	2	68878
ABRSFICDYAFAJR-NPVYFSBINA-N	O=C(NC1=C(C=CC=C1)C)CCNC(=O)C=2C=CC(=CC2)C	-8.7	1	train	train	6	197826
QKXHMCGQQAEFLP-LILDFLRNNA-N	S1C=2CC(CCC2C(C=3N(CCCC)C(S)=NN3)=C1)C	-7.7	3157	train	train	9	225529
ADFOFBMTHOLHHF-HXTKINSTNA-N	O1C(C(C)(C)C)=CC(=C1C(=O)N(CC(=O)NC2CCCC2)C3=C(C=CC=C3C)C)C	-9.3	13047	train	train	4	128206
AQYMRQUYPFCXDM-LILDFLRNNA-N	OC=1C(=CC2=C(C1)C=CC=C2)C(=O)NC3=C(OC)C=CC=C3	-9.1	1	train	train	5	212862
YSKSFEBGYCZUDM-JUMLLBEWNA-N	ClC=1C=CC(/C(=N\NC(=O)CNC(=O)CC2=CC=CC=C2)/C)=CC1	-7.8	11843	train	train	8	187144
HNJZNEGUNFNWBZ-RDGNVCKTNA-N	C([C@@H](C[C@@H]([C@H](CC(CCCC=1C=C2C=CC=CC2=CC1)(C)C)N)O)C)(=O)NCCCC	-9.4	5188	train	train	4	74894
QBOGGKLXQCLUEG-ZPLWVSAQNA-O	[S+](O)(O)(C1=NC=C(C(OCC(=O)NC2C3CC4CC2CC(C3)C4)=O)C=N1)=C	-8.4	25710	test	test	7	44074
UWVIAYICEXROKR-UHFFFAOYNA-N	OC=1N(C2=CC(N(=O)=O)=C(N3CCN(CC3)C4=CC=C(OC)C=C4)C=C2)C(O)=CC1C	-9.6	3522	train	train	3	251573
SCZSPXPOVBDRAK-UHFFFAOYNA-N	O=C(N1CCN(CC1)C(=O)C)C2=CN3C(N(CCCC)C)=C(N=C3C=C2)C	-8.2	11214	train	validation	8	144460
QLWLYDIMXCEXCV-UHFFFAOYNA-N	O=[N+]=CC=1N(CCCCCCN2C(=CC=CC2)C=[N+]=O)CC=CC1	-7.5	9829	train	train	9	122139
LMDJVQZMFVCXPC-IGBJZSFZNA-N	C=1(C=CC(CNC(C2=C(N=C(S2)C3=CC(=CC=C3)C(F)(F)F)C)=O)=CC1)OC(C(O)=O)(C)C	-10.2	5893	train	validation	1	107555
VEOLXQJODKLJIN-UHFFFAOYNA-N	O(CCCCNCC=C)C1=C(N(=O)=O)C=C(C=C1)C	-6.8	1	train	train	9	182520
YZGNFPYAFSQLJZ-UHFFFAOYNA-N	FC1=CC=C(C=2CCN(C(C3=CC=C(C=C3)C)C=4N(N=NN4)CC5=CC=CC=C5)CC2)C=C1	-11.8	291	train	validation	0	248227
KBEAWKJFERFKNR-DRVCWQMLNA-N	FC=1C(C(=O)NC2=C(OCC)C=C(NC(=O)C=3C(=CC=CC3)C(=O)O)C(OCC)=C2)=CC=CC1	-9.9	46078	test	test	2	218086
AOWZDPBQEYVHHI-UHFFFAOYNA-N	S(=O)(=O)(N(CC(=O)N1CCN(C=2C(OC)=CC=CC2)CC1)C)C=3C=C4C(N(C(=O)N(C4=O)C)C)=CC3	-11	353	train	train	0	12581
YBAZYAGYIKFLBE-MPIMZMORNA-N	S(=O)(=O)(N1CCOCC1)C2=CC=3N(CC(=O)NCCCN(CCCC)C)C(=O)CSC3C=C2	-8	1	train	train	8	160698
OFXJPNXUBAZXQG-LNNLXFCONA-N	O=C(NC1=NC=CC=C1)C2CCN(CC2)C3=NC=NC=4N5CCCCCC5=NC34	-10.8	4976	train	train	0	149661
WIXLZNPWJMZRNQ-MZSCVVMKNA-N	S(CC1=NC(NC2=C(OCC)C=CC=C2)=NC(=N1)N)C=3N(C)C=NN3	-8.5	15973	train	train	7	199163
RHMNNJWCWCACTK-IHPCNDPINA-N	FC(F)(F)[C@@](O)([C@@H]1[C@@]2(C(CCC1)=CC=3N(C2)C=NC3C4=CC=C(F)C=C4)C)C	-9.7	6926	train	train	3	47450
JHVVPLKZUXUEJW-QWOVJGMINA-N	ClC1=C(S(=O)(=O)N2CCN(CC2)C(=O)C=3OC=CC3)C=C(C(Cl)=C1)C(O)=O	-10	46228	test	test	2	218972
MGXIWSRXKAFNPA-LRYDDYPDNA-N	S1C(=C(C=C1)C)/C=N/NC(=O)/C(/NC(=O)C=2C=CC=CC2)=C\C3=CC=C(OC)C=C3	-9.6	20243	test	test	3	245024
AVQACDOULFBSTD-LQFNOIFHNA-N	O(C=1C=C2C(C(=O)N(C2=O)C3=CC=C(O)C=C3)=CC1)C4=CC=C(NC(=O)CC)C=C4	-10.1	1	train	train	2	125682
IDYPPINOEMTNLD-LILDFLRNNA-N	O(C1=CC=C(NC2=C3C(=NC(=C2)C)C=CC=C3)C=C1)C	-8.7	3754	train	train	6	203478
CPKKFZVGXIITLW-KARVIEMNNA-N	N=1C(=C2N=C(CNC3=C(OC)C=CC=C3C)C=NC2=NC1N)N	-8.9	1145	train	train	6	89044
YAZDVRGMFINMOX-ZFWWWQNUNA-N	C1N(CCC(C1)NCC(N2[C@@H](C[C@@H](C2)F)C#N)=O)C=3C=CC(=CN3)C(F)(F)F	-9.3	1	train	train	4	49936
AVFLMIJRIAZIOM-UHFFFAOYNA-N	FC(F)(F)C1=CC(=C2N=C(N3CCN(CC3)C)C=NC2=C1)C=4C=C5C(N(C(O)=C5)C)=CC4	-10.5	8343	train	train	1	83985
CQCFAZNDHSUIBD-FPTGWPNKNA-N	C=1(SC=2C=C(Cl)C=CC2C1)C(=O)NCCCC3=CC(C(=N)N)=CC=C3O	-10.2	25210	test	test	1	34526
GBRGJHQHNKMEPR-UHFFFAOYNA-N	C=1C(C=2C=C(C(=C(C2)F)CN3CCOCC3)F)=C4N=C(C=5C=C(C(C(N6CCOCC6)=O)=CC5)C)C=NC4=CC1	-10	7643	train	train	2	70089
YATVHWPPUPOJPS-UHFFFAOYNA-N	N1(C(=NC(=C1)CN2CCN(CC2)C3=NC=CC=C3)C=4C=CC=CC4)C=5C=CC=CC5	-10.5	8533	train	train	1	49922
AWMQFWZQHUTSRC-VEORKLDJNA-N	FC1=CC=C(CNC(=O)NC=2C=C3C(N(N(C3=O)C)CC4=CC(=CC(=C4)C)C)=CC2)C=C1	-10.7	12408	train	train	0	217296
AXHMEMMVGYBXEW-LNNLXFCONA-N	S1C(NC(=O)C2C(=O)N(CCCCCC)C=3C(C2=O)=CC=CC3)=NC(CC(OCC)=O)=C1	-8.2	1	train	train	8	117151
WYEGPKXUIWVQRQ-UYBDAZJANA-N	O=C(N1CCCN(CC1)C)CC2(CCCCC2)CC(=O)O	-7.3	1	train	train	9	156055
RJYFEBFIEBCEPM-UHFFFAOYNA-N	S(=O)(=O)(N1CCN(CC1)C2=NC(=CC(=N2)C)C)C3=CC=C(OC)C=C3	-9.1	1	train	train	5	201502
SZSLEUWJFXSNBT-VJSLDGLSNA-N	C=1(CN(C2=NC3=C(C=CC(=C3)F)O2)CCCOC4=CC=CC=C4)C=C(C=CC1)OC(C(=O)O)CC	-9.8	5878	train	train	3	22624
IRZVQRHERMOSEM-VEORKLDJNA-N	C1=CC(CC=2C(O)=NC(O)=NC2N3CCC(CC3)C4=CC=CC=C4)=CC(=C1)Cl	-10.6	7037	train	train	1	29712
YWBICMHJWOGVGL-OOGOQDFRNA-N	[C@H](C(N[C@H]([C@H]([C@H](CC(C)C)O)O)CC1CCCCC1)=O)(NC([C@@H](CC(N2CCOCC2)=O)CC3=CC=CC=C3)=O)CN(C)C	-9.2	1	train	train	5	57216
UJIALCFJAAVLNZ-PJQSKVNONA-N	N=1C2=C(C=CC=C2)C=3N=C(NC3C1NC4=CC=C(C=C4Cl)Cl)C5CCCCC5	-11	9815	train	train	0	58801
CZSZPXIAMVILDB-PKSOQXRJNA-N	O=C(N1C2(CCCCC2)C=CC1(C)C(=O)NCC3=NC=CC=C3)C	-9.4	51803	test	test	4	254321
NTOXNDUPXCOGPS-PJQSKVNONA-N	C=1(C(=CN(N1)C2=CC=CC=C2)C(NC(NC=3C=CC(=CC3)Cl)=S)=O)C=4C=CC(=CC4)F	-9.7	1252	train	train	3	92042
FEJVSJIALLTFRP-FFLKVTLYNA-N	O(C([C@H](OC1=NC(OC)=CC(OC)=N1)C(=O)O)(C2=CC=CC=C2)C3=CC=CC=C3)C	-8.2	13174	train	validation	8	169349
LAPJDSPQNWHMFM-UHFFFAOYNA-N	FC1=C(C2=CC=3C(=C(N(C3C=C2)C)C4=CC(OC)=CC(OC)=C4)C5=CC=C(OC)C=C5)C=CC(OC)=C1	-8.9	13791	train	validation	6	187516
AUAFVGXISBLFSK-UHFFFAOYNA-N	FC(F)(F)C=1N=C(N2CCN(CC2)C(OCC)=O)N=C(C1)C=3OC=CC3	-8.7	245	train	train	6	2177
QDHSKZROUGYRTF-KARVIEMNNA-N	N1=C(N=C2C(=C1N)C=C(C=N2)NC3=CC(=CC=C3F)F)N	-9.2	7845	train	validation	5	43379
MGMMFJAPCZMKRX-HCKMINDGNA-N	S(CC1OCCCC1)C=2N=C3C(=C(O)N2)C=CC=C3	-8.6	1660	train	train	7	148648
BPIYHGYRVVJDMW-RBKNHIRHNA-N	O=C1N([C@H](CN2[C@@H](CCC2)CN3[C@H](CNC(=O)C3=O)CC4=CC=CC=C4)CC(C)C)C[C@@H](N(C1=O)CCC5=CC=C(OCC)C=C5)CC=6C=CC(O)=CC6	-10.1	1	train	train	2	220155
QQBQJNWZCRKQPS-UHFFFAOYNA-N	ClC=1C=2N(C(CC3=CC(F)=CC=C3)=C(N2)C4=CC(Cl)=CC=C4)C=C(C1)C(F)(F)F	-10.6	4467	train	train	1	163349
VPRTVDHHTJBITP-OALUTQOANA-N	FC1(F)CN(CC1)C(=O)[C@@H](N)[C@H](C=2C=CC(=CC2)C3=NC=4N(N=CC4)C=C3)C(=O)N(C)C	-10.8	1	train	train	0	67705
HXURILCBOQNDPH-UHFFFAOYNA-N	S1C2=NC(=NN2C(=O)CC1C3=CC(OC)=C(OCC)C=C3)C45CC6CC(C4)CC(C5)C6	-10	19267	test	test	2	185111
NNOXRNQSZZKVKE-GPQMBLKYNA-N	N=1NC(=C2CCC=3C(C12)=CC=CC3)C=4C=CN=CC4	-9.6	11153	train	train	3	214620
CLIRKOSWLQJQNH-JYDHYLHONA-N	C=1C(=CC2=C(C1)C(=C3C(O2)=CC(C=C3)=O)C4=CC(=C(C=C4)NC(NCCC5=CC(=C(C=C5)O)O)=S)C(O)=O)O	-10.9	28306	test	test	0	90280
LMWKGVHGBOZNCF-VJTSUQJLNA-N	C=12N(N=CC1C[C@]3(C(=C2)CCC[C@@H]3[C@H](C4=CC=C(C=C4)F)O)C)C5=CC=C(C=C5)F	-11.2	7431	train	validation	0	107529
CPXQUDGRNRLKDJ-UHFFFAOYNA-N	ClC1=CC=C(C2N(C3CCCCC3)C(=O)CN(C4CCC(CC4)C)C2=O)C=C1	-9.9	1	train	train	2	115899
PHXREEFTPPBZIF-HBSCBHPYNA-N	C1N([C@@H](CC1)CCCCN2CCN(C3=CC=CC(=C3)Cl)CC2)C(=O)CC4C5CCC(C5)C4	-9.9	1	train	train	2	98637
JPRKZUOLLPBRCW-GPQMBLKYNA-N	BrC1=C(C(=O)NN=CC=2C=C(Cl)C=CC2O)C=CC=C1	-8.5	3904	train	train	7	195481
GRVOEPUJKPFUKG-SDRQFZCRNA-N	C12=NC(C=3OC=CC3)=NN1C=C(N=C2N)C#CC(C4=CC=NC=C4)(O)C	-8.9	7665	train	train	6	76618
DZHNCCIJYHCPHD-OLOYEGPONA-N	O(C=1C=C([C@H]2[C@H](NC=3C=4C(N=CC3C#N)=CC(OC)=C(OC)C4)C2)C=CC1OCC5=CC=CC=C5)C	-9.5	5718	train	train	4	171686
GJXVAXLHVFVWIR-UHFFFAOYNA-N	ClC=1C=C(N(C(=O)CC=2ON=C(N2)C=3C=CC(OC)=CC3)C)C(OC)=CC1OC	-8.9	13762	train	train	6	239740
PDWRZBSKQUYRCV-UHFFFAOYNA-N	OC=1C=CC(CC=2N3C=C(C4=CC=CC=C4)C=NC3=NN2)=CC1	-9.4	28649	test	test	4	96362
QRWDWOIYMGCWKG-PKSOQXRJNA-N	ClC1=C(C(=O)NCCC=2N=C(SC2)C=3C=CC=CC3)C(F)=CC=C1	-9.2	6095	train	train	5	143631
FBVCIVLCVSGLIF-NVQSTNCTNA-N	O(C=1C=C2/C(/NNC2=CC1)=C/3\N=C4C=C(N5CCC(N6CCCCC6)CC5)C=CC4=N3)C=7C=C(OC)C=CC7	-10.7	6094	train	validation	0	71278
BYYYCNUDMZSOGS-LBOYIXSDNA-N	C1=C(C=C2C(=C1)C(=CC=C2)C(NC3CCC3)=O)OC=4C5=C(N=CC4)C=C(C(=C5)OC)OC	-10	1179	train	train	2	22495
CQWFGMZHJNVDTC-UHFFFAOYNA-N	O(C1=C(OCC)C=C2N=CN=C(C2=C1)C#CC=3N(C4=CC=CC=C4)C=CN3)CC	-9	28262	test	test	5	89600
JFJQCQAUBVYCLI-UHFFFAOYNA-N	S(=O)(=O)(N1CCN(CC1)C2=CC=CC=C2)C3=C4N=CC=CC4=CC=C3	-9.4	1	train	train	4	157140
HUJRWWKCYFJKQU-UHFFFAOYNA-N	CC1=CC=C2N=C(OC2=C1)C3=CC=C(O)C=C3	-7.8	428	train	train	8	129273
HBUZHZJOHCSLDL-QOGCQPIENA-N	[C@@H]1(CC[C@H](CC1)C2=CC=CC=C2)C(NCCCCN3CCN(CC3)C=4C=CC=CC4OC)=O	-8.9	1	train	train	6	79069
CNTBNKNPMIFGMN-KUZQTNIQNA-N	C=1C=C(C=CC1CNC(NCCCC)=O)CN2C(=NC(C2=O)(CC(C)C)CCC3CCCCC3)N	-8.7	7471	train	train	6	89087
ZINFUAVVCNJLBU-UHFFFAOYNA-N	O(C=1C=C2[N+](=C(C=CC2=CC1)/C=C/C3=CC=C(N(CC)CC)C=C3)CC)C	-8.7	13392	train	train	6	160968
FWERKMWHSSZVLO-WYUMXYHSNA-N	C=1(C=C(C(N)=CC1)C(=O)CCNC(C2CC2)=O)Cl	-7.1	15068	train	validation	9	250565
VZGYTIMXFWIIJM-HEHNFIMWNA-N	C(=C(/SC1=C(N)C=CC=C1)\N)(\C=2C=C(C(C=3C=NC=CC3)O)C=CC2)/C#N	-8.8	8969	train	train	6	64075
LTPWRNUOYXUBGY-QWOVJGMINA-N	N1(C=2C=CC(=CC2)C)CCN(CC1)CCNC(C3=CC(OC)=CC=C3)=O	-9.3	1	train	train	4	108676
RKPCHPKUHJRDOT-UHFFFAOYNA-N	S(=O)(=O)(NN=C(C=1C=CC=CC1)C=2SC=CC2)C3=CC=C(C=C3)C	-8.2	39719	test	test	8	177034
CUGYBKRVGCDZPN-UHFFFAOYNA-N	S(=O)(=O)(N1CCN(CC1)CC2=CC=3OCOC3C=C2)C4=C(C=CC5=NSN=C45)C	-10.5	1	train	train	1	125333
LFMCGFGEHHNOOT-YJZIDXFYNA-N	S(=O)(=O)(N)C=1S/C(/N(N1)C)=N\C(=O)CCSSCCC(=O)/N=C/2\SC(S(=O)(=O)N)=NN2C	-8.3	475	train	train	7	108410
GACYULOPBWQXQH-YAQRNVERNA-N	N1C=2C(N3CCCC3C1=O)=CC=C(C2)CN(C)C	-8.3	7276	train	train	7	33630
BSEODYOFZXTHSQ-MPIMZMORNA-N	N(C1=NC(N2C=NC=C2)=NC(=N1)NC(C)C)(C3=CC=CC=C3)C4=CC=CC=C4	-9	825	train	train	5	2119
WHFIDJWDPJKIGP-DVIAZDKANA-N	ClC1=C(N2CCOCC2)C=CC(NC(=O)CSCC(=O)NC=3C=CC(=CC3)C)=C1	-8.8	21611	test	test	6	3626
WAZJWHPIVQICGM-UHFFFAOYNA-N	BrC1=C(N2C(=C(N=C2C=C1C)C(C)(C)C)CC=3C(OC)=CC=CC3)C	-8.7	11294	train	validation	6	119042
IXYUGLGTMIXVHB-SPEPDGBUNA-N	N1=CN=C(NC=2C=NC3=C(C=C(N3)C)C2F)C4=C(C(=CN41)C5=NN=C(O5)C)C(C)C	-10.6	5795	train	validation	1	106749
NYERASRLDJJUTD-UYBDAZJANA-N	ClC=1C=C(S(OC2=CC=3OC(=O)C=C(C3C=C2)CC(=O)NC)(=O)=O)C=CC1	-9.4	28856	test	test	4	100015
JZJPIXSLZQLFLX-LNNLXFCONA-N	C1=CC(=CC=2CCCC12)OCC3=CC=CC(=C3)C(NCC4=CC=CC=C4)=O	-10.5	32289	test	test	1	129780
MNWHXOVDZITNCZ-LKHHGCNMNA-N	S(O)(O)(=NC1=CC(C=2C(=NN(C3=CC=4C(C=C3)=CC=CC4)C(=O)C2)C)=CC=C1)=CC	-10.8	10007	train	train	0	95333
IZAGQAWPQKJTHN-YLBMWQQONA-N	O=C(NC=1N(N=C(C1)C(C)(C)C)C=2C=C(C=CC2)C(=O)NCCCCO)NC=3C=4C(C=CC3)=CC=CC4	-10.9	34	train	validation	0	13965
NKOLEANLYARLCE-WKAABZQDNA-N	ClC1=CC(NC(=O)CSC=2NN=C(CC3=CC=C(OC)C=C3)C(=O)N2)=C(C=C1)C	-9.5	5211	train	train	4	136391
KPMDEXHFZCOELR-WYUMXYHSNA-N	BrC=1C(NC(=O)C2=C(ON=C2C)C)=C(F)C=C(F)C1	-7.4	135	train	train	9	234722
SLTZAOYTKIYTLK-UHFFFAOYNA-N	ClC1=C(N)C=C(C(OCC(=O)N2CCN(CC2)C(=O)COC(=O)C=3C=C(N)C(Cl)=CC3)=O)C=C1	-10	1	train	train	2	241717
JUAIWHXYTTXXIR-GPQMBLKYNA-N	BrC=1OC(C(=O)NC=2C=CC(CN3CCOCC3)=CC2)=CC1	-8	1	train	train	8	228477
OTWOPLWNMUDINX-BIHGAMHLNA-N	C=1C=C(C(NCC2=CC3=C(C=C2)NN=C3)=CC1)C4=NN=C(N4)NC5=CC6=C(C=C5)OCCO6	-11.3	8234	train	validation	0	96863
XNEGTXKJUFNNJJ-DGTVHENSNA-N	C([C@@H](C[C@@H]([C@H](CC(CCC=1C=C(CO)C=CC1)(C)C)N)O)C)(=O)NCCCC	-8.4	5188	train	train	7	131372
IDEFNCOOINDZTH-HWHDIUAINA-N	ClC1=CC(NC=2N=C(C=C(C2C(=O)N)C)C)=C(OC)C=C1	-8.6	18393	test	test	7	256985
VTZRFKXPLDMBKO-UHFFFAOYNA-N	C1=C2C(C=C(C=C2)Cl)=CC=C1S(N(C3CCCN(C4=C(F)C=C(C=C4)C5=CC=CC=C5S(C)(=O)=O)C3=O)CC(OC)=O)(=O)=O	-10.9	1	train	train	0	67324
UAKWLVYMKBWHMX-KMRYCBTLNA-N	O=C\1NC2=C(/C1=C\C3=CC=C(N(C)C)C=C3)C=CC=C2	-8.6	14	train	train	7	19209
ODMLUIATXKBXOW-HRNBZBKQNA-N	C1=CC=C2N3C(OCCC3)=C(C2=C1)C(NCC4CCN(CC4)CCCCCC(=O)O)=O	-8.3	5782	train	train	7	20687
DPLSPVPSCNGGTJ-UHFFFAOYNA-N	O=CN(C(CCC=C(C)C)C)C(CCC=C(C)C)C	-6.6	38701	test	test	9	170452
WPUYPSITBWQJGY-UHFFFAOYNA-N	O(C1=CC2=C(C=3CCCC3N=C2C=C1)C4=CC=CC=C4)C	-8.7	2104	train	train	6	6251
JWQRJKUZDUQDNX-ZGQWZVPSNA-N	N1=C2C=C(SC2=C(C=C1)OC3=CC=C(C=C3F)NC(C=4C=NN(C4C(F)(F)F)C5=CC=CC=C5)=O)C6=CC=C(C=C6)C(N(C)CCN(C)C)=O	-9.1	6407	train	train	5	28751
QRXVDARPOCYEEF-WYUMXYHSNA-N	S(=O)(=O)(N(CC=1OC=CC1)CC(=O)O)C2=CC=C(F)C=C2	-7.3	12378	train	validation	9	117838
BNCGKTRZEQLJTC-GPQMBLKYNA-N	S(=O)(=O)(NC=1C(=CC=C(C1)C)C)C2=CC=3OC(O)=NC3C=C2	-9	6210	train	train	5	182397
WWKHLSANYDLDKY-UYBDAZJANA-N	C1(=NC2=CC=CC=C2N1)C3=CCN(CC3)CC=4C=CC=CC4	-9.2	6988	train	train	5	33340
CJJAMOWGVJUCTF-CMJYGJQNNA-N	N=1C2=C(CC(CN2)CCC=3C=C(OC)C(=CC3)OC)C(=NC1N)N	-9.4	10874	train	train	4	89635
QDQIRIIGHPILRK-PKSOQXRJNA-N	O(C(C(=O)C=1C=CC=CC1)C)C(=O)CCCC(=O)NC=2C=CC=CC2	-8.3	14200	train	train	7	140396
APWGKQAYROBBCL-CKFYMFOVNA-N	C1=C(C(C=2C(=CC=CC2Cl)F)=O)C=C3N(CC4=C(C=CC=C4F)F)C(=NC3=C1)N	-10.3	27944	test	test	1	84668
BMQZPQILPPJLED-UHFFFAOYNA-N	S(C1=CC=C(CN2CC(OC3=CC=C(N4C=CN=C4)C=C3)(CC2)C)C=C1)C	-9.1	11189	train	validation	5	194395
YPHNHCMGZUXYHV-UHFFFAOYNA-N	O=C1CC(CC(=O)C1C=NCC2=CC=3OCOC3C=C2)(C)C	-9	19804	test	test	5	256077
IVTQRCDGEGHRJA-HXTKINSTNA-N	C1(=CC=C(C=N1)C(=O)NC=2C=CC=C(N2)C)N3CCC4=C(C3)C=CC(=C4)OCC	-8.8	7594	train	train	6	106459
CJISGNWVIBXLQG-UHFFFAOYNA-N	FC(F)(F)OC=1C=C(C(=O)N2C(CC2)(C)C(OCC)=O)C=CC1	-7.7	12123	train	train	9	145459
SNCKXYAIQODZOE-RGDHJEMONA-N	N1=C(C=2C=C(CN(C#C)C=3C=CC(C(NC(C(O)=O)CCC=O)=O)=CC3)C=CC2N=C1N)O	-9.5	5348	train	train	4	41983
YXQHFQSWIAZVFJ-UHFFFAOYNA-N	C1=[N+](C=C2NC(=CC2=C1)CC(O)(CC(C3=CC(=CC=C3OC)F)(C)C)C(F)(F)F)O	-9	6554	train	validation	5	57658
ZJHNDQUUWCFZHG-PCJNSGJPNA-N	N1(C=2C(=C(N)N=C(N2)COC)N=C1)C3[C@@H]([C@H](O)[C@H](O3)CO)O	-7.2	30	train	validation	9	53571
DVJAEPFHYULBAP-WYUMXYHSNA-N	O=C(N1CC(CC(C1)C)C)C=2C=C3N=CNC3=CC2	-8.2	1	train	train	8	131275
SRLROPAFMUDDRC-RAUYUUNWNA-N	O(C(=O)[C@@H](NC(=O)C=1C=CC=CC1)CC=2C=CC(O)=CC2)CC	-8.1	11115	train	validation	8	234043
BBQJCGXVQMUHAR-UHFFFAOYNA-N	OC=1C=C(CC2=CC=CC=C2)C=NC1	-7.8	37533	test	test	8	163073
ARFSBNIXMVQEPO-VEORKLDJNA-N	C1=2C(C=C(C(=C1)OC)OC)=NC=CC2OC3=CC=C(NC(NC=4C=CC(=CC4)C)=O)C=C3	-10.1	1179	train	train	2	84473
GYVDXWXWLRWWEA-PKRZOPRNNA-N	N1(C(C(NC2=C(C=C(N3C(=O)CNCC3)C=C2)F)=O)=CC(=N1)C)C4=C(S(=O)(=O)C)C=C5C(=C4)C=CC=C5	-11.5	6453	train	train	0	78785
AQNLHMCKZUCLTO-MPIMZMORNA-N	S(=O)(=O)(N(CC)CC)C1=CC=2N(CC(=O)NC3=CC(=CC=C3)C(=O)C)C(=O)COC2C=C1	-9.9	1	train	train	2	227102
YDFUSAOOKVCUSW-PKSOQXRJNA-N	O(C=1C2=C(OC(=O)C=C2C)C=C(C1)C)CC(=O)NCC3=NC=CC=C3	-9.7	1	train	train	3	185350
SQEVRJGQDVQFKB-XQMQJMAZNA-N	ClC=1C=CC(NC(=O)NC2=NC=CC=C2C)=CC1	-8.2	1166	train	train	8	258516
QVNIDUGKRZTRSB-UHFFFAOYNA-N	S(C=1N=C2N(C3=C(C2=NN1)C=CC=C3)CC)CC(=O)N4CC(OC(C4)C)C	-9.6	620	train	train	3	1470
VIQQIQFUDXHHSB-UHFFFAOYNA-N	FC(F)(F)C1=CC(CN2CC3(C2)CCN(CC3)C(=O)C=4C=CN=CC4)=CC(=C1)C(F)(F)F	-10.5	1	train	train	1	20727
FWEGMELHERZIEX-UHFFFAOYNA-N	BrC1=CC=2CC(N(C2C(S(=O)(=O)NC=3C=C(OC)C=C(OC)C3)=C1)C(=O)C)C	-8.9	1	train	train	6	247876
XQGLDIOJXUHIAH-LQFNOIFHNA-N	O=C1N(C=2C3=C(N(C2C(=O)NC4=C(C=C(C=C4)C)C)C)C=CC(=C3)C)CCC1	-10	12072	train	validation	2	189388
PFTWIZVFXPLOCB-UHFFFAOYNA-N	O(N1C=2C(N(O)C(=O)C1=O)=CC=CC2)C	-7.2	12312	train	train	9	255411
WJAYSPMCOGWRRI-UHFFFAOYNA-N	O=C1N(C(=O)C2C1(C3C=4C(C2C=5C3=CC=CC5)=CC=CC4)C)CC=6OC=CC6	-10.8	46115	test	test	0	218264
JIWVIXUABSSILF-UHFFFAOYNA-N	ClC=1C(OCC(=O)N(C(C=2OC=CC2)C)C3=NC=CC=C3)=CC=C(Cl)C1	-8.1	3908	train	validation	8	126999
LHSXLKCRRGXGQD-HXTKINSTNA-N	O=C(NNC=C1C=CC(=O)C=C1)C=2C=3C(N=C(C2)C=4C=CC=CC4)=CC=CC3	-10.9	1	train	train	0	212705
NTBGXJKISKJGEP-UHFFFAOYNA-N	FC=1C(N2CCN(CC2)C(=O)CCC(=O)N3CCN(CC3)C4=CC=C(F)C=C4)=CC=CC1	-10.5	1	train	train	1	198660
OARNIVGEQSKABL-UHFFFAOYNA-N	O1C(=NC2=C(C1=O)C=CC=C2)C3=CC(=C(N(=O)=O)C=C3)C	-9.8	766	train	train	3	148906
QKHLZROUWMUCTD-UHFFFAOYNA-N	S(=O)(=O)(N1CCN(CC1)C(=O)CCOC=2C(=CC=CC2)C)C3=C(C=C(C=C3C)C)C	-10.3	1	train	train	1	171753
STDWXTNUAJNIOE-LILDFLRNNA-N	S(=O)(=O)(N1CCC(CC1)C(=O)NC2CCN(CC2)C(OCC)=O)C=3SC=CC3	-8.2	1	train	train	8	160032
QKDMCYVRFMPKIW-UHFFFAOYNA-N	S(=O)(=O)(NC=1C=CC(OC)=CC1)C=2C=C(N)C(N3CCCC3)=CC2	-8	1	train	train	8	168663
HYMFXVNMIAPJKO-HYARGMPZNA-N	OC=1C(C(CC(=O)C1/C(=N/C2=CC=C(N)C=C2)/CCC)(C)C)C(OC)=O	-8.3	16689	train	train	7	148866
LZIAGZLGKVTFMX-MJHPXVFFNA-N	C=1C(C(C)(C)C)=CC(NC(C(C2=C3C(C=CC=C3)=C(NC4=CC=NC=C4)C=C2)=O)=O)=C(C1C#N)OC	-9.9	7852	train	train	2	94002
MXRVXVJIPWKDEB-UHFFFAOYNA-N	C=1(C(=CC=C(C1)Cl)OCCCC2=CC=CC=C2)CCN(CCC)CCC	-6.5	7940	train	train	9	91190
LQYNONCEAYAGNN-UHFFFAOYNA-N	C=1C=C(C=CC1C2=CC=C(C=C2)Cl)S(=O)(NC3=CC=4CCN(CCC4C=C3NC(C)C)C)=O	-10	24930	test	test	2	29223
XDYVKYBTRLGBBU-GEIDHLOONA-N	C=1(C#N)C(C=2C=CC=CC2)=C(C#N)C(N)=NC1NCCC3CCN(CC3)CC4=CC=CC=C4	-9.5	8106	train	validation	4	52217
JTIWGXZUFZHNSJ-UHFFFAOYNA-N	N1(C=2N=C(N=C3C2C=CC=C3)C4=CC=C(N(C)C)C=C4)C=CN=C1	-9.4	5467	train	train	4	21467
VFVLHYPBYRQZJW-XRXRYMQXNA-N	BrC=1C=CC(C2=C(N(N=C2C(F)(F)F)C)NC(=O)C3=NC=CN=C3C(O)=O)=CC1	-9.1	12982	train	train	5	172841
ZYLHDTBQHXSLEZ-YHMJCDSINA-N	O(CCCCCCCCCC)CCC(=O)O	-5.6	46107	test	test	9	218201
GHLLKKRFLKIVSZ-IQFZEEDKNA-N	S(C1=C(NC(C=2N=C(C(=O)O)C=CC2)=O)C=C(C(S(=O)(=O)N)=C1)Cl)(=O)(=O)N	-9.1	1071	train	train	5	69455
MBZYGGWJVSHAQB-UHFFFAOYNA-N	C1(=C(C=C2C(=C1)CC[N+](C2)(CCCCCC=3[N+](=C(C=CC3)OC)C)C)OC)OC	-8.6	10568	train	validation	7	93860
LPELJPPHTHQZOF-LNNLXFCONA-N	S1C2=NC3=C(CCC3)C(=C2C(N)=C1C(=O)NCC4=CC=C(OC)C=C4)C(F)(F)F	-10	712	train	validation	2	136119
DDBREAJWHLHBKD-WTDYXGMPNA-N	O=C(NC=1C=C(C(NC(=O)C=2C=CC=CC2)=CC1OC)C)CC(CC(O)=O)C3=CC=CC=C3	-10.5	39620	test	test	1	176446
OJGIPEYIYDWOGZ-MPIMZMORNA-N	O1CCN(CC=2C=3C(=C(OC3C=CC2O)C)C(=O)NC=4C=CC(=CC4)C)CC1	-9.5	6176	train	train	4	255935
BTHZXHRMADNCLR-ZONZVBGPNA-N	FC1=CC=C(C=2N=NN([C@@H]3C[C@@H](N(CC4CCCCC4)C[C@H]3O)C5=CC=C(OC)C=C5)C2)C=C1	-10.6	11480	train	train	1	244895
JSYMYFBITWCTGW-MPIMZMORNA-N	S(=O)(=O)(N1C2=C(C(=C1C)C(OCC)=O)C(=C(O)C=C2)C(O)=O)C3=CC=C(C=C3)C	-9.4	6251	train	validation	4	151839
AHCCMZXKMGOJBI-LELJVTLKNA-N	S1C2=C(N=C(C3=C1C=CC=C3)CC)C=C(C(=O)NCCC4=CC(OC)=C(OC)C=C4)C=C2	-9.6	5089	train	train	3	184125
KQRWIPNAETYRFB-UHFFFAOYNA-N	O(C=1N=C(N=C(C1)C)C2=C(O)C=CC=C2)C3=CC=C(C=C3)C	-9.2	18719	test	test	5	175339
HLVGVGCIJRBRQW-UHFFFAOYNA-N	S1C(N)=C2C(C(=NN(C2=O)C3=CC=CC=C3)C(OCC)=O)=C1	-7.8	576	train	train	8	1365
NFBAQDJBMHICPL-NSJMMFDCNA-N	ClC1=CC=C(C(NC(=O)C2CCN(CC2)CC=3C=4C(NC3)=CC=CC4)C=5N=C(OC)C=C(OC)N5)C=C1	-11.5	35009	test	test	0	147002
QRCZEZKMBUTHRX-GPQMBLKYNA-N	S1C2=C(C(=NC3=C1C=CC(=C3)C(O)=O)CC)C=CC=C2	-9	5089	train	train	5	189580
HKDMFCFZBNJOPS-UHFFFAOYNA-N	C=1(NC(C=2C=CC(N(=O)=O)=CC2)=CC1C=3C=CN=CC3)C=4C=CC=CC4	-9.7	5114	train	train	3	74599
LHUSVTGKUGHREB-VJSLDGLSNA-N	ClC1=C(CCOC=2C=C(C(=O)NCC3CCN(C4CCCCC4)CC3)C=CC2OC)C=CC(Cl)=C1	-9.7	1	train	train	3	107272
YCZDTZKSPWPZPP-AOFCFFOCNA-N	S(=O)(=O)(/N=C(\N1CCN(CC1)C2=CC=C(OC)C=C2)/NC3=NC(=CC(=N3)C)C)C4=CC=CC=C4	-10.7	20841	test	test	0	255648
JYRQQTDGMXEQRW-XBXBPLPCNA-N	C1(=CC=C2N=CN=C(C2=C1)NC3=CC=CC(=C3)Br)NC(C4=NC(=NS4)C(C)C)=O	-9.7	29013	test	test	3	102918
RAOAFDPXSFVLJD-LELJVTLKNA-N	S(N(C1=C(C(O)=NO)C=NC=2C1=CC=CC2)C)(C=3C=CC(OC=4C=CN=CC4)=CC3)(=O)=O	-10.1	5960	train	train	2	33555
IVOHKQLPWHLWJD-HXTKINSTNA-N	S1C2=C(CCN(C2)C(OCC)=O)C(=C1NCC=3SC=CC3)C(=O)NC4=C(OC)C=C(OC)C=C4	-8.8	106	train	train	6	230201
GHSZVBJBPVEBBE-LILDFLRNNA-N	O1C2=C(OC1)C=CC(=C2)C(=O)COC(=O)C=3C=C(NC(=O)C)C=CC3	-9	1	train	train	5	219646
KTNUSPOEGQOANN-AACLIANENA-N	C1N(C[C@H]2[C@H](NCC(N3[C@@H](C[C@@H](C3)F)C#N)=O)[C@@H]12)C=4C=CC(=CC4)C(OCC)=O	-9.1	8568	train	train	5	112565
IVGNKGZQVRPTJT-QVUQFMIFNA-N	S1C(C=2C=3CCCCCC3N=C(N)C2C#N)=CC(N(=O)=O)=C1CCCC	-8.4	2962	train	validation	7	231987
XVTZLTYJIRIJFC-SWUIVHNENA-N	S(=O)(=O)(N)C1=CC=C(CCNC(=O)C(=O)C=2C=3C(N(CC(=O)N(CC)CC)C2)=CC=CC3)C=C1	-9.8	1	train	train	3	200185
LRTFSDHNKIQGKS-UHFFFAOYNA-N	O(C=1C=C2C=3N(CN(CC3C#N)CCC4=CC(OC)=C(OC)C=C4)CCC2=CC1OC)C	-9.6	49263	test	test	3	238034
SFYPWBCTUYQPBH-VJSLDGLSNA-N	C1(=CC2=NN=C(NC=3C=CC(S(NCCN4CCCC4)(=O)=O)=CC3)N=C2C(C)=C1)C=5C6=C(C=CC5)NC=C6	-11.4	5317	train	train	0	45894
QJXSTPCPFJGXDQ-LQFNOIFHNA-N	C1=CC=C2NC(C3=CC=C(C=C3)S(NC(=O)C)(=O)=O)=C(C2=C1)C=4C=CC=CC4	-11.9	5114	train	train	0	41530
GWCYTRLXOGOLBZ-JWPMPFJRNA-N	C1[C@H](O)C(C)([C@H]2[C@](C)(C1)C3=C(C(=O)C2)[C@@]4(C)[C@](C)([C@@H](C3=O)OC(C)=O)[C@@H]([C@@H](CCC(OC)=O)C)CC4=O)C	-9.6	10948	train	validation	3	239229
CLLGYPKGSSTGER-QWOVJGMINA-N	O=C(NC(C)C)C1CN(C2=NC=NC=3N4C(=NC32)CCCCC4)CCC1	-9	4976	train	train	5	140312
SAMCEVLBPWDZMX-SOIFMCDQNA-N	N=1C=NC(=CC1N)N2C(=NC3=C2C=CC=C3)NC4=CC(=CC=C4C)NC(C=5N(N=C(C5)C(C)(C)C)C)=O	-10.1	5875	train	train	2	23916
RNHARTPBQDHXTI-QWOVJGMINA-N	FC(F)(F)OC1=C(C(=O)N2CC(CCC2)(C)C(=O)NCCOC)C=CC=C1	-8.5	1	train	train	7	225187
LOGBNOOWFMSMKQ-CATZCVBWNA-N	C1(=C(C2=CC(C)=CC=C2N1)CCC(=O)O)SSC3=C(C=4C=C(C)C=CC4N3)CCC(=O)O	-9.9	1	train	train	2	109339
MCKYWXAYWISPGY-UYAOXDASNA-N	C=1(C=CN=CC1)[C@@H]2C3=C(C[C@H]4N2C(N(C4=O)CCCC)=O)C5=CC=CC=C5N3	-9.8	1	train	train	3	94351
WZWBDISAMKTKHT-UHFFFAOYNA-N	S(CC(=O)N1CCCC1)C=2N(C(=NN2)CCC3=CC=CC=C3)CCC	-8.6	1	train	train	7	207415
NYLSDIJNIPAEBL-YHMJCDSINA-N	S(CC(=O)NC=1OC(=NN1)C=2C=CC=CC2)C=3SC(=NN3)C	-8.7	15903	train	train	6	141516
ORZGZOQPWHJRAI-CQUINPKQNA-N	C1[C@@H](C[C@@H](C#CC=2SC3=C(C2)N=CN=C3NC=4C=CC(=C(C4)Cl)OCC5=CC=CC(=C5)F)N1)NC(=O)OCC	-9.2	7637	train	train	5	100529
ULJTUNXFPWCVPW-QVUQFMIFNA-N	C(C1=CC=2C(=NC(=NC2S1)C=3C=CC=C(C3)OC)N)C4=CC=CC=C4	-9.9	7484	train	train	2	57746
VBIDHMQANHWIQG-VPQZEOPVNA-N	C1(NC(CN2N=C3C(C=CC(=C3)OC)=C2O)(C(=O)N1)C)=O	-8.1	7302	train	train	8	66326
AIMRJXBNNVZKPP-FFXSCOAXNA-N	S=C(NNC(=O)CN1C(=O)C=2N(CCOC)C=NC2N(CC3=CC=CC=C3)C1=O)NCC	-8.3	44	train	train	7	136300
QEIUTDRDWHQLTJ-CKFYMFOVNA-N	O(CC1CCNCC1)C=2C(C=3C(OCC4=NC(N)=CC(=C4)C)=CC=CC3)=CC=CC2	-9.5	8349	train	train	4	45385
AWWPNKWNJLNEKN-YAQRNVERNA-N	C1=2C(N=C(S1)O)=C(O)C=CC2C(O)CNC	-7	5890	train	validation	9	29967
BFIOZWKECDHGTG-AHSPQICUNA-N	C1(=C/C(=C(\C(=C1)OC)/C=C/C(=O)N(CCCCC)CCCCC)/C=C/C2=CC=C(C=C2)OC)OC	-8.5	8063	train	train	7	79160
YNVRTLQZUZPKTP-SOZLCMIANA-N	O1N([C@@H]2C[C@H]1C=C2)C(=O)CCNC(OCC3C=4C(C=5C3=CC=CC5)=CC=CC4)=O	-10.1	42352	test	test	2	194116
XBJNPRDMMHISSS-XRBKVJKBNA-O	O=C(NC=1C(CC)=CC=CC1CC)C[N+]2=CC(=CC=C2)C(=O)N	-8.1	9401	train	validation	8	134427
DUTDDZFCPPOWFH-PKRZOPRNNA-N	N1(C=C(C2CCN(CC2)CCN3C(NCC3)=O)C=4C1=CC=C(C=5N=NN(C5)C)C4)C6=CC=C(C=C6)F	-11.2	5219	train	train	0	72129
IXDJXWJKKWGXEB-MPIMZMORNA-N	O=C(NC1=NC(=C(C=C1)C=2C=CN=CC2)C=3C=CC=NC3)C4CC4	-8.5	8946	train	train	7	107019
ZFUGDUSCIRAKFG-CXUVPCCFNA-N	BrC=1C=CC(NN/C(=N/C(CC)C)/C(OCC)=O)=CC1	-7.3	13481	train	train	9	123903
QICRQPSEVPKYRS-BLZYYQICNA-N	ClC1=CC=2[C@@H]3N4[C@]([C@H]([C@H]3COC2C=C1)C(OCC)=O)(C(=O)N(CC4=O)CC5=CC=C(C=C5)C)C	-11.4	4938	train	train	0	221535
RNDIVAXBBKFQBI-LBOYIXSDNA-N	SC=1N(C(=NN1)C=2N=NN(C2C)C3=CC=CC=C3)C4=CC=C(C=C4)C(F)(F)F	-9.5	29794	test	test	4	113691
GRGIFSYBWKFNKG-UHFFFAOYNA-N	C1(NS(=O)(C(F)(F)F)=O)C2(C1)CCN(S(C3=C(C=CC(=C3)Cl)S(=O)(=O)C=4C=CC(=CC4)OC)(=O)=O)CC2	-11	9014	train	train	0	77519
FGYFDVYWLZQBIL-GPQMBLKYNA-N	ClC(C(=O)NC=1N(N=C(C(C)(C)C)C1)C2=CC=CC=C2)C	-7.7	3637	train	train	9	237078
SPWHTNKCDJCPRI-LBOYIXSDNA-N	O=C1N(C=2C(N=C1C3=C(NC(=O)CC)C=CC(=C3)C)=CC=CC2)CC(=O)C=4C=CC(=CC4)C	-10.5	4712	train	train	1	226272
ZYNJJKYBJRQZME-LQFNOIFHNA-N	S(CC(CN1C(N2CCN(CC2)C)=NC=3N(C(=O)NC(=O)C13)C)C)C=4N(N=NN4)C5=CC=CC=C5	-10.6	44	train	train	1	125168
FBNNGLOOTUKVRQ-XZMNKWELNA-N	O1[C@@H](C2=C(O)C3=C(C(=O)C(C=4C(=O)C5=C(C(O)=C6C(=C5O)C[C@@H](O[C@@H]6C)CC(=O)O)C(=O)C4)=CC3=O)C(O)=C2C[C@@H]1CC(=O)O)C	-9.8	24510	test	test	3	23077
UNHXBXSRLNWKAV-UHFFFAOYNA-N	S1C=2C(N(CCC(OCC=3OC(=NN3)C=4C=CC=CC4)=O)C=5C1=CC=CC5)=CC=CC2	-9	30399	test	test	5	117410
HHIJTNCYKGQYRW-LNNLXFCONA-N	S(O)(=O)(=NC1=CC(C=C2C=3C(CCC=4C2=CC=CC4)=CC=CC3)=CC=C1)C	-12.3	24599	test	test	0	24044
KNVQNQAFOUPPOF-MDZDMXLPNA-N	O=C1N(C(=C(N(=O)=O)C(=O)N1C)/C=C/N(C2=CC=CC=C2)C)C	-8.5	15621	train	train	7	232548
JUMMJPACZXTMNS-HIFRSBDPNA-N	C=1(F)C(=CC(C[C@@H](N)CC(N2CCC[C@H]2CNC=3C=CC(=NC3)C(F)(F)F)=O)=C(F)C1)F	-10.1	29080	test	test	2	104085
VAAIWQYSVIUALB-YVLNATIJNA-N	S(=O)(=O)(N1CCOCC1)C2=CC(=C(C=C2)C)C(=O)NC=3C=CC(=CC3)C(=O)N	-10.4	1	train	train	1	259167
ASIRNCVJPLBASQ-HXTKINSTNA-N	FC1=CC=C(CN2C(CC(=O)N3CCC(=CC3)C4=CC=CC=C4)C(=O)NCC2)C=C1	-10.6	46704	test	test	1	221927
XOTAUVVVGOFPMZ-JKLQHZFJNA-N	O=C1N(C(=O)[C@H]2[C@@H]1[C@H]3N(N=CC=C3)[C@H]2C(=O)C=4C=CC(OC(=O)C)=CC4)C=5C(OC)=CC=CC5	-10.3	19675	test	test	1	259915
GPSWZKFOVQQWCI-UHFFFAOYNA-N	O1CCN(CC1)C(OCC=2N=NN(CC=3C=C(C=CC3)C)C2)=O	-8.9	11207	train	train	6	204949
HKPKMLMEYGJBLR-UHFFFAOYNA-N	S1C(N2C(=C(C(O)=C2O)C(=O)C=3OC=CC3)C4=CC(OC)=C(OC)C=C4)=NC5=C1C=C(OC)C=C5	-9.5	590	train	validation	4	184021
NHBOIMAIUCLQKQ-LELJVTLKNA-N	C1(S(C=2C=CC(N3CCN(CC3)C4=CC=CC=C4F)=CC2)(=O)=O)(C(=NO)O)CCOCC1	-9.9	6445	train	train	2	90926
WDCSUVPNJWFDAJ-UYBDAZJANA-N	N(C1=C2C(=NC(=C1)C)C(=CC=C2)C)C3=C(C=CC=C3)C	-9.3	3754	train	train	4	225239
LGKNYVAKMRXIPB-UHFFFAOYNA-N	FC=1C=CC(C2=NC=3N(N=CC3)C(N(C=4C=C(C=CC4)C)C)=C2)=CC1	-9.7	46378	test	test	3	219939
BWZZAUDEIMUXNF-GPQMBLKYNA-N	S(C=1N(CCCOC)C(=NN1)C)CC(=O)NC=2C=CC(OCC)=CC2	-7.3	1	train	train	9	248822
ACVGUGVNBAGIES-OKPOJWAQNA-N	S(C=1N(CC=2C(F)=CC=CC2)C3=NC=CC=C3N1)CC=4C=CC(=CC4)C(=O)NCCC5=CC=CC=C5	-9.7	593	train	validation	3	198710
UFLCLIFTMXZUKK-UHFFFAOYNA-N	OC1C(C=CN(C1C2=CC=C3C(=C2)OCO3)C(C=4C=CC(=NC4)C(F)(F)F)=O)=O	-10.4	26495	test	test	1	58406
PGXLUSOTMSRODM-UHFFFAOYNA-N	FC(F)(F)C1=NN(C2=C1CCCC2)C3=CC=C(CC(=O)N4CCCC4)C=C3	-9.9	6913	train	train	2	98120
ASBIBMMLIRCATQ-PMUPHGTGNA-N	O=C(N1[C@@H](CN(CC1)C2=C(C=C(N3[C@@H](CN(CC3)C(=O)NCC)C)C=C2)C)C)NCC	-8.4	2007	train	train	7	158373
RTXDBIBQHCWTIW-COOPMVRXNA-N	S(C=1N(C(=NN1)CCC2=CC=CC=C2)C3=CC=CC=C3)/C(=N\NC=4C=CC=CC4)/C(=O)C	-9.4	4167	train	train	4	11646
XNACBBGLIAJNJM-PECIQRARNA-N	C=1(C=C2C(N(C(CN)=C(C2=CC1)C3=CC=CC=C3)CC(C)C)=O)OCC(N)=O	-8.9	7935	train	train	6	51726
QJYUEUWLUZNUPR-UHFFFAOYNA-N	N1(C(C=2C=3C(NC2C)=CC=CC3)C4=CC=NC=C4)CCCCC1	-8.7	575	train	train	6	208008
UEHGTCRCHJEZIN-HQWBRPTQNA-N	S(NC(C(NC=1C=C(C(NC(C(C(CC(C)C)O)O)CC2CCCCC2)=O)C(=CC1)C)=O)CC=3C=CC=CC3)(N4CCOCC4)(=O)=O	-10.1	26506	test	test	2	58567
VGLWNDXNUSFQAD-HCKMINDGNA-N	ClC1=C(CCNC(=O)CSC=2SC=C(N2)C)C=CC(Cl)=C1	-7.8	47867	test	test	8	229544
MKTUUNDRJRAGAG-XBXBPLPCNA-N	C1C2=C(CCN1C)N=C(S2)C(=O)NC3=C(C=CC=C3)CNC(C4=CC(=CC=C4)Cl)=O	-10.6	7486	train	train	1	93587
KWXYWOYWLGMVBO-UHFFFAOYNA-N	O1N=C2N=C(N3CCC(CC3)C)C(N4CCC(CC4)C)=NC2=N1	-9.7	12488	train	train	3	187776
STVPNNWNBWFITL-UMNQMSEONA-N	S1(=O)(=O)CCN2C3=C(C=C(C(N[C@H]([C@@H](CNC4CC4)O)CC5=CC=CC=C5)=O)C=C3C(CC)=C2)N1C	-9.5	7476	train	train	4	60493
RCSGJKSFPMPNFG-MPIMZMORNA-N	S(=O)(=O)(N1CC(CCC1)C)C=2C=C(N(C2)C)C(=O)NCCC3=CC(OC)=C(OC)C=C3	-9.2	371	train	train	5	239231
IFEKIPCYUDDBJZ-UIZMXOJBNA-N	FC(F)(F)C=1C=C(CNC(=O)C[C@H]2C[C@@]3([C@H](O[C@@H](C4CCCC4)C=C3N(C2=O)CCC5=CC(OC)=C(OC)C=C5)C)C(OC)=O)C=CC1	-10.4	11219	train	train	1	229252
FHRCQQIVIJAXMW-SDRQFZCRNA-N	C1(=NC2(CCN(C(C3=CSC=C3)=O)CC2)NC4=C1C(F)=CC=C4)N	-10.1	8796	train	train	2	153609
HBRHHXUHLIMLNW-YHMJCDSINA-N	ClC=1C=CC(C=2C(=NNC2)C(=O)C3OC3)=CC1	-7.5	44315	test	test	9	206856
ZVJHQXFEUNTNNU-LQFNOIFHNA-N	S(=O)(=O)(N1CCC=2C(C1)=CC=CC2)C=3C=C(C=CC3)C(=O)NC=4N=CC(=CC4)C	-11.2	37326	test	test	0	161792
WEAUDVYRSQEZOK-XBTAAFKLNA-N	O(C=1C=C(CCNC(=O)C(=O)NCC=2C(=CC=CC2)C)C=CC1OC)C	-9.2	1	train	train	5	126812
OYMYPUTVEZWFAQ-ZHACJKMWNA-N	O=C(N1CCC=2C(C1)=CC=CC2)/C=C/C3=CC=C(C=C3)C	-9.4	4982	train	train	4	173908
RKHFTDCSAUSEQQ-IKAUWTTNNA-N	N1([C@H]2[C@@H]([C@@H]([C@H](O2)C(=O)NCC)O)O)C=3C(N=C1)=C(N=CN3)NC(=O)NCCC4=CC(=C(C=C4)OC)OC	-8.6	30	train	validation	7	40224
ZGBWLJGGLGXMIQ-UHFFFAOYNA-N	S(=O)(=O)(NCCN1C(CCCC1)CC)C2=CC=3CCN(C3C=C2)C(=O)CC	-8.8	1	train	train	6	211766
JEPQFCFMAFDVTC-HSZRJFAPNA-N	S1(=O)(=O)N(C2CCCC2)C[C@@H](OC3=C1C(OC4=CC=C(C(C)(C)C)C=C4)=CC=C3)COC(=O)CCC	-9.7	11188	train	train	3	179300
POAHQDYJZASURU-SREBMQDQNA-N	BrC1=CC(NC2=NC=NC=3C2=CC=4N(CCOC4C3)C(=O)CC=CC5=CC=CC=C5)=CC=C1	-11.4	6	train	train	0	248002
LNUMXZIRRGUKRZ-XBXBPLPCNA-N	O=C(NC1=C(C(=CC=C1)C)C)CN2CCC(NC(=O)C3=CC(OC)=CC=C3)CC2	-10	1	train	train	2	153205
BPRLBVVDVQSPKM-QWOVJGMINA-N	FC(F)(F)C1=CC(NC(=O)CCC(=O)C=2C=CC(F)=CC2)=CC=C1	-9.4	2096	train	validation	4	170743
NMCOZGNLSPASBC-UHFFFAOYNA-N	C(N1C2=C(N=C(C3=CC=CC=C13)N4CCN(C)CC4)C=C(C=C2)Cl)(=O)CCCCCCCCCCCCCCCCC(N5C6=C(C(=NC7=C5C=CC(=C7)Cl)N8CCN(CC8)C)C=CC=C6)=O	-9.3	171	train	train	4	92910
XFMZYCHKCPPZQW-VKDJAMJGNA-N	C1(C)(C)N(CC=2C(=NNC12)NC(=O)C=3C=CC(=CC3)F)C(O[C@H](CN(C)C)C4=CC=CC=C4)=O	-10	7380	train	train	2	52488
TUSBBMMXOROXIT-NSLMOFQHNA-N	O1C=2C(OCC1C(=O)N/N=C\C=3C=4C(N(C3C)C)=CC=CC4)=CC=CC2	-9.7	4598	train	train	3	13268
DICOSGSZTYGFQB-ZXCWVTIONA-N	N1C(C(N[C@H](C(N[C@H]([C@H](C[C@@H](C(C)C)O)O)CC2CCCCC2)=O)CC=3N=CNC3)=O)CC4=C1C=CC=C4	-10.1	28123	test	test	2	87344
YNKXUMMWJICJAZ-QWOVJGMINA-N	S(=O)(=O)(NC1=C2C(=C(O)C(SCC(=O)O)=C1)C=CC=C2)C3=CC=C(C=C3)CC	-9.4	1	train	train	4	12060
FIIHLSUUPYBBJL-UHFFFAOYNA-N	C=1C=C(N(=O)=O)C=CC1N(C2=CN(C(=C2)C(N3CCCCC3)=O)C)CC4=CC=CC=C4	-10	7603	train	validation	2	72416
GQVZTDRMUNZQJM-UARGTZOHNA-N	N(CC(NCC(N1C[C@H](C[C@H]1C#N)F)=O)(C)C)C(C=2C=CC3=C(C2)CCO3)=O	-9.7	27539	test	test	3	77562
PBWBNUASFOGURI-HVXXBKQBNA-N	C1(N(C(C=2C=CC(S(=O)(=O)N)=CC2)=C(O1)C)C=3C=CC=CC3)=O	-8.6	7717	train	validation	7	96424
CBLNUTXQOXCSIL-UHFFFAOYNA-N	FC1=CC2=C3N=CN(CCCN4CCCC4=O)C(O)=C3N=C2C=C1	-9	677	train	train	5	143589
KULQTJVFOBIWAQ-GPQMBLKYNA-N	S1C(C(=O)NC2=C(C=3C=CC=CC3)C=CC=C2)=CC=C1	-8.3	22645	test	test	7	10353
GMRHTQCCQOJVEP-MRSUPTMINA-N	N=1C2=NN(C=C2C=3N(N=C(C=4C=CC(=CC4)F)N3)C1N)CCC5=CC=CC=C5	-10.9	1053	train	train	0	77329
RBOJKEAKIGFPDS-UHFFFAOYNA-N	S1C=2C(N(C=3C1=CC=CC3)C(=O)CSC=4N(N=NN4)CC)=CC=CC2	-9.4	20152	test	test	4	205468
NXMZBNYLCVTRGB-UHFFFAOYNA-N	S(=O)(=O)(C1=CC=C(C=2C(=NN3N=CC=CC32)C4=CC=C(OCC)C=C4)C=C1)C	-9.7	8075	train	train	3	99928
DMGBIEKVIWYVOE-UHFFFAOYNA-N	OC(C1CCN(CC1)CCCOC2=CC=C(C=C2)C#N)(C=3CCCC3)C4=CC=CC=C4	-9.3	42591	test	test	4	195815
RTYHQIZCRYJKBV-YDNPEBSYNA-N	N1(C=2SC(C(N)=O)=C(C2)O[C@H](C)C=3C=CC=CC3C(F)(F)F)C=NC4=C1C=CC(=C4)C=5C=C(N=CC5)NCCN(C)C	-9.8	315	train	validation	3	23714
TTWKPCKZKQNONU-LELJVTLKNA-N	O=C(NC1CCCC1)C(N(CCOC)C(=O)CN2N=NC=3C2=CC=CC3)C4=C(OC)C=C(OC)C=C4	-9.2	540	train	validation	5	189888
FXUFOVCCNAEZHK-UHFFFAOYNA-N	ClC=1N2N=CC(=C2N=C(C1)C)C3=CC=CC=C3	-8.4	22666	test	test	7	10453
ZRLFPURXVGRESW-UTZUHGMMNA-N	C=1C2=NC(=CC(=C2C=C3C1OC[C@H](N3CC(F)(F)F)C(F)(F)F)C(F)(F)F)O	-8.7	5991	train	train	6	54541
GXCGENYLLZOXPP-NDKGDYFDNA-N	S=1(O)(O)=CC(CC1)CC(=O)NC2CCCCC2	-6.8	41197	test	test	9	186890
UOZUPRXCVLGPLN-NMHRWYTENA-N	N1(CC=2C(=NNC2C3=NNC4=C3CN(CC4)C)CC1)C	-8	38787	test	test	8	170990
BOYUPSDAYQVTDE-PTNGSMBKNA-N	N1=C(S/C(/C1=O)=C\C=2C=C(C(C)(C)C)C(=C(C2)C(C)(C)C)O)N(OC)C	-8.9	6933	train	train	6	250049
PASVNSLWOIJXES-UHFFFAOYNA-N	O1C(CC(CC1)(CCNCC2=CC=C(N(C)C)C=C2)C3=CC=C(C=C3)C)C(C)C	-8.7	45621	test	test	6	215141
WHPAXOCKLYOINS-FQEVSTJZNA-N	O(C=1N(C=2C(=NC=CC2)C1C(=O)N3C[C@@H](NCC3)C)C4=CC=CC=C4)C5=C(C=CC=C5C)C	-10.2	8258	train	train	1	64975
JTEPYGAPOJEYIA-LBOYIXSDNA-N	C1CN(CCN1CCCCNC(C=2C=CC(=CC2)OCCOCCF)=O)C=3C(=CC=CC3)OC	-7.8	1	train	train	8	28490
OEADXUJMIQJKMV-ZUVWWCPGNA-N	O(CC(=O)NC(=O)C=1C=CC=CC1)C(=O)/C(/NC(=O)C)=C/C2=CC=CC=C2	-9.5	45992	test	test	4	217523
HJZXFDOXRVTRRC-LILDFLRNNA-N	ClC=1C2=C(SC1C(=O)NCCCN3C=CN=C3)C=C(OC)C=C2	-8.1	1	train	train	8	1313
JOOXLOJCABQBSG-CYSPOYASNA-N	C=1(C(=NC(NC=2C=CC(=CC2)OCCN3CCCC3)=NC1)NC=4C=C(C=CC4)S(NC(C)(C)C)(=O)=O)C	-8.4	972	train	validation	7	6918
SJMVCDOAQMYAKZ-INYWHYTBNA-N	N1(C2=C(C(N)=NC(=N2)OCCCCCC3=CC=CC=C3)N=C1)C4[C@@H]([C@H](O)[C@H](O4)CO)O	-9.9	30	train	validation	2	41581
SXELSOZGQKZOPI-HVXXBKQBNA-N	OC1=C(C2=NC(=NC(=C2)C3=CC=CC=C3)N)C=CC=C1	-9	1076	train	train	5	2954
KGFIAZUOCXTPNH-LILDFLRNNA-N	O=C(N1CCN(CC1)C2=C(NC(=O)CCC)C=CC=C2)C(C)C	-7.5	1	train	train	9	201461
MECCFJNOAIXQAY-YEONAZOTNA-N	C(NC=1C=CC(C(NC(=O)CNC(NC=2C=CC(C(=N)N)=CC2)=O)C)=CC1)(=O)C3=CC=CC=C3	-10.8	7140	train	train	0	31300
GDXNZCBYCYZCGF-UHFFFAOYNA-N	N1(C(SCC1=O)(C)C)CCCCN2CCN(CC2)C3=CC(Cl)=CC=C3	-8.4	7713	train	train	7	70710
YLIOUYQBGXPSFN-QWOVJGMINA-N	O=C(NC1CCCC=2N(N=CC12)C3=CC(=C(C=C3)C)C)C=4C=COC4	-9.9	4951	train	validation	2	242203
QGGASVLFFHJUTI-SDRQFZCRNA-N	C=1(N(C2=NC=NC(=C2N1)N)CCCC#C)SC3=CC(Cl)=CC=C3Cl	-8	7670	train	train	8	39232
GINKEZRLTWTYGY-UYBDAZJANA-N	S1C(NC(=O)CN2C(O)=C3C(CC=CC3)=C2O)=NC4=C1C=C(F)C=C4	-10.2	292	train	train	1	246769
XPPYJULWDBEONT-ULVNRZHVNA-N	C1[C@H]2[C@@]3(N(CC1)CCN(C4CC4)CCN5CCC[C@@H]6[C@H]7C=C(C[C@@]56C=8C=CC(NC8C7)=O)C)C=9C(C[C@@H]2C=C(C3)C)=NC(=CC9)O	-11.7	8141	train	validation	0	48197
ODSMPDRNXGULNL-QWOVJGMINA-N	S(=O)(=O)(NC=1C=C2NC(=NC2=CC1)C(C)(C)C)C3=C(F)C(F)=C(F)C=C3	-9.3	40345	test	test	4	180961
NPNSVNGQJGRSNR-DZMKSXGLNA-N	C1(F)=C(C(F)=C(N=C1OC2=CC(=CC=C2O)C(=N)N)OC3=CC=CC(=C3)C=4N(C)CCN4)N(CC(O)=O)C	-10.5	7015	train	train	1	31797
UGOBPTKCBGCXGZ-WYUMXYHSNA-N	S=C(N1CCN(CC1)CCO)NCCC2=CC=CC=C2	-7.4	15490	train	train	9	165171
LQNSDZTXHZUYKJ-LAGRBQMQNA-N	C(O)(=NO)CN(CC(NCCC1=CC=C(C=C1)S(N)(=O)=O)=O)S(C2=CC=C(C=C2)C3=CC=CC=C3)(=O)=O	-10.1	1	train	train	2	109477
CMXMOLJVHYXMAL-LILDFLRNNA-N	O=C(NC1CCCC=2C1=CC=CC2)COC(=O)C=3OC(=CC3)C	-9	40789	test	test	5	184066
SDLDMDRDTHJPNP-DVIAZDKANA-N	O=C(NCC1=CC(OC)=CC=C1)C(NC(=O)C2=C(C=CC=C2)C)CC(C)C	-8.9	1	train	train	6	117179
IUAZGTKFBKCTGL-KGLIPLIRNA-N	N1(C(=O)C2=C(N3[C@@H]4[C@H](N=C13)CCC4)N=C(N2CC=5C=CC(=CC5)O)C(F)(F)F)CC	-9.5	7595	train	train	4	106635
DIJBBFAJBIOJAT-YAQRNVERNA-N	O=C(NCCOC)CN1C(CC=2C1=CC=CC2)C	-7.1	4275	train	validation	9	233664
HDKFZOAJLIYWJK-ORIJERBGNA-N	O=C1N2[C@]3([C@H]([C@H]([C@@H](N)CC3)CCC)CCC1)CCC2	-7.2	1	train	train	9	165755
AHJWIRBGLQWHQS-UYBDAZJANA-N	S1C(NC(=O)C2=NOC(=C2)C)=C(C(C=3C=C(OC)C(OC)=CC3)=C1)C#N	-9	21403	test	test	5	2475
ZNBOMXQVNVLXCZ-DVIAZDKANA-N	C1(C2=CNC=3C2=CC=CN3)=CSC(=C1)C(NC(CN)C=4C=CC=CC4)=O	-9.7	5391	train	train	3	52674
YTGJTJFLGVEGNZ-VAVYLYDRNA-N	S(C1=C(OC)C=C([C@H]2N[C@@](C=3C2=C(O)N(C3O)C)(CC4=CC=CC=C4)C(OC)=O)C=C1)C5CCCCC5	-10.1	702	train	train	2	132557
FFHBXQHBMMHCGZ-XBXBPLPCNA-N	BrC1=CC=C(C=2OC(=CC2)C(=O)NC3=CC(NC(=O)C=4OC=CC4)=CC=C3)C=C1	-9.7	1	train	train	3	213986
SZALFSTUDMTGGL-DVIAZDKANA-N	FC(F)(F)C=1C=C(NC(=O)NC=2C=3C(N=CC2)=CC(OC)=CC3)N=CC1	-10.4	21500	test	test	1	2968
URVMSYHISUZXNH-UYBDAZJANA-N	BrC1=CC(NC2=NC=NC=3C=C4N(CC4=CC32)C)=CC=C1	-9.1	6	train	train	5	60188
GEVLBWGIVGGVHL-PKSOQXRJNA-N	S1C(C=2ON=C(C(=O)NC3=CN(N=C3)CC=4C(=CC=CC4)C)C2)=CC=C1	-8.8	426	train	train	6	210855
HJUAKZYKCANOOZ-UHFFFAOYNA-N	ClC=1C=C(CC(=O)N2C(CN3CCCC3)CN(CC2)C(OC)=O)C=CC1Cl	-9.4	5239	train	train	4	16338
XQRCOZUZJMWDEW-VEORKLDJNA-N	O=C(NCCCN1CCCCCC1)C2=CC=3NC(=O)N(C(=O)C3C=C2)CC4=CC=C(OC)C=C4	-10.5	247	train	validation	1	140781
PGPLGMDCCSJASB-UHFFFAOYNA-N	BrC1=C(N2C(=C(N=C2C=C1C)C3=CC(OC)=C(OC)C=C3)CC4=CC=C(C=C4)C)C	-9.6	4467	train	train	3	139738
ARDLYEQBIROAPF-ACIDLTHQNA-N	C=1(C(=CC(OCC=2OC(C3=CC=C(C=C3)OC(F)(F)F)=C(N2)C4=CN=C(N=C4)N5CCOCC5)=CC1)C)OCC(=O)O	-11.2	6269	train	train	0	24937
KAUQJMHLAFIZDU-NDKGDYFDNA-N	OC1=CC2=C(C=C(C=C2)C(=O)O)C=C1	-7.8	1	train	train	8	214461
XWWBFQPWVXANHQ-UYBDAZJANA-N	N1C(=NN=C1CCC2=CC(Cl)=C(C=C2)Cl)C3=CC(OC)=CC=C3	-9.5	25921	test	test	4	47939
QGAPVVCNCHLBSF-VJSLDGLSNA-N	N1(C(C=2C=C(C(NCC3=CC=CC=C3)=O)C=CC2C1=O)=O)CCC4CCN(CC4)CC=5C=CC=CC5	-10.5	1	train	train	1	39258
PQNYXXPLCWZEIW-UHFFFAOYNA-N	O(C1=NC=NC=2N(CCCN3CCN(CC3)CC4=CC=C(C=C4)C)C=NC21)CC5=CC=CC=C5	-10.1	12553	train	train	2	248189
GVJALQHQZPOADA-YIOWICSRNA-N	C=1C=C([C@@H](O)CNCCC2=CC=CC(=C2)CNCCCC3=CC=CC=C3)C=4SC(=NC4C1O)O	-8.6	5890	train	validation	7	22223
PYIBPUDFYSTBLA-JISGERIGNA-N	O=C(/C=C/1\NC(CC=2C1=CC=CC2)(C)C)C(=O)NN=CC=3C=C(OC)C(O)=CC3	-10.2	11795	train	validation	1	115169
MNPDPMNKAYGXBM-KTSXDLBNNA-N	C=1(N=CC2=C(N1)N=C(C3=CC=C(CN4CCC(CC4)C5=NN=C(N5)C=6N=CC=CN6)C=C3)C(C7=CC=CC=C7)=C2)N8CCN(CC8)C	-11.2	6409	train	train	0	26810
KFJUAAIWXDKJEZ-GPQMBLKYNA-N	S=C1N(CCCN2C(CCCC2)C)C(=O)C3=C(N1)C=CC=C3	-8.5	247	train	validation	7	125846
UFFFPMTWLAZBPB-UCVSSVKMNA-N	O(C(=O)[C@@H]([C@H](NC(=O)C=1C=CC(N2C=CN=C2)=CC1)C)CC=3C=C(C=CC3)C(N)=N)C	-9.7	26496	test	test	3	58410
DAQRZDDIMCDMPZ-UHFFFAOYNA-N	S(CC1=C2C(=CC=C1)C=CC=C2)CC3=C4C(=CC=C3)C=CC=C4	-10.1	24438	test	test	2	22406
AXBOCXIOPBYFTA-UHFFFAOYNA-N	ClC1=CC=C(OCC#CCNC(C)C)C=C1	-6.6	13779	train	train	9	141758
MVCDTECIYPRJTL-LBOYIXSDNA-N	C1(CCN(CC1)CC=2C=C(C(=CC2)Cl)Cl)(C(O)=NO)S(C3=CC=C(C=C3)OCC#CC)(=O)=O	-9.2	6445	train	train	5	36477
TZFNNSZFCMQSGT-IZZDOVSWNA-N	S1C(C(OCC)=O)=CN=C1/N=C/N(C)C	-5.8	12924	train	train	9	174237
XQWSXOBTGZVEHM-LEARBWMBNA-N	BrC1=CC=2C(=N/N=C/C/3=C(\N4CCOCC4)/C(/CC3)=C/C5=CC=CC=C5)C(=O)NC2C=C1	-10.3	38195	test	test	1	167266
ILDWVCLFJGCGJA-UHFFFAOYNA-N	O1C(C=C2OC(OC(=O)C2C1CCC3=CC=CC=C3)(C)C)CCC4=CC=CC=C4	-10.6	14506	train	train	1	186326
ZKZCYUFJUOSJMC-XBXBPLPCNA-N	FC(F)OC1=CC=C(C2(NC(=O)N(C2=O)CC(=O)NCCC=3CCCCC3)C)C=C1	-9.4	60	train	train	4	241973
IUVVVNCAVCDQQI-CRAIPNDONA-N	OC=1C=CC(=CC1)[C@H]2C[C@@H]2CN3CCN(CC3)C4=CC=C(Cl)C=C4Cl	-10.2	1	train	train	1	106336
FDUNRVDGFUHUJI-ABFVWPKPNA-N	C=1(C=C(C(N[C@H]([C@H](O)CNCC2=CC=CC(=C2)C(F)(F)F)CC3=CC=CC=C3)=O)C=C(C1)CCC)N4S(CCCC4)(=O)=O	-9.7	6164	train	validation	3	73044
VTERAFNFGAIBOC-UHFFFAOYNA-N	FC1=CC=C(N2N=C(CC2C3=CC(OC)=C(OC)C(OC)=C3)C4=CC=CN=C4)C=C1	-9.4	2265	train	train	4	203022
UMEBCICPUODHSU-ZIMDTWQLNA-N	C1(C(NC[C@H]2N(CCC2)CC)=O)=C(C(C)=CC=C1OC)O	-7.5	1	train	train	9	58205
SQZQYPBWLGVPEK-GQAOMWGXNA-N	S(CC(=O)NC1=C(N(=O)=O)C=C(OC)C=C1)C=2N=C(NN2)N	-7.9	14152	train	train	8	158602
WRFZJVDMSKNDAC-PKSOQXRJNA-N	S(CC(OC1C(CCC(C1)C)C(C)C)=O)C=2N=NC(=C(O)N2)C	-8.4	1838	train	train	7	170473
MGYPVBZDWCQLOG-REWPNYGWNA-N	FC1=CC=C(CCNC2=C(N(=O)=O)C=C(C(NC(=O)CC=3C=4C(C=CC3)=CC=CC4)CC(=O)N)C=C2)C=C1	-10.2	4732	train	train	1	177305
YYZRBGZHCMBCRC-YHSKDTNENA-N	O(C1=C2C(N(N=C2C)C)=NC=C1C(=O)N)C3=CC=CN=C3	-7.8	10511	train	train	8	143500
BWNVGBMCVXMNAV-UHFFFAOYNA-N	C1C(C2CC1CC2)S(C3=NN(C(N(CC=C)CC=C)=O)C=N3)(=O)=O	-7.8	28206	test	test	8	88497
CKYKFCXKSOHWRB-UYBDAZJANA-N	BrC=1C=C(C2C3=C(NC(=O)C2)C=C4OCCOC4=C3)C=CC1C	-9.9	881	train	train	2	137841
RBLHLVNLXSRFOZ-UHFFFAOYNA-N	S(=O)(=O)(NC=1C=C(OC)C(OC)=CC1)C2=CC=3OCCOC3C=C2	-8.8	1	train	train	6	229314
AMFHCDSDIZQYEU-UHFFFAOYNA-N	FC1=CC=C(CN2C(C(=O)N3CCC4(OCCO4)CC3)CCC2=O)C=C1	-9.7	1	train	train	3	125100
DOYWWWWTUGGBQS-KZZMUEETNA-N	O=C(O)C1C2CCC(C1C(=O)O)CC2	-6.1	14646	train	train	9	208664
XGYWCGONOPYYLV-VEORKLDJNA-N	O1C=2C(C(NC(=O)C3=CC(=CC(=C3)C)C)=C1C(=O)NC4=CC=C(OCC)C=C4)=CC=CC2	-10.6	270	train	validation	1	172582
QJRWJKHHVKYACA-UHFFFAOYNA-N	S(=O)(=O)(N1CCC(=CC1)C2=CC=CC=C2)C3=CC=CC=C3	-8.7	4674	train	train	6	144098
GLIUNQHLAMGIRM-ITQUXBLFNA-N	N=1C(=C(F)C(=C(C1OC=2C=C(C(N)=N)C=CC2)F)C)OC=3C=C(CC(=O)OCC)C=CC3	-10.3	6545	train	train	1	77288
CLSRIFHZLIMHCQ-WWVARKLMNA-N	C1=CC=CC(=C1)C(CNC2=C(C(=C(C=C2)C)CC(=O)NCC3=CC=C(C=C3)C(=N)N)O)=O	-9.8	9796	train	train	3	90239
OGJVKXNFFVJSHP-UHFFFAOYNA-N	C(=O)(C1=CC=2C=CC=CC2C=C1)C=3C=CC(=CC3)CN(C)CC=4C=CC=CC4	-9.7	37868	test	test	3	165165
UDIQMHOHOCRKGM-CTNGQTDRNA-N	C1[C@H](N([C@@H](COC(N2CCN(CC2)CCO)=O)CC1)S(C3=CC=C(C=C3)Cl)(=O)=O)C4CC4	-9.3	8486	train	train	4	62046
YLEWUBZOZYDNFA-LQFNOIFHNA-N	ClC=1C=CC(C2=NOC=3N=CN=C(NC4=C(COCC)C=CC=C4)C23)=CC1	-9.4	6185	train	train	4	259416
SEFADEGDCYCEGC-YRNVUSSQNA-N	ClC=1C=C(/C=C/2\C(=NOC2=O)C)C=CC1OCC#C	-7.5	1966	train	train	9	15118
FFZALGRQJRVCKO-ZDUSSCGKNA-N	N12C(C[C@H](CC1)N(CCC)CCC)=CC=C2CO	-6.4	7426	train	train	9	73399
ONWSAPVQDWIAEX-YDBSOTIBNA-N	FC(F)OC=1C=CC(/C(=N/NC(=O)COC2=CC=C(C(C)(C)C)C=C2)/C)=CC1	-8.8	12963	train	train	6	137428
CSORVCMFNUTLPP-LQFNOIFHNA-N	ClC=1C=C(NC(=O)COC(=O)C2=CN(C=3N=C(C=CC3C2=O)C)CC)C(=CC1)C	-9.9	41	train	train	2	235043
VPSYKLOMCHOCKO-UHFFFAOYNA-N	BrC=1C(OCCCCN(C)C)=C(C=C(C1)C)C	-6.4	1	train	train	9	221691
LKHCWMSDKRCJDR-UHFFFAOYNA-N	O1C(=C(N)C2=C1C=CC(OC)=C2)C(=O)CCC(OC)=O	-7.3	50125	test	test	9	243423
JXLNWQKBYZEVLS-UHFFFAOYNA-N	ClC=1C(C(=O)COC=2C=3N(C(N(C(=O)CCCC)C)=C(N3)CC)C=CC2)=CC=C(Cl)C1	-9.2	11214	train	validation	5	245372
FNGZXNPODUHAQJ-UHFFFAOYNA-N	O=C(N1C(C=2NC=3C(C2CC1)=CC=CC3)C4=CC=C(C=C4)CC)C5=CC=N(=O)C=C5	-10.3	1	train	train	1	187313
OWRBRNJMOKYORB-UHFFFAOYNA-N	ClC1(C(CC(=O)C)C2=CC=CC=C2)C(=O)C=3C(C1=O)=CC=CC3	-8.1	52544	test	test	8	259249
IAZHEPVKAKJSKD-LQFNOIFHNA-N	O1C(=NC=2C1=CC=CC2)C3=CC=C(NC(=O)CN4C(=O)C=5C(C4=O)=CC=CC5)C=C3	-10.9	52584	test	test	0	259470
LAVCBAWFHPXCPY-UHFFFAOYNA-N	ClC1=CC=C(CNC=2C=C3N=CN(C3=CC2)C)C=C1	-8.5	593	train	validation	7	150925
JQRAEUBOMNMRTR-LQFNOIFHNA-N	ClC1=CC(NC(=O)CN2C3=C(C=C(S(=O)(=O)N4CCCC4)C=C3)C=CC2=O)=CC=C1OC	-9.9	1	train	train	2	138033
ZCBWZIDLZUDXMT-UHFFFAOYNA-N	[N+]1(CC2(C(C(C1)CC2)(C)C)C)(CC)C	-5.9	4727	train	train	9	13835
ULBUUAFUKXEBCK-QDIHOGQBNA-N	C1(=CNC2=C1C=CC(C(F)(F)F)=C2)C3=CCN(CC3)CCC4C5=C(C=C(C(=O)N)C=C5)CCO4	-11.5	9202	train	train	0	57761
XNQXZWITIISZJA-UHFFFAOYNA-N	ClC1=CC=C(CS(=O)(=O)N2CCN(CC2)CC3=CC=4OCOC4C=C3)C=C1	-9.9	1	train	train	2	140522
YLIMDHPVHSKYIS-MPIMZMORNA-N	S(=O)(=O)(N1CCOCC1)C=2C=C(NC(=O)COC(=O)CC3C4CC(C3)CC4)C(OC)=CC2	-8.8	1	train	train	6	256394
CAXBBGZEJPMNQW-GYVHHQSQNA-N	N1=C(N)C2=C(C=3C=C4C(C=CC(=N4)C5=CC=CC=C5)=CC3)N=C([C@@H]6C[C@@H](C6)N7CCN(CC7)C)N2N=C1	-12.5	8622	train	train	0	88657
MJNNZFGZTBUCGH-UHFFFAOYNA-N	ClC=1N=CC(S(=O)(=O)N2CC(CCC2)C(OCC)=O)=CC1	-7.8	5327	train	train	8	232050
QPOXZNROHDZDPC-UHFFFAOYNA-N	O1C(C(OCC(=O)C=2C(=CC(=C(C2)C)C)C)=O)=CC=C1N(=O)=O	-9.2	4055	train	train	5	11298
NADLEXFDVQSSIA-REIWXLDUNA-N	S1C(CC(=O)NC=2C(F)=CC=CC2)C(=O)N=C1N/N=C/C=3SC=CC3	-9	19573	test	test	5	253003
WVVCKIYKSADBGG-ITQUXBLFNA-N	C1(N(C=2C=C(C(N)=N)C=CC2)CCCCN1C3CCN(CC3)CCC4=CC=CC=C4)=O	-10.1	6806	train	train	2	33313
OUVRKXXJNJLJOU-UHFFFAOYNA-N	O1C2(OCC1)CCN(CC2)C(=O)CN3N=C(C=CC3=O)C=4C=CC(=CC4)C	-10.1	256	train	train	2	248143
RDEISUBEXPIBNR-UHFFFAOYNA-N	O=C1N(N(C(C1=NC=2N=CN=C3N(N=CC23)C=4C=C(C=CC4)C)C)C)C5=CC=CC=C5	-10.4	41016	test	test	1	185629
YLIUOKCBMMVWDS-UHFFFAOYNA-N	O=C1CC2(CCC3=CC=CC=C3C2)C(=O)N1CCCCN4CCN(CC4)C=5N=CC=CN5	-10.2	26347	test	test	1	55949
HLSZVIJXLSHTNC-NSJMMFDCNA-N	C=1(C=CC(NC2=NC=CC(N(C3=CC=C(C=C3)OC)C(OC4=C(C=CC=C4C)C)=O)=N2)=CC1)N5CCN(CC5)C	-10.2	5310	train	train	1	21564
ZUQLFHMXTQVTAM-RZPBADLPNA-N	N1(C(C(=NCCOC)N=C(C1C=2C=CC=CC2)Cl)=O)CC(NCC3=CC=C(C(=N)N)C=C3)=O	-9.7	7287	train	validation	3	54936
MVNBIYWBFZDBIH-NIXLQJOUNA-N	C=1C(=CC(C(=O)N[C@H]([C@@H](CNCC2=CC(=CC=C2)OC)O)CC3=CC(F)=CC(=C3)F)=CC1N(C)S(=O)(=O)C)C(=O)C	-9.6	6164	train	validation	3	94890
VOSZCQSSTYCCLM-JLGFQASFNA-N	ClC=1C(N2CCOCC2)=CC=C(NC(=S)NC(=O)CCC)C1	-7	13561	train	train	9	226978
XPPRDCVATUTJON-LVYUKURTNA-N	[C@@]12(C3=C(C=CC(=C3)O)CC([C@H]1C)N(CC2)CCCCC)C	-7.4	9074	train	train	9	48199
AWOZYKLUZKAXEA-HNENSFHCNA-N	S\1C=2C(N(/C1=N/C(=O)C3=C(OC)C=CC=C3)C)=C(OC)C=CC2C	-8.3	1496	train	train	7	147063
OAWQCQRGAPYJDD-UHFFFAOYNA-N	S1CC(=O)N(C2=CC=C(N(C)C)C=C2)C1=S	-6.2	13500	train	validation	9	243815
YIRQBGZBBIZNEN-GQGMWCPQNA-N	O(C1=CC=C(C/C(=N/NC(=O)C2=C(C=C(C=C2)C)C)/C)C=C1)C	-9	51719	test	test	5	253834
WQBPTKNUZRHSMH-UHFFFAOYNA-N	S(C=1N(C(=NN1)C2=C(O)C=CC=C2)CC=C)CC3=CC(=CC=C3)C#N	-8.9	393	train	validation	6	216222
BETFKVPUAHJMIH-NPVYFSBINA-N	O(CCC)C=1C=CC(NC(=O)C(=O)NCCCN2C=CN=C2)=CC1	-7.6	13353	train	train	9	123155
NJGXLQREENWGGR-LBOYIXSDNA-N	O=C(NC1CCCC1)C(N(C2=CC=C(C(C)C)C=C2)C(=O)C=3OC=CC3)C4=CC=CN=C4	-9.9	557	train	train	2	219299
HKMCNRZPOCVMKL-UYNAYQJXNA-N	S(=O)(=O)(N[C@]1([C@@H]([C@@H]1C2=CC=CC=C2)C)C(O)=O)N3CCC=4N5C(=NC4C3)C=C(F)C=C5	-10.6	27377	test	test	1	74551
ZLLPURSCEJKCNE-UHFFFAOYNA-N	O=C1N(C2=NC(N3CCN(CC3)C)=NC=C2N=C1CCC4=CC=CC=C4)CCC#N	-10	5652	train	train	2	167361
UOJQKWWDGSAGPA-UHFFFAOYNA-N	FC=1C=C(C2=NN(C=C2CNC(C=3C(=NN(C3)C)C)C)C=4C(=CC=CC4)C)C=CC1OC	-10	4450	train	train	2	172878
MONCKNORZBKKGF-UHFFFAOYNA-N	FC1=C(C(=O)N(C=2N3C(=NC2CC)C(OCC(=O)C=4C=CC(F)=CC4)=CC=C3)C)C=CC=C1	-10.5	11214	train	validation	1	123419
QYHRJRXWWACCON-LILDFLRNNA-N	O(C=1C=CC(NC(=O)C=2OC=CC2)=CC1)C3=CC=C(C=C3)C	-8.6	1	train	train	7	174472
KFHINOFEYCZOKN-UHFFFAOYNA-N	C1(=C(C(O)=CC=C1)F)C(O)CNC	-6.1	6962	train	validation	9	110673
KOHBPUXPWPTURG-UHFFFAOYNA-N	O(C=1C(CNCCC2=CC(OC)=C(OC)C=C2)=CC(OC)=C(OC)C1)C	-7.6	1	train	train	9	201735
XGNQEJUXRNBYCQ-WGCUNWFXNA-N	C=1C=C([C@H](CN[C@H](C)CC2=CC=CC(=C2)CC(NCC3=CC=CC=C3OCC)=O)O)C=C(C1O)NS(C)(=O)=O	-9.9	8203	train	validation	2	52521
FCUWLOXKPVSHET-LYAHJRQRNA-N	S1(=O)(=O)N([C@@H](C(C)C)C(=O)NC=2C=CC(OC)=CC2)CCC(C=3C1=CC=CC3)=C	-9.6	1	train	train	3	208826
VETSUNZWTJUJCA-GPQMBLKYNA-N	O=C(NC1CCCCC1)C2=C3N(N=C2)C(=CC(=N3)C)C	-8.3	448	train	train	7	11405
QDQAKKNJFPQWNU-WUSLAWIHNA-N	S(C=1N2C(=NC(C2=O)CC(=O)NCCC3=CC=CC=C3)C4=C(N1)C=CC=C4)CC(=O)NC5=C(OC)C=CC(OC)=C5	-10.6	5910	train	validation	1	117123
VWTMVSXTKISGHK-AWIDAIFANA-N	S(C1=C(N)C=CC=C1)(OC=2C=C(OCCCON=C(N)N)C=C(C2)C)(=O)=O	-8.5	7121	train	train	7	63826
GOMAMSYNNUTTNH-MPIMZMORNA-N	FC1=CC=C(N2CCN(C(CNC(=O)C=3OC=CC3)C=4OC=CC4)CC2)C=C1	-9.4	43483	test	test	4	201440
BMGBJQVDJRVUNW-PKRZOPRNNA-N	ClC=1C=C(CN2C3=C(S(=O)(=O)C4=C(C2=O)C=CC=C4)C=CC(=C3)C(=O)NCCN5CCOCC5)C=CC1	-10.7	396	train	train	0	149222
SJEYNSYSESRBOS-LILDFLRNNA-N	O1C(COC=2C1=CC=CC2)CNC(=O)COC(=O)C3=CC=C(O)C=C3	-9.2	13433	train	train	5	146428
XBNARHNMPKIDGH-UHFFFAOYNA-N	S1C(C(OC(C(=O)N=C2C(N(N(C2=O)C3=CC=CC=C3)C)C)C)=O)=CC=C1	-8.7	933	train	validation	6	211045
YJQJZYOAAZRCDK-JQIJEIRANA-N	S\1N2C(=N/C1=N\C(=O)C=3C=CC(OC)=CC3)C=CC=C2	-8.2	46133	test	test	8	218383
FHSHHCFXYUDHHS-UHFFFAOYNA-N	BrC1=CC=C(CNCC=2C=CC(=CC2)C(OCC)=O)C=C1	-7.5	12803	train	train	9	176298
PNXSFVHYKWUKPH-STSOEAQONA-N	O1[C@H](C2CC2)[C@]3(C[C@@H](C(=O)N(C3=C[C@@H]1C(C)C)CC4=CC=CC=C4)CC(=O)NCC5=CC(OC)=C(OC)C=C5)C(OC)=O	-10.6	11219	train	train	1	142586
QESAZZJJPJGKDO-VOBGIRPBNA-N	C12=NC(C3=CC(NC(C=4SC=CC4)=O)=CC=C3OCCC)=NC(=C1C(C)=NN2C)O	-9.9	7482	train	train	2	45217
AUUZEFXEYGEXJX-HXTKINSTNA-N	ClC=1C(OCC2=NC(=O)NC(C2C(OCC)=O)C=3C(=CC=C(C3)C)C)=CC=C(F)C1	-9.5	298	train	train	4	6870
IZRCDGKIORKECW-OAADKBAMNA-N	C1([C@]2(N=C(C=3N(C2)C=C(N3)C(F)(F)F)N)C)=CC(=CC=C1F)NC(C=4C=CN(N4)C(F)F)=O	-10.3	10270	train	validation	1	105850
VZPVYMYKXNRNSK-LILDFLRNNA-N	O=C(NC1CCCC1)CCCC=2ON=C(N2)C=3C=CC(OC)=CC3	-8.2	442	train	train	8	139858
XYMXFWACOPWRFP-PECIQRARNA-N	O=C(N)C1CCN(CC1)CC=2N(C3=C(N2)N(C(=O)N(C3=O)C)C)CCCC4=CC=CC=C4	-10.3	44	train	train	1	222118
GVUGSHHDPCGBJP-QVUQFMIFNA-N	C12(COC(=N1)N)CC(C)(C)CC3=C2C=C(C=C3)C4=CC(=CN=C4)F	-10.5	10562	train	validation	1	76979
GYQQPDHZRXBWHP-GFCCVEGCNA-N	C1(=CC=C(C[C@@H](N)CC(N2CCN3C(C2)=NN=C3C(F)(F)F)=O)C=C1)Cl	-9.5	8434	train	train	4	78759
FODXAXQLCUZYIV-UHFFFAOYNA-N	C=1(C=C(S(NCC=2C=CC(=CC2)C(=O)N(CC)CC)(=O)=O)C=CC1)Cl	-8.3	1	train	train	7	68908
MDQJNEGESAJFAC-XBTAAFKLNA-N	O=C(NNC1=NC=2C=3C1=CC=CC3C=CC2)C=4C=CC(=CC4)C	-10.7	18199	test	test	0	224258
MDXWKFFYTIJLPE-LILDFLRNNA-N	BrC1=CC=2C(NC(=O)CCN3CCOCC3)=C(OC2C=C1)C(OC)=O	-8.2	1355	train	train	8	164401
BYTGVNRJUPVTHL-IOPDFKDFNA-N	O=C(NC1CCCCC1)C2(N[C@@H](CC(C)C)C(=O)NCCC=3C=4C(NC3)=CC=CC4)CCN(CC2)C(OC(C)(C)C)=O	-10.2	1	train	train	1	135519
INFKSRLTQWNLNS-UHFFFAOYNA-N	S(=O)(=O)(NC=1C=CC(=CC1)CC#N)C2=CC=C(N3CCCC3=O)C=C2	-9.1	12797	train	train	5	119939
CYLBEDISTPRRAJ-UHFFFAOYNA-N	N1(N=C(C2=C(N=C3N2C=CC=C3)C=4C(=C(Cl)C=CC4)Cl)C=CC1=O)C=5C(Cl)=CC=CC5Cl	-10.6	9122	train	validation	1	85916
UQISEIMHWNPEJV-CMLSCEPHNA-N	S(=O)(=O)(N1CC(CCC1)C(=O)NC=2SC=C(N2)CC(OCC)=O)C=3NC=NC3	-8.7	44079	test	test	6	205196
UJTHKWFURJCQDD-UHFFFAOYNA-N	O(C=1C=C2C(N=CN=C2C#CCCC3=CC=CC=C3)=CC1OC)C	-9	8300	train	train	5	57929
HHVHRSBNVVYQGO-UHFFFAOYNA-N	BrC=1C=CC(C2=NN(C(C2)C3=CC=C(OC)C=C3)C(=O)CN4CCCC4)=CC1	-9.3	2357	train	train	4	201541
DGFOKAWOKPYRQY-GPQMBLKYNA-N	S(=O)(=O)(N1CCN(CC1)C(=O)CC(CC(O)=O)C)C=2SC=CC2	-7.9	1	train	train	8	15748
CNMGYVMEYNWQGX-GPQMBLKYNA-N	S1(=O)(=O)N(C=2C(C=3C1=C(SC3C(=O)NCC4CC4)SC)=CC=CC2)C	-8.6	51167	test	test	7	250090
XDKJTIQVFJGSCF-UHFFFAOYNA-N	O1C2=C(OC1)C=CC(C(=O)N=C3C(=O)N4C(=NC3C)C=C(C=C4)C)=C2	-9.7	15662	train	train	3	217525
PDFCQNQTCNIMQT-UHFFFAOYNA-N	O=C(N1CCC(CC1)C)C2CCN(CC2)C3=NC=NC=4N5C(=NC34)CCCCC5	-10.4	4976	train	train	1	197926
ZGFASEKBKWVCGP-UHFFFAOYNA-N	O1C(OC)(CC(C2=C1C=3C(OC2=O)=CC=CC3)C4=CC=CC=C4)C	-10	1104	train	train	2	251596
XDLBQUXQDNVKAP-BLYJMTEFNA-N	O1[C@@H](C2CCCC2)C=C3N(C(=O)[C@H](C[C@@]3([C@H]1C)C(OC)=O)CC(=O)NCCCN4CCCC4=O)CC=5OC=CC5	-9.5	11219	train	train	4	147292
HOJVLPVWXQGNDN-UHFFFAOYNA-N	O=C(N1CC(N2CCN(CC2)C=3C(=CC=CC3)C)CCC1)CCN4N=C(C=C4)C	-9.4	17160	train	train	4	192903
DZOJBGLFWINFBF-UMSFTDKQNA-N	C1N(C[C@](CC1)(C2=CC(=C(C=C2)Cl)Cl)CCCN3CCC(CC3)(C4=CC=CC=C4)N(C(C)=O)C)C(=O)C=5C=CC=CC5	-11.1	25068	test	test	0	32130
AMHGDLONYBMGAD-BDGWVKIONA-N	ClC=1C(OC)=CC(NC(=S)NC2CC(NC(C2)(C)C)(C)C)=C(OC)C1	-8.3	1	train	train	7	241355
NRZDCLRWAQENQQ-NPQUBYNZNA-N	N(C1=C(C(=O)O)C=CC=C1)(C(C(=O)O)=O)C2=C(C(C)C)C=CC=C2	-8.2	9486	train	train	8	152718
UMUMDIXYWKRRCG-HVJTVYSJNA-N	S(=O)(=O)(N(C[C@H]1OC=2C(C(=O)N(C[C@@H]1C)[C@@H](CO)C)=CC=CC2NC(=O)C=3C=CN=CC3)C)C=4SC=CC4	-9.8	5379	train	train	3	223769
KSRQZXSAMQLYDW-DZQCGVKKNA-N	S(C=1N=C(N=C2C1C=CC=C2C)C3=CC=CC=C3)CC(=O)N	-9	2960	train	train	5	193663
FMZGBSVSSSJNBU-UODFVNKQNA-N	N1(C2=C(OC)C=CC=C2)CCN(CCCCNC(/C=C/C3=CC(Cl)=CC=C3)=O)CC1	-8.8	1	train	train	6	31822
JGVQQLFJSAZAOJ-LZYBPNLTNA-N	BrC=1C(/C=C\2/SC(=O)N(CC(=O)N3CCCC3)C2=O)=CC(OC)=C(OCC(OC)=O)C1	-8.4	113	train	train	7	253776
REDMKBQPUJJWFQ-UHFFFAOYNA-N	O(C=1C(C(CC(=O)C=2C=CC=CC2)C(=O)C=3C=CC=CC3)=CC=CC1)C	-9.6	49084	test	test	3	236880
WTEHSLBHHPNNTR-UHFFFAOYNA-N	[N+]1(CCCCCCC[N+]2=CC3=C(C=C2)C=CC=C3)=CC4=C(C=C1)C=CC=C4	-9.5	3451	train	train	4	50944
KEDOBGISUFYCKN-ZHLVXTBQNA-N	N1(CCC(CC1)O)C2=CC(=C(C=C2)O)C=3C=CN=C(N3)N	-8.8	9240	train	train	6	110809
ZCXQYNQLVPHVHI-PUXXYCQMNA-N	BrC=1C=CC(NC(=O)C2C3C4(OC2C=C4)C(N(C3=O)CCN5CCOCC5)C(=O)NC6CCCCC6)=CC1	-10.4	485	train	train	1	123244
DHWOIIOUSMBGRI-GDEMPAQCNA-N	ClC1=CC(NC(=O)C/C(=N/NC(=O)C2=CC=C(O)C=C2)/C)=C(OC)C=C1	-8.9	15345	train	train	6	246538
MTPYENPPPHZQOH-UHFFFAOYNA-N	S(=O)(=O)(N1CC(CC(C1)C)C)C=2C=C3C(N(C=C(C3=O)C(OCC)=O)CC)=CC2	-9.5	585	train	train	4	179597
JMUCJLDWJKRVHB-GPQMBLKYNA-N	C1=2C(=NC=3C(N1C=NC2)=CC=CC3)NC4=CN=CC=C4	-8.6	7465	train	train	7	101584
IKWKOVXTRGCSEM-UHFFFAOYNA-N	O(C=1C=C(CN2CCN(C3=NC=CC=C3)CC2)C=CC1)CC4=CC=CC=C4	-9.9	1	train	train	2	2220
AMCTWTPMEZKMMF-UHFFFAOYNA-N	ClC1=C(S(=O)(=O)N2CCCCCC2)C=C(C(=O)N3CCN(CC3)C4=NC=CC=C4)C=C1	-10.4	1	train	train	1	233681
VQHZKXBRQPNMEY-YPJDTSCHNA-N	S(=O)(=O)(N)C=1C=CC(=CC1)C(=O)CSC=2N=C(O)C(=CN2)C(OCC)=O	-9	9323	train	train	5	67791
GYXQXRWIELQCCU-AKEVKKPTNA-N	C=1C(=CC=C(C1C(NC2CCN(CC2)CCCOC)=O)C)N3N=C(C=C3NC(NC4=C5C(C=CC=C5)=CC=C4)=O)C(C)(C)C	-10.8	34	train	validation	0	78722
ZTFASFHCLHOGDO-YHMJCDSINA-N	ClC1=CC(NC(ON(C(OCC)=O)C)=O)=CC=C1Cl	-7.5	1144	train	validation	9	3181
XCNLWXUOKPSZSX-MRPQGQGYNA-N	ClC=1C=C(C2=NC=3N(N=C(O)C3)C(SCC(=O)NC=4C=CC=CC4)=N2)C=CC1	-10	11660	train	train	2	179558
VDRMYOBPPLEUGT-NPVYFSBINA-N	BrC=1C=CC(C(=O)NCCC(=O)NC2=NC=CC(=C2)C)=CC1	-8.6	13981	train	validation	7	126776
QYKKKKDXEWONTP-UHFFFAOYNA-N	S(CC(=O)N1CCN(CC1)C(=O)C=2OC=CC2)C=3C=4C(N(C(=O)C3)C)=CC=CC4	-10.3	329	train	validation	1	249438
FXEKYXNHJDVDPK-UHFFFAOYNA-N	C=1(N(=O)=O)C=C(N(=O)=O)C(=CC1NN=C(C)C)NCCSCC=2OC(CN(C)C)=CC2	-8.5	9217	train	validation	7	68542
FDIILZXGDJKVHJ-LPFQOILGNA-N	S(=O)(=O)(NC=1ON=C(C1C)C)C2=CC=C(NC(=O)/C=C/C3=CC=C(C(C)C)C=C3)C=C2	-8.8	991	train	validation	6	211871
MNSNMTASPOHKEI-UHFFFAOYNA-N	N1(CC2=CC=NC=C2)C(=NC=C1)C	-6	4883	train	train	9	95351
MZGMCXXLXLYTCQ-KWABDCMJNA-N	S(N[C@H](C(NCC(N[C@H]([C@H]([C@H](CC(C)C)O)O)CC1CCCCC1)=O)=O)CC=2C=CC=CC2)(N3CCOCC3)(=O)=O	-9.8	1	train	train	3	91134
QLEGWPDWXNOEIY-GLBQXUFFNA-N	O=C1N2C[C@@H]3C[C@@H](CN(C3)C(=O)NC4=CC(=CC=C4)C)C2=CC=C1	-10.2	1558	train	train	1	189355
NEDBCBYFNVNJRH-LKHHGCNMNA-N	S(CC1=NOC(=C1C(=O)NCC2=CC=CC=C2)C(=O)NCC3=CC=CC=C3)C4=CC=C(F)C=C4	-9.7	2359	train	train	3	180198
NCGLPEWWAUOCIF-SRQSWKIUNA-N	N1=CC=C2C(=C1N)C=CC(=C2)N[C@@H](C(N3[C@H](CCC3)C4=CC(=CC=C4S(C(C)C)(=O)=O)NC(OC)=O)=O)C5=CC(=C(C=C5F)F)OCC	-11.7	6402	train	train	0	36737
XSVKENMLGSEFEJ-SECOMMCFNA-N	N1(C(=C(CC(N[C@@H](CC(C)C)CO)=O)C=2C1=CC=C(OC)C2)C)C(C=3C=CC(=CC3)Cl)=O	-9.2	1	train	train	5	47666
BIKNUCRVERIYAY-XBTAAFKLNA-N	S1C(NC(=O)CCC(=O)N(CC2OCCC2)CC(=O)NC(CC)(C)C)=NC=C1	-8	494	train	validation	8	246834
BUUMWOKROHJICR-UYBDAZJANA-N	S(C=1N(C2=C(N(C(=O)NC2=O)C)N1)CCOCC)CCC3=CC=CC=C3	-8.7	44	train	train	6	125559
QRNJQRRSWNYGEZ-UHFFFAOYNA-N	FC=1C=C(COC(=O)C=2C=C3C=4C(C(=O)C3=CC2)=CC=CC4)C=CC1	-10.7	2892	train	train	0	8119
UXGKVGKVSWPDRX-MTDOWQCNNA-N	O=C(N1[C@H]2CC[C@@H]1C(C(=C2)C=3C(OCC4=CC=CC=C4)=CC=CC3)C(OC)=O)NC5CCN(CC5)CC6=CC=CC=C6	-10.5	5274	train	validation	1	252732
KGZUPMUUORWITD-DVIAZDKANA-N	O=C(N1CCCCC=2C1=CC=CC2)NC3=CC=C(CC(=O)NCCOC)C=C3	-9.7	1768	train	train	3	167658
CSOPFNOFIZHDML-YHMJCDSINA-N	C1=CC=C(NC=2SC(=C(N2)O)C(C)C)C(=C1)C	-7.6	7483	train	train	9	89377
WXJDSVBXJQZZBD-XBXBPLPCNA-N	O=C(NC1CCCCC1)C=2C(NC(=O)CN3C(=O)C=4C(C3=O)=CC=CC4)=CC=CC2	-11.2	1	train	train	0	234372
BAQCWSSXDGDRCE-DHZHZOJONA-N	O(C=1C=C(C(=O)/C=C/C=2C=CC(=CC2)C(OC)=O)C=CC1)C	-8.6	50290	test	test	7	244422
BITHABUTZRAUGT-UHFFFAOYNA-N	O(C(=O)C=1C(C(=C(N(C1C)CC#C)C)C(OC)=O)C=2C=C(N(=O)=O)C=CC2)CC	-8.2	1118	train	train	8	12657
ACWRNJUYFNAMSX-LNMXKIQINA-N	OC=1N(C(O)=C2C1[C@@H]3N([C@@]2(C)C(OC)=O)/C(/N(C3)C)=N/C4CCCCC4)C	-8.6	702	train	train	7	229649
XUZZJUFXHPHBTR-UYBDAZJANA-N	S(=O)(=O)(N1CCOCC1)C2=CC=3N=C(NC3C=C2)COC=4C(=CC=CC4)C	-10	1816	train	train	2	5342
JUDYTJIVMYXLDV-ULDHRCHENA-N	S(C=1N=C(O)N=C2CCCCC21)CC(=O)NC=3C=CC(CCCC)=CC3	-9	12555	train	train	5	194932
OKKRPWIIYQTPQF-UHFFFAOYNA-N	O(CC(CC)(COC(=O)C(C)=C)COC(=O)C(C)=C)C(=O)C(C)=C	-6.4	4826	train	train	9	16860
JDGOMARPAJCIHO-UHFFFAOYNA-N	O(C1=C(C(=O)CC(=O)C=2C=CN=CC2)C(O)=CC(OC)=C1)C	-7.5	1	train	train	9	123888
WVMYASHEBFVNCR-UHFFFAOYNA-N	S(C1=CC=C(C2N(CCC3=C2NC=4C3=CC=CC4)C(=O)CC5=C(OCC)C(OCC)=CC=C5)C=C1)C	-10.2	1	train	train	1	216590
FCTSFTNONMILDD-JLGFQASFNA-N	O(C(=O)NCCCCCCNC(OCCOCC)=O)CCOCC	-5.9	9538	train	validation	9	223313
AMINWDBXDFTOJB-UHFFFAOYNA-N	C1(C2=C(C=CC=C2OCCCCCCCN3CCC(CC3)O)OC(=C1)C=4C=CC=CC4)=O	-9	31	train	train	5	84209
RDBKXAYOPXXCDJ-MPIMZMORNA-N	S(=O)(=O)(NCCC(=O)NN=CC=1C2=C(NC1)C=CC=C2)C3=CC=C(C=C3)C	-9.3	38360	test	test	4	168177
UKNNZFNDCVNGKV-SXCPGBIKNA-N	N1(C(C(=NCC2=NC=CS2)N=CC1)=O)C(C(N[C@@H](CC(=O)O)C(=O)CSCC=3C=CC=CC3)=O)CC	-8.6	8522	train	train	7	58000
QIXBPDJPNDOGRJ-FQLLCYBXNA-N	ClC1=CC=C(CNC(=O)NC=2C3=C(NN=C3)C=CC2)C=C1	-9.3	364	train	train	4	15943
QNMWKQUTLARIJE-UHFFFAOYNA-N	S(CC1=CC=NC=C1)C=2OC(=NN2)C3=CC=4OCOC4C=C3	-8.7	189	train	train	6	121616
LVQKKHWEPPQIMP-XJFCNFDWNA-N	FC=1C=2C(CN(C3CC3)C(=O)[C@@H]4[C@](O)(CCNC4)C5=CC(F)=C(F)C=C5)=CN(C2C=CC1)CC=6C=CC(=NC6)C	-10.9	6433	train	validation	0	108570
YJJPLZIZTOJTQT-UHFFFAOYNA-N	O=C1C(C(N(C2=C1C=CC=C2)C)=NC(=O)CC(C)C)C=3C=C(OC)C(OC)=CC3	-9.7	3941	train	train	3	233727
GIKRMUZMOKTBHS-UHFFFAOYNA-N	OC1=C(N2CCN(CC2)C=3C(OC)=CC=CC3)N(C4=C1C=CC=C4)C(=O)C	-9.4	12285	train	validation	4	213085
VLBMVQOJRFYLAT-XYULLFFJNA-N	O(C=1C(C2NC(=O)N=C(C2C(=O)C)C3=CC=CC=C3)=CC=CC1)CC(=O)NCC4=CC=CC=C4	-10.3	967	train	validation	1	6004
GESPWZBVNAYMDX-RCCQVUDGNA-N	BrC=1C=C(/C=N/N2C(=NN=C2S)C=3C=CC=CC3)C=CC1	-8.8	393	train	validation	6	236182
MIKXUUBUWSKLSE-NPVYFSBINA-N	O(C(=O)N1CCC(CC1)CNC(=O)NC=2C=CC=CC2)C(C)(C)C	-8.9	1	train	train	6	135455
PTUPCFNKXDILSA-UHFFFAOYNA-N	C1=2C(N(C=3C=C(Cl)C=CC3)C)=NC=NC1=CC(=C(C2)OC)OC	-8	6	train	train	8	27572
XVJPZVILDPXQTC-CSKMVECVNA-N	C1=C(C(C=2C=CC(=CC2)CN3CCC(CC3)C(=O)NC4=CC=NC=C4)=NC=5C1=CN=C(SC)N5)C6=CC=CC=C6	-10.8	6409	train	train	0	35981
XDJMEYYASIYPFR-QGOAFFKANA-N	S\1C=2N(C=3C(N2)=CC=CC3)C(=O)/C1=C\C=4N(C5=CC=CC=C5)C=CC4	-9.8	33239	test	test	3	135843
HTVNMYNZIULXPX-GFCCVEGCNA-N	O1C([C@H](O)CCNC(C)C)=CC=2C1=CC=CC2	-6.8	48026	test	test	9	230505
MHPWKGIBRFKMRN-QWOVJGMINA-N	N1(C(C=2NC(=NC2N(C1=O)C)C3=CN(N=C3)CC4=CC=CC=C4)=O)CC(C)C	-10.1	44	train	train	2	93097
ALQPCKIUBFPWOJ-UHFFFAOYNA-N	O1N=C(N=C1CN(C(C)C)CC=2N(C=CN2)C)C=3C=CC(=CC3)C(OC)=O	-8.8	19051	test	test	6	247342
MCUKCHFMXIGGQK-HCKMINDGNA-N	O1CCN(CC1)CC2=CC=C(C=C2)C=3N=C(NC)C=NC3	-8.3	11964	train	train	7	137553
CTPFLZPAXMVZSB-UHFFFAOYNA-N	S(=O)(=O)(N1CCN(CC1)C2=CC=CC=C2)C3=CC=C(OC)C=C3	-8.8	1	train	train	6	250245
LOQYDJDSTRWEDZ-NPVYFSBINA-N	O(CC(=O)NCCNC(=O)COC(=O)C=1OC(=CC1)C)C(=O)C=2OC(=CC2)C	-8.5	11575	train	validation	7	183292
LZVDHDHLNVWARW-VHHYCLSVNA-N	ClC=1C=C(C=CC1)C(O/N=C(\N)/C2=NC=CC=C2)=O	-8.3	12986	train	train	7	242089
JKXMSMJYXFMRQX-LQFNOIFHNA-N	BrC1=CC(=C(NC(=O)CN2C(=O)C=3C(S(=O)(=O)N4CCN(CC4)C)=C(SC3N=C2)C)C=C1)C	-9.9	855	train	train	2	196132
VGBJXXVKWAWGRC-MPIMZMORNA-N	OC1=C(C2=C(C=C1)C=CC=C2)C(NC(=O)CCC)C3=CC=C(OC)C=C3	-9.3	4217	train	validation	4	243527
BOFMSSVMYZHIJJ-YHMJCDSINA-N	ClC=1N=CC(C(=O)NC=2SC=C(N2)C)=CC1	-7.2	3062	train	validation	9	221541
KQAYQVLKWQVCGO-LILDFLRNNA-N	FC1=CC=C(C(=O)NC2=NN(C=3C2=C(N(C)C)C=CC3)C)C=C1	-9.1	19352	test	test	5	186812
UCBZJSRGDHLAOV-DZQCGVKKNA-N	[N+]=1(C(=C(C)C(=CC1C)C)C)CCC=2C=CC(S(=O)(=O)N)=CC2	-8.7	1	train	train	6	62153
ZECRXPQWTFVYDW-XYJDJULONA-N	N1=C(ON=C1CC2CCCCC2)[C@@H](NC([C@@H](NC(=O)C)CC=3C=CC(OP(=O)(O)O)=CC3)=O)CCC(=O)O	-10.1	9106	train	train	2	130990
AOUGVBPZANLVRE-HXTKINSTNA-N	O(CC(=O)NC=1C=C2N=C(N(C2=CC1)C)CCN3CCC(CC3)C)C=4C=C(C=CC4)C	-9.4	593	train	validation	4	145560
BDSZVAYUIVQQCN-HXTKINSTNA-N	S(=O)(=O)(N1CC(CCC1)C(=O)NC2=CC=C(C=C2)C(=O)C)C3=CC=4CCCN(C4C=C3)C(=O)C	-11.9	1	train	train	0	224623
BEIGEYDXURMRRA-LILDFLRNNA-N	BrC=1C=C(C(OCC(=O)NC2CCCCCCC2)=O)C=CC1	-8.8	1	train	train	6	259994
DUNBLEBIUURXSN-VJFVSZNYNA-N	S1C(/C(=N/C2=CC=3N(CCCN4CCOCC4)C=CC3C=C2)/N)=CC=C1	-8.6	7865	train	train	7	72104
QHYRELLXJDJBHO-UHFFFAOYNA-N	BrC1=CC=C(C=C1)C2=CC3=C(N=N2)C=4C=CC=CC4C3=O	-10	2913	train	train	2	41952
OSKMCGGZIXNWFU-XEAZSNTPNA-N	S=C(NCCN1CCOCC1)N/N=C/C=2C=CC(=CC2)C(=O)O	-8.4	32596	test	test	7	131676
MNNXZGKKWOQTBW-LBOYIXSDNA-N	C1=CC=2C=3C(CC2C=4C=NNC14)(CC5=CC=C6C(=C5)C=CC=C6)CCC(C3C)=O	-13	6405	train	train	0	95266
KDOMUCROZLBGCX-WYUMXYHSNA-N	O=C(NCCC1=CC=CC=C1)C2=CC(N(=O)=O)=CC=C2	-8.5	1	train	train	7	200356
GMUFWWACMCRWGR-QQYWGXKINA-N	ClC=1C=C(NC=2C=3C(N=CC2C#N)=CC(OCC)=C(NC(=O)C(CN(C)C)=C)C3)C=CC1OCC4=CC=CC=C4	-10.1	1432	train	validation	2	77357
ZHLOXSRHSSLIDC-MPIMZMORNA-N	O=C(NCCCN1C(CCCC1C)C)CN2N=CC=3C(N=C4C3C=CC=C4)=C2O	-9.8	4858	train	train	3	208387
ALRWEZICRUXVCF-MPIMZMORNA-N	S1C2=C(CCCC2)C(=C1NC(=O)C3=NOC=4CCC(C(C)(C)C)CC43)C#N	-10	106	train	train	2	211117
LKWBQQMJTWFEQZ-UHFFFAOYNA-N	ClC=1C=C(N2N=C(C(=C2C3=NOC(=C3)C)C(OC)=O)C)C=CC1F	-8.5	19296	test	test	7	185570
SXGLOSJUBOLIOB-SECOMMCFNA-N	C1(C=2SC=C(N2)CC)=CC=C(C=C1)OCCCOC=3C=CC4=C(CC[C@H]4CC(=O)O)C3	-8	5865	train	train	8	23618
IEDSLHMTZWRRIN-LILDFLRNNA-N	BrC1=CC=C(S(=O)(=O)CCC(=O)NC2=CC=C(C=C2)C(OC)=O)C=C1	-8.7	1	train	train	6	148052
FXYNQUMFNMHWTB-COYVLJPMNA-N	FC(F)(F)C1=CC(CCN2[C@H](CNC(=O)C2=O)C3=CC=CC=C3)=CC(=C1)C(F)(F)F	-9.4	50271	test	test	4	244288
KBDZMHUBIGWJPD-UHFFFAOYNA-N	C(C1=NN=C(C2=NN(C(=C2CN3N=CN=C3)C=4C=CC(=CC4)Br)C=5C(=CC(=CC5)Cl)Cl)S1)(C)(C)C	-9.9	29042	test	test	2	103491
VUXLKOATKUTQHW-UHFFFAOYNA-N	C=1C=CC=2N(CC3=CC=CC=C3)N=C(C4=NC(=NO4)CN)C2C1	-9	26975	test	test	5	67085
KGKSEEXMUBEGOB-UHFFFAOYNA-N	O1CCC2(CC1)C=3C(CN(C2=N)C=4C=CC(=CC4)C(=O)C)=CC=CC3	-9.9	36663	test	test	2	157473
CZWRVEBDNZJFDF-LILDFLRNNA-N	O1C2=C(OCC1)C=CC(NC(=O)C3=NN(C(=O)C4=C3C=CC=C4)C)=C2	-10.1	15426	train	train	2	155370
WFBAUGSHWUIWJR-HCKMINDGNA-N	FC1=CC=C(CCNC(=O)C=2C=CN=CC2)C=C1	-8.3	47845	test	test	7	229412
GRPRADZOCAWXCX-HVXXBKQBNA-N	S(=O)(=O)(N)C1=CC=C(N=C2C3=C(C(=O)C(=O)C2)C=CC=C3)C=C1	-9.6	2214	train	train	3	16250
DKICFZCZJPNDET-UHFFFAOYNA-N	N1=C(N(CC=2OC=CC2)C)SC(=C1C=3OC=CC3)C(C=4C=CC=CC4)=O	-8.9	8372	train	validation	6	87283
IFSPAQOPAVWNLJ-HCKMINDGNA-N	S1C2=C(N=C(N=C2O)COC(=O)C=3C=CC=CC3)C=C1	-8	11874	train	train	8	209193
AEGOBAOSTAGKEJ-LQFNOIFHNA-N	O=C(NC1CCCC1)C(N(C2CC2)C(=O)C=3OC=CC3)C4=C(OC)C(OC)=CC=C4	-8.5	1	train	train	7	123444
KZFRIHIZMZYZCN-QYUJIARNNA-N	S(N1[C@@H](C(O)=NO)C[C@H](CC1)O)(C=2C=CC(OCC=3C(C)=CC=CC3)=CC2)(=O)=O	-10	1	train	train	2	111898
SQVWHOMDKZAUNJ-QAGGSOBSNA-N	O=C(NCCCCCNC=1C=2CCCCC2N=C3C1C=CC=C3)[C@H]4N(CCC4)CCNC5=C6CCCCC6=NC=7C5=CC=CC7	-11.3	1	train	train	0	61465
FXBMDRVJDXWALE-VFSNKAIFNA-N	C=1C=CC2=C(C1C(N)=O)NC(C3CCCN(CC3)C(C)C)=N2	-9.9	7634	train	train	2	68534
IKTRVBAQJFVCAU-XBXBPLPCNA-N	O(C1=CC=C(C(N2CCCC2)CNC(=O)CN3NC(=O)C4=C(C3=O)C=CC=C4)C=C1)C	-10.3	37763	test	test	1	164455
QWWYRGLARFIBDN-VJSLDGLSNA-N	O=C(NC1CCCCC1)C(N(CC=2OC=CC2)C(=O)CN3C=4C(N=C3)=CC=CC4)C5=CC=C(C=C5)C	-10.7	17717	test	test	0	160693
KWAAPLPYCNOUMB-UHFFFAOYNA-N	S(=O)(=O)(NC=1C(OC)=CC=C(N(=O)=O)C1)C2=CC=C(C=C2)C	-8.3	1	train	train	7	252756
YRXHPMDKEZLJQE-MBLKBOEFNA-N	C(N1CCC[C@H]1C(N[C@@H](CCCN=C(N)N)C(=O)C=2SC3=C(N2)C=CC=C3)=O)(=O)CC(C=4C=CC=CC4)C5=CC=CC=C5	-11.6	6418	train	train	0	55762
PYZGVJMTIPVXKF-LKSVBJIKNA-N	C(N[C@H]([C@H]([C@H](CC(C)C)O)O)CC1CCCCC1)([C@@H](NC([C@@H](NC(O)=C)CC2=CC=CC=C2)=O)CC=3N=CNC3)=O	-9	1	train	train	5	41424
SJCUJBCYBXGZOY-UHFFFAOYNA-N	OC=1C=2CN3C(CC2C=CC1)C=4C(CC3)=CC(O)=C(O)C4	-9.4	1	train	train	4	41820
XKJOPHHXVLKFOE-UHFFFAOYNA-N	C1C(C2=CC=C(C=C2)N3C(C=4N(N=C(C4CC3)C(F)(F)F)C5=CC=C(C=C5)OC)=O)(C1)CCN6CCOCC6	-9.5	6453	train	train	4	51438
JFPORTCUBLPUBE-UYBDAZJANA-N	ClC=1C=C(C2NC(=O)N=C(C2C(=O)C)C)C(OCC=C)=C(OC)C1	-7.6	1470	train	train	9	123374
FEPMHVLSLDOMQC-ONVBOMDENA-N	O=C1N([C@H](C(=O)N2C(CC(=O)CC2)C(=O)N[C@H](C(OC([C@H](NC(=O)C=3N=CC=CC3O)C(=O)N[C@@H](C(=O)N4[C@H]1CCC4)CC)C)=O)C5=CC=CC=C5)CC6=CC=CC=C6)C	-8	52048	test	test	8	255820
YMUJNXBVYSCKFI-DGSSUSHWNA-N	FC(F)(F)C=1C=C(NC(=O)/C=C/C)C=CC1	-7.4	19315	test	test	9	259258
YBHQAMRHQWSBBT-LQFNOIFHNA-N	S(C=1N2C(C3=CC=CC=C3)=CC(O)=NC2=NN1)CC=4C=C(C=CC4)C	-10.2	12442	train	train	1	154043
DTQRPVGZGSLLTL-LQFNOIFHNA-N	O1C=2C(C(C3=C(C=C(OC)C=C3)C)=C1)=CC=CC2C(=O)NC4=CC=CN=C4	-10	11731	train	validation	2	151575
AXQQWFYUCACWNB-LILDFLRNNA-N	O=C(NCCC=1N2N=C(N3CCCC3)C=CC2=NN1)C=4C=CC=CC4	-9.3	499	train	train	4	183346
HJGAITKYSIAPPO-HXTKINSTNA-N	O=C(O)C=1C(=C(N(C1C)C2=CC=CC=C2)C)CNCCC3=CC=C(C=C3)C	-8.6	18630	test	test	7	173903
OLAGSOWETVSPCF-UOUYZDQWNA-N	O(C(=O)NC(CC=1C=2C(NC1)=CC=CC2)C(=O)N/N=C/C3=CC(N(=O)=O)=C(OCC4=CC=CC=C4)C(OC)=C3)CC(C)C	-9.9	16801	train	train	2	150314
VOZWTVJISAVWFI-LDEVUXFDNA-N	O=C1N(C(=O)N2[C@]1(C=3NC=4C(C3CC2)=CC=CC4)C)[C@@H](C)C(=O)NCCC5=CC=C(OC)C=C5	-10.8	1	train	train	0	15773
KLXLEEUAVXZVRA-QFIPXVFZNA-N	S(=O)(=O)(N1C[C@]2(CCN(C2)C(C3=CC=CC=C3)C4=CC=CC=C4)CCC1)C	-10	5709	train	train	2	20712
IAUNACXRZSWWJT-JOCHJYFZNA-N	N1(C2=CC=C(C=C2)OC)CCN(CC1)CC[C@@H]3C=4C(=CC=CC4)CCO3	-9.9	6664	train	train	2	76116
VRVCVXOXTSOROA-UOXKWTGUNA-N	S(C1=CC(I)=C(NC(=O)CC[C@H]([C@@H]2[C@@]3([C@H]([C@@H]4[C@@H](C[C@H]5[C@@]([C@H]4CC3)(CC[C@@H](O)C5)C)O)CC2)C)C)C=C1)(=O)(=O)N	-10.2	1	train	train	1	66772
NIQJYUHGTPZOAW-UHFFFAOYNA-N	S1C(N=CC2C(=O)CC(CC2=O)(C)C)=C(C(=C1C(OCC)=O)C)C(OCC)=O	-8.6	106	train	train	7	232165
QBBJDRDSIXWAPH-UHFFFAOYNA-N	S(=O)(=O)(N1CCN(CC1)C(=O)CN2C3=C(N(C(=O)N(C3=O)C)C)N=C2)C4=CC(=C(C=C4)C)C	-10.8	44	train	train	0	166278
LESPUQKGAMGQGC-UHFFFAOYNA-N	S(=O)(=O)(N1CCN(CC1)C(=O)COC(=O)C(CC)C2=CC=CC=C2)C3=C(C=C(C=C3)C)C	-10.3	1	train	train	1	163522
CLYXECZQRJJJCP-LILDFLRNNA-N	O1C2=C(CC1)C=C(CNC(=O)C3=CC(=C(C=C3)C)C)C=C2	-9.3	16251	train	train	4	216541
NIRYVFVJDAMYLT-UHFFFAOYNA-N	S(=O)(=O)(N1CC2N(C(CC2)CC1)C(C3=CC(OC)=CC=C3)C4=CC=CC=C4)C5=CC=C(F)C=C5	-10	42162	test	test	2	192967
NJUWLVCPRVEVBP-UHFFFAOYNA-N	O=C(N1CCC=2C(C1)=CC=CC2)CC3=CC=C(N(=O)=O)C=C3	-9.6	18952	test	test	3	251276
IDOGNUFNTKAGAK-LNNLXFCONA-N	BrC=1C(OCC(=O)NC2=CC(C=3OC=4C(N3)=NC=CC4)=CC=C2)=C(C=C(C1)C)C	-9.8	428	train	train	3	181025
XBEDEGIAIIRHMS-UHFFFAOYNA-N	C1=CC(=CC=C1CCCC)C(C=C)=O	-6.6	6117	train	validation	9	205495
RNWRFZQMDQTFFB-UHFFFAOYNA-N	O=C1N2CCCCCC2=NC=3C1=CC(=CC3)C	-8.4	247	train	validation	7	223574
LFWPUOKHJZLFMV-QWOVJGMINA-N	C(O)(=O)COC=1C(=CC(=CC1)OCC=2SC=C(N2)C=3C=CC(=CC3)OC)C	-8.9	6073	train	train	6	25928
HLGHDRJTQBQCGV-UHFFFAOYNA-N	OC=1N(C2CCCCC2)C(O)=CC1CC=3C=C(C=CC3)C	-8.8	20858	test	test	6	247922
AUMIZIKCBYPWJM-UHFFFAOYNA-N	S(=O)(=O)(NCCCCN1CCN(CC1)C=2C(OC)=CC=CC2)C3=CC=4C(C=C3)=CC=CC4	-9.5	1	train	train	4	29413
DVYIDEPIMHKOJI-SSSVDXKBNA-N	ClC=1C=CC(=CC1)/C=N/NC(=O)C2=CC=3NC=NC3C=C2	-8.6	15452	train	train	7	197628
CAAWWEAQIVAYNV-UHFFFAOYNA-N	FC1=C(N=CCC(=O)C=2OC=CC2)C=CC(F)=C1	-7.4	3664	train	validation	9	181026
YRVQXRNDZVZDIO-KIYDBJNPNA-N	S1C=2C(N=C1SC=3OC(=CC3)/C=N/NC(=O)COC=4C=5C(C=CC4)=CC=CC5)=CC=CC2	-10.3	2916	train	train	1	8405
BQZRAZXVWNUUIA-ZVNAXFNBNA-N	OC1=NC=2C(C=C1CCNC(=O)C3=CC(N(=O)=O)=C(C=C3)C)=CC(=C(C2)C)C	-10.3	37977	test	test	1	165917
XWDOPSMQSYULKL-UHFFFAOYNA-N	O(N(C1=NC(C2CCCCC2)=C3C(=N1)C=CC(=C3)C)C)C	-9	49020	test	test	5	236456
LMXZMEMPGRLDIG-WYUMXYHSNA-N	C1=CC(N)=CC2=C(C=C(N=C21)O)C(F)(F)F	-8.3	5991	train	train	7	107523
SORSMGLEZNKSED-PKSOQXRJNA-N	O=C(N1C=2C(C=CC=3C1=CC=CC3)=CC=CC2)NCCCN(C)C	-8.7	1132	train	train	6	219606
IKKKZBSPJWVTJY-UHFFFAOYNA-N	O1CCN(N=CC=2C(=NN(C2O)C3=CC=CC=C3)C)CC1	-7.8	1743	train	train	8	182516
SDIFQMIJZMPOMA-LJVWTRNGNA-N	ClC1=NC=2N([C@@H]3[C@@H]4[C@@](C4)([C@@H](O)[C@H]3O)C(=O)NC)C=NC2C(=N1)NCC5=C(OC)C=CC(Cl)=C5	-9.5	30	train	validation	4	46878
SYFCMWVTGMHRID-UHFFFAOYNA-N	ClC=1C(=CC(S(=O)(=O)N2CCOCC2)=CC1)C(OCC(=O)C=3NC=CC3)=O	-8.7	16204	train	train	6	218471
HOSFHJNTRIXBED-UHFFFAOYNA-N	S1C(N2C(CN3CC(N(CC3)CC4=CC=CC=C4)CCO)=CC=C2)=NC=C1	-8.9	14148	train	train	6	196349
AZCOXSYRCOKPBI-MRUWCVBHNA-N	N1(CCN(CC1)C2=NC=NC(=C2Cl)N)C(=O)[C@@H](N)CC3=CC=CC=C3	-9.3	8292	train	validation	4	79861
RGXPNQXTNFLPRE-UHFFFAOYNA-N	S1(=O)(=O)C=2C(C(SC=3OC(=NN3)C=4C=CC=CC4)=C1)=CC=CC2	-9.6	22161	test	test	3	7241
RICXLHFMLMYEED-PKSOQXRJNA-N	O=C(NC12CC3CC(C1)CC(C2)C3)CC4=CC=C(N5N=NN=C5)C=C4	-9.5	38817	test	test	4	171163
JQHGACRTQZUMGS-MDZDMXLPNA-N	S1C(N2N=C(/C(/C2=O)=C\N(C)C)CC(OC)=O)=NC=3C1=CC=CC3	-8.4	38335	test	test	7	168039
UATADZYKUJRVTI-UHFFFAOYNA-N	O=C1C2(C(C(N3C2C=CC(=C3)C#N)C(=O)C(C)(C)C)C4=C(OC)C(OC)=CC=C4)C(=O)C=5C1=CC=CC5	-8.4	4626	train	train	7	129469
LVZLWERZHBFTMD-UHFFFAOYNA-N	C1=CC=C2NC(C3=CC=C(C=C3)S(C)(=O)=O)=C(C2=C1)C=4C=CC(C)=C(C4)C	-10.3	5114	train	train	1	108526
LLUIWSYOIUNKLC-UHFFFAOYNA-N	S(=O)(=O)(N1CCC(CC1)C(=O)N2CCN(CC2)C=3C(OC)=CC=CC3)C4=CC=C(F)C=C4	-9.8	1	train	train	3	213294
AGCAOOGAXBYHIZ-PKSOQXRJNA-N	FC1=CC(C=2N=C(NC2)C(O)C3=CC=C(CCC)C=C3)=CC=C1	-8.9	11380	train	train	6	216957
CSOJVPCWKCFAKG-ZPCYGXKGNA-N	ClC1=C(NC(=O)CC)C(=CC(C/N=C(/NC(=O)C=2C(=NOC2C)C3=CC=C(OC)C=C3)\N)=C1)C	-9.5	351	train	train	4	89366
SCQJJUVTGLKYJK-UHFFFAOYNA-N	S(=O)(=O)(NCC(OCC(=O)N(C1CCCCC1)C)=O)C2=CC=3C(C=C2)=CC=CC3	-9.7	1	train	train	3	123694
NLDHYMHRXQBMTH-UHFFFAOYNA-N	C1(=NOC(=C1C=2C=CN=CC2)O)C=3C=CC(=CC3)F	-8.6	9568	train	validation	7	92544
FKCFBYYGDCXVMI-UHFFFAOYNA-N	S(CCC(=O)N(C)C)C=1OC(=NN1)C=2C=CN=CC2	-7.6	189	train	train	9	245729
XLSVIBMMSWWCPK-STZFKDTANA-N	ClC=1C(CN2CCN(/N=C\C=3C=CC(OC)=CC3)CC2)=CC=CC1	-8.6	3572	train	train	7	167347
UDHQGXCXSRGAPA-MTTPVDACNA-N	C1(=NC(C2=CN=CC=C2)=CC=N1)NC=3C=C(NC(C4=CC=5C=CC=CC5C=C4)=O)C=CC3C	-12.8	3	train	train	0	62050
JAFGVKLSLIBQMA-NRMKOEJHNA-N	O(CC1=NC(NC2=C(C=CC=C2)C)=NC(=N1)N)C(=O)C3=CC(OC)=C(OC)C=C3	-10	14240	train	validation	2	170768
LBOFATLQBXVRSA-DXTZDFBDNA-N	O=C(N1CCCC1)CN2CCCC[C@H](/N=C(/NC3=CC4=C(OC(=C4)C)C=C3)\NC(=O)C5=CN(=O)=CC=C5)C2=O	-12	5753	train	train	0	107948
LNSQNMLPUFNDGV-UHFFFAOYNA-N	S(CC(=O)N1CC(CCC1)C(F)(F)F)C2=NC=NC=3SC(=C(C23)C)C	-9.5	242	train	train	4	112702
UKHAYMWKHQMYSW-HCKMINDGNA-N	S1C(CNC(=O)C=2NC=C(C(=O)CC(C)C)C2)=CC=C1	-7.4	235	train	validation	9	114375
DBNOTJGWLVFEJT-LILDFLRNNA-N	O(CC(=O)NC(CCC1=CC=CC=C1)C)C(=O)C=2N(C=CC2)C	-8.2	12687	train	train	8	190952
LSELVNBHSRRGND-VEWCPZSHNA-N	ClC=1C=CC(NC(=O)NCCOC=2N=C(N(C)C)N=C(N(C)C)N2)=CC1	-8.6	17714	test	test	7	179225
MBMLZWKEEKCIKN-HXTKINSTNA-N	S(CC(=O)N1CCN(CC1)C=2C=C(C=CC2)C(F)(F)F)CC(=O)NC=3C=CC(OC)=CC3	-9.9	1	train	train	2	138220
RXZLFESEYCCPPE-UHFFFAOYNA-N	ClC1=CC=C(CN2CCN(CC2)C(=O)C=3N(N=C(C4CC4)C3)C5=CC=CC=C5)C=C1	-10	11621	train	train	2	147573
GGOXXPDZGAXDBB-UHFFFAOYNA-N	S1C(=NC=2C1=CC=CC2)CSC=3N(N=NN3)C4=C(OC)C=CC(=C4)C	-9.1	918	train	validation	5	2386
UBHGMZGDQSDQFP-JTVQFFFUNA-N	C1=CC(=CC=N1)C2=CC=C3C(=C(C=NC3=C2)C(=O)N)NC4=CC=C(C=C4)OC(C)C	-10.2	1432	train	validation	1	62078
ARQDPBXHSFRPRH-OKPOJWAQNA-N	S(=O)(=O)(N1CCCC1)CC2=CC=C(NC(=O)COC3=CC=C(C=4NC5=C(N(CCC)C(=O)N(C5=O)CCC)C4)C=C3)C=C2	-9.2	4171	train	train	5	83561
AJNBAHVUOGJOFY-IURDBZITNA-N	O=C1N([C@H](CN(CCCC[C@@H]2N(CCC3CCCCC3)C(=O)C(=O)NC2)C1=O)CC(C)C)CC4CCCCC4	-9.4	1	train	train	4	249397
NFSSFKOELUCPHD-VJSLDGLSNA-N	C1=C(F)C(F)=C2C(C(=CC(O)=N2)CN3C=4N=CC=C(C4N=C3C5CCC5)C(F)(F)F)=C1	-11.3	6012	train	train	0	90688
IIOPXWBDKDXPRR-WXDQJWBJNA-N	BrC1=CC=2O[C@@H]([C@H](CN(S(=O)(=O)C2C=C1)[C@@H](CO)C)C)CN(CC=3C=C(C=CC3)C(=O)O)C	-10.9	1	train	train	0	127659
XZHBDGJJCRPRBX-WYUMXYHSNA-N	S1C(CNC(=O)COC(=O)C=2C=CC(=CC2)CO)=CC=C1	-7.8	1	train	train	8	244257
UQPDOVJIZTWALY-UHFFFAOYNA-N	ClC1=C(N)C(=CC(Cl)=C1)C(OCC(=O)N(C)C)=O	-6.9	1681	train	train	9	231688
PAOOBIYLRVXJOM-XBTAAFKLNA-N	FC(F)(F)C1(NC2=NC=CC(=C2)C)N=C(NC1=O)C=3C=CC=CC3	-9.4	2536	train	validation	4	195217
PWJGTGRJNJAPER-GJZUVCINNA-N	ClC=1C=C(C2=CC=C([C@H]3N4[C@](C=5C3=C(O)N(C5O)CC)(CCCC4)C(OC)=O)C=C2)C=CC1Cl	-10.6	702	train	train	1	256976
FPTHDYKAPDXXCK-DVIAZDKANA-N	O=C(NCC12CC3(CC(C1)CC(C2)C3)CNC(=O)N4CCCC4)N5CCCC5	-10.1	14196	train	train	2	258671
AMBSGBASWNGCKE-VPQZEOPVNA-N	O=C(NC=1C=CC(CC)=CC1)NN2C=NN=C2	-8.2	2316	train	train	8	218918
WTZBZHJNANDWQI-LELJVTLKNA-N	O1N=C(C=C1C=2C=C(C(=CC2)F)CCC(CO)OC3=C(C(=CC=C3)O)C(=O)OC)C(=O)O	-9.2	8303	train	train	5	128652
UAYPWJGHCQAPDA-YWDRVNEPNA-N	FC(F)(CNCCO[C@H]1CNC[C@H]1CC2=NC(=CC(=C2)C)N)C3=CC=CC(=C3)Cl	-8.4	7605	train	train	7	62119
OIPORLPSIAFDJE-VJSLDGLSNA-N	FC(F)(F)C1=CC=CC(=C1)C2=NN3N=CC=CC3=C2C=4C=CN=C(NC5=CC=C6OCCOC6=C5)N4	-12.6	4714	train	train	0	16843
SZYIYYCKGQJATC-SHCWNVTFNA-N	ClC1=CC=C(NC(=O)C/C(=N/NC(OCC2=CC=C(OC)C=C2)=O)/C)N=C1	-8.7	36664	test	test	6	157479
AJLVFCIJMWLDSJ-UHFFFAOYNA-N	S1C=2N(N=C1CC)C(=O)CC(N2)=COC(=O)C=3OC=CC3	-8.2	5915	train	train	8	23611
FABQZDSYMCCCAA-MJHPXVFFNA-N	ClC1=C(NC(=O)NC=2C=C(N3CCOCC3)C=C(C2)C(F)(F)F)C=CC(OC=4N=CN=C5C4N(C=C5)C)=C1	-9.9	6277	train	train	2	71320
GIYOYSDXBNJLHC-UHFFFAOYNA-N	O=C1N(N(C(=C1N=CC=2NC=CC2)C)C)C3=CC=CC=C3	-7.6	4603	train	train	9	187629
XIGXRGVSNFQOLJ-BTEDYENANA-N	O=C(NC1=CC=C(C=C1)C(=O)NN/C=C\2/C=3C(N=C2C)=CC=CC3)CCC	-10	19927	test	test	2	245935
KXNXODOVFJBDPH-KAOMOOMMNA-N	C=1C(CNC(=O)C=2N=C(N=CC2)C(F)(F)F)=CC(C=3OC(=CC3)C(N[C@H](C(NC)=O)C(C)(C)O)=O)=CC1	-10.3	3930	train	validation	1	111353
RTVHOYPPACBWQV-UHFFFAOYNA-N	S(=O)(=O)(N1CCN(CC1)C=2C=C(C=CC2)C(F)(F)F)C=3C(=O)N(C(=O)N(C3)C)C	-11.3	12494	train	train	0	166875
SDMDKNIEDIZLFG-UHFFFAOYNA-N	S1C(C=2N(CCCCC#N)C=3C(N2)=CC=CC3)=CN=C1	-7.3	15883	train	train	9	192861
IYRCUWHTWBZDJU-YAQRNVERNA-N	S1C(CCNC(=O)C=2C=CC(=CC2)C)=CC=C1	-7.5	12632	train	validation	9	183257
LVGAVPXVRAZZMN-UHFFFAOYNA-N	S(C1=NC=2C(N=C1N3CCCCC3)=CC=CC2)CC(=O)N4CCN(CC4)C5=CC=CC=C5	-10.9	4823	train	train	0	246872
ZOPQOYFSTHMWDX-BDCRCPFKNA-N	N=1C2=C(NC=N2)C(=NC1N)SCC=3C(N(=O)=O)=CC=CC3	-8.4	24419	test	test	7	22253
CVGCOIDQSZNGJX-YHMJCDSINA-N	S1C=2N=C3N(CCC3)C(=O)C2C(=C1C(=O)NCCO)C	-7.9	390	train	validation	8	220783
PWAARTQYEXQUDY-ZGYPQUTANA-N	O=C(N1CCCCCC1)N[C@@H](CC(C)C)C(=O)O	-6.6	11187	train	train	9	217463
WBFOZABJJNJWHS-IOPSYMRJNA-N	C1(=N[C@@](C2=CC(=CC=C2)C#CCCCCO)(C=3C=CC(OC(F)F)=CC3)C(N1C)=O)N	-9.9	5993	train	train	2	63940
PESZNRQAUPUYRH-LRMONQIANA-N	O1[C@@H](OCC2=CC=C(C=C2)CO)CC(C=3C=4C(N(C3)C(=O)C)=CC=CC4)=CC1C(=O)N	-10.5	3370	train	validation	1	225867
LVCZZDYFTPYKNU-SQNHMZPPNA-O	[N+]1(=C2N(C(NC(=O)C)=CC=C2)C=C1C3=CC=C(OC(=O)NC)C=C3)C	-8.8	10320	train	train	6	108504
QYGIHMNKBYIPGA-UHFFFAOYNA-N	O(CC(=O)N1CCCC1)C(=O)C=2OC3=C(C(=O)C2)C=CC=C3	-9.2	12840	train	train	5	121257
JTRQFAVKRKEYNI-UHFFFAOYNA-N	P(N1CCOCC1)(N2CCOCC2)(=NC(=O)C3=C(F)C=CC=C3)C(C)(C)C	-8.2	42790	test	test	8	197125
PKIIOZAICIYOSN-BDGWVKIONA-N	O=C(NCC1N(CCC1)CC)C=2C(OC)=CC(N(C)C)=C(NC(=O)C)C2	-7.8	9125	train	validation	8	243062
WAXFZMMPDXZGAK-PKSOQXRJNA-N	S1C(=C(C(=C1NC(=O)C2=NN3C(=N2)N=CC=C3)C(OC)=O)C)C(=O)N(CC)CC	-8.3	5982	train	train	7	188782
JXQCDEOXZDTCLA-SREBMQDQNA-N	S1C(CNC(=O)CC2CC(=C(N(C2=O)CC3=CC=C(C(C)(C)C)C=C3)C)C(=O)N4CCOCC4)=CC=C1	-10.5	11213	train	train	1	149416
MKMOREUSUDUARG-UYBDAZJANA-N	S1C=2N3C(N(C(=O)C2C(=C1C)C)CC=C)=NN=C3NC=4C=CC(OC)=CC4	-9.5	17616	train	train	4	181418
PQDBRNHOQMVKBC-UHFFFAOYNA-N	FC(F)(F)C=1C(CCN2CCNCC2)=CC=CC1	-8	34205	test	test	8	142024
AMIIAFMBQVUJJN-UHFFFAOYNA-N	O=C(N1CCN(CC1)C=2C(OC)=CC=CC2)C3=NN(C(=O)N(C3=O)C)C4=CC=C(C=C4)C	-10.9	17044	train	train	0	213472
HQAIMPQSEYNZIM-UHFFFAOYNA-N	ClC1=CC=2N(S(=O)(=O)C3=C(C=CC(=C3)C=4ON=C(C4C)C)C)CCOC2C=C1	-10.7	12506	train	train	0	204458
QPSOUFAXCBGLRB-XUNZJTMSNA-N	O1C2(C=C3O[C@@]4(OC(C3C1=O)C=5C(C4)=CC(OC)=C(OC)C5)CCCC)CCCCC2	-9.3	16163	train	train	4	212155
JVPJYXBGMBLUBQ-BEAPCOKYNA-N	O1[C@]2(OCC3=C2C=CC(=C3)C)[C@H](O)[C@@H](O)C[C@H]1CCO	-7.9	11663	train	train	8	209058
PLELWGSQKUKBRU-PKSOQXRJNA-N	OC=1N(C2=CC=C(CC)C=C2)C(NC3=NC(=CC(=N3)C)C)=NC1	-8.7	15180	train	train	6	135430
ATDUBCKOULIBLB-DYDYTOMVNA-N	O=C(NC(C1=CC(N(=O)=O)=C(NCC2=CC=CC=C2)C=C1)CC(=O)N)CC=3C=4C(C=CC3)=CC=CC4	-11.6	4732	train	train	0	187919
MIQIHAHRUUWRKQ-QWOVJGMINA-N	S1C=2CC(CCC2C=3C1=NC=NC3NC=4C=C(C(=CC4)C)C)C	-10	242	train	train	2	227074
QQIGIOLEKCAZRU-HXTKINSTNA-N	ClC1=CC(NC(=O)C2N(S(=O)(=O)C3=CC=C(F)C=C3)CC=4C(C2)=CC=CC4)=CC=C1F	-11	1292	train	train	0	129986
WOTXYJUJKKQKRL-SQFISAMPNA-N	ClC1=CC=C(S(=O)(=O)/N=C/2\SC(C(=O)N2CC=C)C)C=C1	-7.6	17102	train	train	9	153426
IACINUJCWHXMOO-LNNLXFCONA-N	FC1=CC=C(C=2N3C(=NC2)C(NC(=O)C)=CC(=C3)C4=CC=C(F)C=C4)C=C1	-9.7	11374	train	train	3	185880
KWURIJSJVBFMBJ-VVQYVTEVNA-N	O=S(=O)(C=1C=C(C=2C(C3=CC=CC=C3C(C2C1N)=O)=O)NC4=CC(=C(C=C4)C5=C(C=C(NC=6C=7C(C8=CC=CC=C8C(C7C(=C(C6)S(=O)(=O)O)N)=O)=O)C=C5)OC)OC)O	-10.3	6017	train	train	1	111294
JLYSXIINKUKSSB-UHFFFAOYNA-N	S(CC(=O)C1=C(N(C(=C1)C)C2=CC=C(OC)C=C2)C)C=3OC(=NN3)C=4SC=CC4	-9.3	44241	test	test	4	206264
BSXLJMWTRQZHMW-OKKSDLCUNA-N	SC=1N(/N=C/C=2OC=CC2)C(=NN1)COC3=CC=CC=C3	-7.5	2649	train	validation	9	12572
NWUODJAQNBXQSX-HMOWGHPANA-N	O[C@@]12[C@]([C@H]3[C@](C(C1)=C)(C(=O)[C@](OC3=O)(C)C(OC)=O)C)(C(=O)C(=O)C4[C@@]2(CCC(=O)C4(C)C)C)C	-10.6	38119	test	test	1	166847
WVZFJQJHAIBAJP-LELJVTLKNA-N	S1(=O)(=O)N(CC=2C=CC(=CC2)C(=O)NC3=C(C=CC=C3)C)C(=O)C(=C1C4=CC=C(C=C4)C)C	-11.4	12074	train	train	0	140139
FJVHMKAFGUGLLO-UHFFFAOYNA-N	FC1=CC=2N=NN(C3CCN(CC3)C(=O)C4=CC(=CC=C4)C)C2C=C1	-10.1	1874	train	train	2	124301
CUPIFGLBRUQBSG-UXVMERATNA-N	O(CCCNC(=O)/C(=C/C=1OC(N(=O)=O)=CC1)/C#N)CC	-6.9	46106	test	test	9	218200
MUVOHRFDONQGTG-UHFFFAOYNA-N	ClC1=C(CSC2=NC(N(C)C)=CC(=N2)CSC)C=CC(Cl)=C1	-7.5	2090	train	validation	9	211317
LCRYDJIBUIVTFD-UHFFFAOYNA-N	C1=C(C=2N=C(N3CCN(C)CC3)C=NC2C=C1C(F)(F)F)NS(C4=CC=CC(=C4)N(=O)=O)(=O)=O	-10.9	29308	test	test	0	107994
MABCNWUERFEOEW-UHFFFAOYNA-N	OC1=C(C(N(CCC=2C3=C(NC2)C=CC=C3)C1=O)C4=CC=C(O)C=C4)C(=O)C	-10.5	12569	train	train	1	196963
HFFHUVQYLYAALS-XBXBPLPCNA-N	O1CCN(CC1)C=2C=CC(NC(=O)CN(CC(=O)NC=3C=CC(=CC3)C#N)C)=CC2	-9	1	train	train	5	171352
NYHOAVINUGKMQK-SHCRVNCVNA-N	C=1C2=NC(=CC(=C2C3=C(C1)N([C@@H](CO3)C(C)C)CC=C)C(F)(F)F)O	-8.7	5991	train	train	6	100008
WDBAGEJAANHUNF-DFHRPNOPNA-N	O=S(=O)(NC=1C=CC=C(C1)[C@H](CN[C@H](C)CC2=CN(C3=C2C=CC=C3OC)CC4=CC=CC=C4)O)C5=CC=CS5	-9.5	6531	train	train	4	37950
KWSIITPGNCFILJ-UHFFFAOYNA-N	O1C2=C(C=C(C=3ON=C(N3)C=4C=CC(N(C)C)=CC4)C1=O)C=CC(OC)=C2	-9.9	2455	train	validation	2	219204
YXHBPIQUGNPKAA-SPEPDGBUNA-N	O=C(NCCCC)C(NC(=O)C=1C=2C(C=CC1)=CC=CC2)C(=O)C=3C=CC=CC3	-9.8	1	train	train	3	226941
KLVYMYQTRZCMLE-KRIMEHBDNA-N	C=12[C@H]3CCCN3C(C1C=CC=C2NC(NC4=CC=CC=N4)=O)=O	-9.7	24414	test	test	3	22214
LQUHGSCLYBFFHS-LILDFLRNNA-N	S1C2=C(NC(N(C2=O)C)=NCCOC)C=C1C3=CC=C(F)C=C3	-8.2	11588	train	train	8	217188
ZKZQACTXNWFRSD-GPQMBLKYNA-N	S1C(N2C(O)=CN=C2S)=NC3=C1C=C(OCC)C=C3	-7.7	4337	train	train	9	12201
QVAVQQVTOJMLHH-VPQZEOPVNA-N	N(=C(O)CN(S(C1=CC=C(C=C1)OC)(=O)=O)CC(=O)O)O	-6.9	1	train	train	9	47138
FVBKZRJAOOLSDQ-SREBMQDQNA-N	S(=O)(=O)(N(C1CCCCC1)C)C=2C=C3C(N(C=C(C3=O)C(=O)NCCC4=CC(OC)=C(OC)C=C4)CC)=CC2	-9.6	585	train	train	3	210988
YLIDMCPQTQIJLP-LNNLXFCONA-N	S(=O)(=O)(N1CCOCC1)C2=CC3=C(N(C(=O)CC3)CC(=O)NC=4C=C(N(C)C)C(=CC4)C)C=C2	-10.3	1	train	train	1	229955
ALDHSIAJRPJRNA-NTEUORMPNA-N	O(C=1C(/C=N/NC(C)(C)C)=CC=C(OC)C1)C	-6.7	50814	test	test	9	247746
YKPFSMKHLPVLBR-CMLSCEPHNA-N	S1C(NC(=O)C)=C(N=C1NN=CC2=CC=C(O)C=C2)C=3SC=CC3	-9.1	13741	train	validation	5	125279
WBSPNPVOFBRUKC-WAVQYLLINA-N	O=C(N)C=1C=2NC(=NC2C=CC1)C3=CC=C(C4NCCC4)C=C3	-9.9	401	train	validation	2	63058
QVBZBBLAUBWENK-PKSOQXRJNA-N	S1C=2CC(CCC2C=3C1=NC(=NC3O)CSC=4N(N=NN4)C)C	-9.2	242	train	train	5	191191
DBMJZOMNXBSRED-DHDCSXOGNA-N	O1C=2C(=C(OC/C=C(\CCC=C(C)C)/C)C3=C(OC=C3)C2)C=CC1=O	-8.7	1	train	train	6	20467
UWMANVFYGMUYDW-JFZUTBOSNA-N	C1(C(N[C@@H]2CN(C3CCCCC3)CC2)=O)=C(C=4C=CC=CC4C(=C1)Br)OC	-9.1	1	train	train	5	30977
WIVHGBANKUQAAB-KGDPSYCANA-N	C=1(C=CC(OCCCOC2=C(C3=C(C(=CC(O3)=O)C(F)(F)F)C=C2)Cl)=CC1)C[C@](C(O)=O)(C)CC	-10.1	5958	train	train	2	22731
HPZYQHRDOINGTQ-UHFFFAOYNA-N	S(=O)(=O)(N1CCN(CC1)CC)C2=CC=C(C(C)(C)C)C=C2	-7.7	1	train	train	9	216436
KXORCUKBSWBOBF-LNNLXFCONA-N	O(C(CC1=CC=CC=C1)C(=O)O)C=2C=CC(C(=O)CC3=CC=CC=C3)=CC2	-9.3	6442	train	train	4	25675
CYLSGKWNAAQZAL-UHFFFAOYNA-N	S1C(N2CCC(CC2)C3=CC=CC=C3)=NC(=C1)C4=C(OC)C=CC(OC)=C4	-9.6	474	train	train	3	155767
QJNIWXIYHAKMLN-PKSOQXRJNA-N	O=C(N(CC(=O)NC=1C=C(OCC)C(OCC)=CC1)C)CC2CCCC2	-8	1	train	train	8	175199
MZNDNBFMSVMUCX-AONCVQJMNA-N	N=1C=CC2=C(C=CC=C2S(=O)(NCCN=C(N)N)=O)C1	-7.6	1	train	train	9	23425
JVZAGLAAFBGAEY-UHFFFAOYNA-N	O1N(=O)=C2C=C(N3CCCCC3)C(N(=O)=O)=CC2=N1	-8.1	23922	test	test	8	17327
IWPMNSSMAMZIGH-UHFFFAOYNA-N	S(=O)(=O)(CCC(OC=C1C2=C(OC(=O)C1)C=C(OC)C=C2)=O)C3=CC=CC=C3	-9.5	18206	test	test	4	167594
SZEKCSVJIXUFGU-LELJVTLKNA-N	FC=1C(OCC(=O)N(C2C(N(CC3=CC=CC=C3)C(=O)NC2=O)=N)CC=4OC=CC4)=CC=CC1	-9.6	3813	train	validation	3	113391
ZQELKYLGCFHINW-SPEPDGBUNA-N	C(C1=CSC(=C1Cl)C(=O)NC=2C(=CC(Cl)=CC2C(=O)NC=3N=CC(=CC3)Cl)OC)N	-8.8	3698	train	validation	6	54754
RHMSJMFRSHKEEW-UHFFFAOYNA-N	ClC1=CC=C(C2(O)CCN(S(=O)(=O)C3=CC=4OCCOC4C=C3)CC2)C=C1	-10.1	1	train	train	2	172518
RMDFXHNYCGZJPT-UHFFFAOYNA-N	S(=O)(=O)(C=1C(N)=C(SC1)C(OC)=O)C2=CC=CC=C2	-6.7	16198	train	train	9	193128
LNWINKMRDGCDER-SREBMQDQNA-N	C=1C=C(O)C=2N=C(C(=CC2C1C(CNC3CC4=C(C3)C=C(C(=C4)CC)CC)O)C)O	-10.2	2873	train	train	1	30652
YSMDQXUFHVQVTB-JAFMVTPMNA-N	S(=O)(=O)(N)C1=CC=C(CCNC(=O)CN2N=CC3=C(N(C=4C3=CC=CC4)CCC)C2=O)C=C1	-10.6	5167	train	train	1	207391
OFPYMRKXNCKFBA-DLGLGFIGNA-N	N=1N(C(C2C1CCCC2)C3=CC=CS3)C(=S)N	-6.7	9184	train	train	9	99089
DRAVFBGFYWKTLD-OKPOJWAQNA-N	FC1=CC=C(N2N=CC(=C2C3CCN(CC3)C(OC(C)(C)C)=O)C(=O)NCCC4=CC(OC)=C(OC)C=C4)C=C1	-10.5	4366	train	train	1	151705
SEEUDYNEMABYBJ-UHFFFAOYNA-N	ClC1=CC=C(CN2N=C(C=3C(C2=O)=CC=CC3)CC(OCC)=O)C=C1	-8.7	19611	test	test	6	192073
KMKAPACOFODWGP-VEWCPZSHNA-N	FC1=C(C(=O)NCC(=O)NC2=CC=3OCOC3C=C2)C=CC=C1	-9.2	1	train	train	5	17422
VJBIUOAEHDIWOO-HCKMINDGNA-N	S(CC1=NC=2C(N1)=CC=CC2)CC=3C(F)=CC=CC3	-8	3473	train	train	8	203033
CWKSTHGNJIMZIK-UHFFFAOYNA-N	S(C=1N2C(=NC(O)=C2)C=3C(N1)=CC(OC)=C(OC)C3)CC=4C(=CC=CC4)C	-9.3	13720	train	train	4	169701
RGQXXFQBAZLOBC-LQFNOIFHNA-N	ClC1=C(CCC(=O)N2C(CC2)(C)C(=O)NS(=O)(=O)C=3C(=CC=CC3)C)C=CC(Cl)=C1	-10.4	11232	train	train	1	243069
JZRGUVZTJVVCOK-UHFFFAOYNA-N	S(=O)(=O)(N1CCN(CC1)C=2C(F)=CC=CC2)C3=CC(=C(N4N=NN=C4)C=C3)C	-10.6	14000	train	validation	1	126959
YYJDQVLZNONKNX-WJDWOHSUNA-N	O1C(=N/C(/C1=O)=C\C=2C=C(OC)C(OC)=CC2)C=3C(=NOC3C)C=4C=CC=CC4	-10.6	3215	train	train	1	8936
KUFMJQYAEVPHIR-UHFFFAOYNA-N	O1CCC(C(=O)N2CC(CCC2)C(=O)C=3C=CC(C(C)(C)C)=CC3)CC1	-9.4	41967	test	test	4	191785
BYVHUPDBTJVHPS-FENJBWNGNA-N	C1CC(CCC1)(NC[C@@H](O)[C@@H](NC(=O)C)CC2=CC(F)=CC(=C2)F)C3=CC=CC(=C3)C4CCCC4=O	-10.3	6164	train	validation	1	88761
BOUAFVMSMXSUPJ-BOPFTXTBNA-N	O=C\1N(N=C(/C1=C/C2=C(N(C(=C2)C)C)C)C)C3=CC=CC=C3	-8.9	12421	train	validation	6	118052
LHQFSVNOINPHTO-UHFFFAOYNA-N	S1/C(/N(C2=C1C=C(C(=C2)C)C)CC)=C/C3=[N+](C4=C(C=C3)C=C(C=C4)C)CC	-9.1	4179	train	train	5	14134
RRCPTISPVHFQBJ-QWOVJGMINA-N	O1C=2C=C(CNC(=O)C3=CC(N(=O)=O)=C(N4CCCCCC4)C=C3)C=CC2OC1	-10.1	1	train	train	2	251724
QIGDCGPOOCFANG-FODWGVJZNA-N	N1=C(C(C=2C=C(/N=N/N(CC=3C(C)=CC=CC3)CCOC(=O)C)C(=CC2)Cl)=C(N=C1N)CC)N	-9.5	112	train	train	4	159380
ZEFFQUPITXPZOU-ZLSKSHFKNA-N	O1C=2C(=C(C3=C1C(O)=C(O)C=C3)[C@@H]4[C@@H](C(=O)O)CCCC4)C=CC(=O)C2O	-9.4	26410	test	test	4	56897
BQWIFXVHBXNNOI-FOWTUZBSNA-N	C(=C\C=1C=C(I)C(=CC1)OC=2C=CC=CC2)(\C#N)/C=3N=CC=CC3	-8.6	37786	test	test	7	164610
HDYYUCANWHDFJB-QWOVJGMINA-N	ClC1=CC=C(C2(CCC2)C(=O)N3C(CC3)(C)C(=O)NS(=O)(=O)C=4SC=CC4)C=C1	-10.4	11232	train	train	1	255682
NJRHZQWQNMGUAC-LKHHGCNMNA-N	O=C(NC1CCN(C2=NC(=CC(=C2C#N)C)C)CC1)C(NC(=O)C)CC3=CC=C(OC)C=C3	-9.7	1580	train	train	3	190108
VYHHSBHXZVSILO-UHFFFAOYNA-N	O1C=2C(=C(OC(=O)C)C=C(OC(=O)C)C2)C(=O)C=C1C3=CC=C(OC)C=C3	-9.4	31	train	train	4	139923
ZGGIRCAWUZIQLM-UHFFFAOYNA-N	S1C(C(=O)N(CC2CN(C3CC=4C(C3)=CC=CC4)CCC2)CCOC)=CC=C1	-8.9	31360	test	test	6	123766
OXGLHDFRFPYERO-XWQTZBKQNA-N	C12(C=3N=C(C(C)C)C(=C(C3)C=4C=CC(=CC4)F)C#CP(CC(CC(=O)O)O)(O)=O)CC5CC(C1)CC(C2)C5	-9.4	8461	train	train	4	97006
YUHNFBGZXKRVKA-HXTKINSTNA-N	FC(F)(F)C(=O)N(C(C(=O)NC1CCCCC1)C=2OC=CC2)CC3=CC=C(C=C3)C	-9.1	1	train	train	5	179927
XYPOZNYKHAQGHD-TWSYTRIPNA-N	S(C1=CC=C(C=2C(C3=CC(F)=C(C=C3)OC)=CC(=C(C2)F)F)C=C1)(=O)(=O)N	-9.5	5284	train	train	4	49579
BIDGBSSTFXMTLF-UHFFFAOYNA-N	ClC1=CC=C(SC2=C(NC=3C2=CC=CC3)C(=O)N4CCCCC4)C=C1	-9.7	11246	train	train	3	121444
FJWYGBMIEHDNAL-CABCVRRENA-N	N1(C(=O)C2=C(N3[C@@H]4[C@H](N=C13)CCC4)N=C(N2CC5=CC=C(C(=C5)Br)OC)OC)CC	-10.1	7595	train	train	2	72193
RUBFHCYHYKVYFW-UHFFFAOYNA-N	ClC=1C(CN2N=NC3=C(N4CCN(CC4)C(=O)C=5OC=CC5)N=C(N=C23)C6CC6)=CC=CC1	-11.1	412	train	train	0	209697
XVSOZFTWUKQFRJ-UHFFFAOYNA-N	N1(CCCCC1)CC(C2=CC=CC=C2)C3=CC=CC=C3	-9.3	13011	train	train	4	121151
UUZCJDCYLQXGKH-MPIMZMORNA-N	S(=O)(=O)(N(CC)CC)C=1C=C(NC(=O)C=2C=CN=CC2)C(N3CCCCC3)=CC1	-8.6	1	train	train	7	205015
QWBHWBJUYFMXHS-UHFFFAOYNA-N	O=C(N1CCN(CC1)C(C)C)C=2C=CC(N(=O)=O)=CC2	-7.9	1	train	train	8	146338
DZEUSCNAQKYWAB-UHFFFAOYNA-N	C=1(C=C(C2=CC=3CCC=C(C3C=C2)C=4C=CN=CC4)C=CC1O)F	-10.1	9144	train	train	2	70878
ZDRGGCIMWUQXSI-UHFFFAOYNA-N	S(=O)(=O)(NCCO)C1=CC=2N(C(=O)N(C2C=C1)C)C	-7.2	1291	train	train	9	167356
OZZIJTXTYXPEJY-XBTAAFKLNA-N	S(C=1N=C(O)C(=C(O)N1)CCCCCCC)CCN2CCOCC2	-7	14280	train	train	9	168262
IXVCIBUMKQSKPD-UHFFFAOYNA-N	O1C(CN2N=NN=C2C(N3CCN(C4CCCC4)CC3)C(C)C)=CC=C1	-8.6	13942	train	validation	7	223148
MWQYSIZSPWICJA-UHFFFAOYNA-N	C12(C(CC(CC1)=O)=CCCC2C(C=3C=C(OC)C(=C(C3)OC)OC)O)C	-8.3	9881	train	train	7	115126
LMJLBPQSJSOAQY-LELJVTLKNA-N	ClC1=CC(N(C(C(=O)NC2CCCC2)C3=CC=CN=C3)C(=O)C=4OC=CC4)=C(OC)C=C1	-9	557	train	train	5	145904
LPFQBJQHKKFPMN-UHFFFAOYNA-N	BrC1=CC=C(C2=NC(N3CCCC3)=NN=C2)C=C1	-8.2	33794	test	test	8	139353
MLDQJTXFUGDVEO-MMZSQZHBNA-N	C=1(C(F)(F)F)C(=CC=C(NC(NC2=CC=C(OC=3C=C(C(=O)NC)N=CC3)C=C2)=O)C1)Cl	-10.7	10	train	train	0	15
PCVVIHQBWVWZNW-UHFFFAOYNA-N	O=C(N1CCN(CC1)C)C=2C=CC(C3=NN(C(=O)C4=C3C=CC=C4)C)=CC2	-9.8	256	train	train	3	184533
UUUXOINBGSTWMN-UHFFFAOYNA-N	C12=C(C=C(C=C1C(C)(C)C)C(=O)CCCC)C(C)(C)CCS2	-8.3	26533	test	test	7	59174
GTYHXTKVMCGDFK-JDMIUSOHNA-N	S1C(N2C(O)=C3[C@H]4[C@H]5[C@H](ON=C5C=6C=CC(OCC#N)=CC6)[C@@H](C3=C2O)C4)=C(C7=C1CCCC7)C#N	-9.9	31660	test	test	2	125762
HPNCTFIRUULSCT-NEEKEDPPNA-N	[C@@]12(CCNC[C@@H]1C(=O)N(C3CC3)CC=4C=5C(C=CC4)=CC=CC5CCCOC)OCC6=C2C=C(C(=C6)F)F	-8.9	6433	train	validation	6	38335
SYZKGLYRNHQMOG-HXTKINSTNA-N	O=C(NCCC1=CC=CC=C1)C2CCC(CC2)CN=C3C(N4CCCCC4)C(=O)C3=O	-10.1	352	train	validation	2	251572
SSJSLIZJMVWQAQ-SPEPDGBUNA-N	S1C(=C(N2N=C(N=C12)C=3C=CC(OC)=CC3)C)CCNC(=O)C(=O)NC=4C(=CC=CC4C)C	-9.8	11724	train	train	3	139518
KLLGQTYQLZBSLF-JLGFQASFNA-N	ClC1=C(C(=O)NC(=S)NC2C(CCCC2)C)C=CC=C1	-7.9	1	train	train	8	158797
KAALXKXXWZCFLC-NRFANRHFNA-N	S(NC1=CC=C(C=C1)CCNC[C@@H](COC=2C=CC(=CC2)O)O)(C3=CC=C(C=C3)Cl)(=O)=O	-8.4	5394	train	train	7	28330
KJZRLZPNYSLYNT-LFNRWQDLNA-N	C12=NC(N)=NC(=C1C(C)=C(C=N2)CNC=3C(Cl)=CC=CC3)N	-8.9	7498	train	train	6	110181
PLJWNSJCDIUAGM-BSZSJMKVNA-N	[C@@H]1(NC2=NC(=NC=C2Cl)NC=3C=NN(C3)C)CC[C@@H]1C(N)=O	-7.8	7225	train	train	8	97321
QHTRHHVBBSPOHC-SFYKDHMMNA-N	O1[C@@H]([C@H](CN([C@H](CO)C)C(=O)CCCN2N=NC=C2C1)C)CN(CC=3C(OC)=CC=CC3)C	-9.5	5800	train	train	4	253617
ULVTXBTWQJOCEQ-ZJNHIPCWNA-N	S1/C(=C\C=2C(=NN(C2)C)C)/C(=O)NC1=S	-6.5	11448	train	train	9	113658
AFXKEZWXXFZJDL-WMQLBYIKNA-N	S1C2=NC=3C(C=C2C(N)=C1C(=O)NC=4C(=NC(O)=NC4O)C)=C(C=C(C3)C)C	-10.5	22913	test	test	1	11969
KNFFQVJLBXYTKR-PJQSKVNONA-N	N1=CN=C2OC3=C(C=C(C=C3)NC(C=C)=O)CNC2=C1NC=4C=CC(=C(C4)Cl)F	-10.6	8100	train	train	1	110512
YKEANXGKRDMQOK-LNNLXFCONA-N	S(CC(=O)N(C1C(N(CC2=CC=CC=C2)C(=O)NC1=O)=N)CCOC)CC3=CC=CC=C3	-8.6	3813	train	validation	7	139387
LVOFJMJBDXPNCX-XQMQJMAZNA-N	ClC1=C(NC(=O)NC=2C=CN=CC2)C=CC(Cl)=C1	-7.4	3283	train	train	9	166433
QDRMTYQLXZSORG-LELJVTLKNA-N	C=1(C(NCCN2CCN(CC2)C3=C(C(=CC=C3)Cl)Cl)=O)N=C(C)N(C1C)C4=CC=CC=C4	-9.7	6924	train	train	3	31443
OIVLVHRRSGXVHP-UHFFFAOYNA-N	N1(C(=O)C=2N(C(=NC2N(C)C1=O)COC3=CC=CC(=C3)OC)C)C	-8.8	44	train	train	6	100875
NONAMGWKJDFFBO-IHKAMTMENA-N	C1(N[C@@](C(=O)N1)(CN2C(O)=C3C(C=CC(=C3)OC)=C2)C#CC=4C=CC(=CC4)/C(=N/O)/N5CCN(CC5)C)=O	-9.8	7024	train	train	3	92822
GMNORVCGRNDSIQ-UHFFFAOYNA-N	S(=O)(=O)(N1CCN(CC1)C=2C(F)=CC=CC2)C3=CC=4CC(N(C(=O)C5CC5)C4C=C3)C	-10.5	1	train	train	1	134830
REICEZNXTSYTRZ-LILDFLRNNA-N	O=C1CN(NC(=O)C=2C=CC=CC2)C(N)=C1C3=CC=CC=C3	-8.8	20150	test	test	6	255025
MMRFSNJHZJSRRA-XRXRYMQXNA-N	ClC1=CC(NC(=O)CCC2=NC3=C(C(O)=N2)C=CC=C3)=C(N4CCCC4)C=C1	-10.1	10168	train	validation	2	150770
QNAOFOVNSXVXPJ-PKRZOPRNNA-N	S1C(NC(=O)C(C(C=2C=C3C(N(N=C3)C4=CC=CC=C4)=CC2)C5=CC=CC=C5)(C)C)=NN=C1	-11.6	5942	train	train	0	42120
LCWGARQQKUWRJK-UHFFFAOYNA-N	O1C2=C(C=C(C(=O)C=3C=CC(N(=O)=O)=CC3)C1=O)C=CC(O)=C2	-9.6	7344	train	train	3	126153
ZTQUDSFSSMPWPD-FZFYQCHBNA-N	C1(C=2SC=C(N2)C(C)(C)C)=CC(=C(OCCCOC3=CC=4CC[C@H](C4C=C3)CC(=O)O)C=C1)CCC	-8.6	5865	train	train	7	22401
WVUMSGIIRDLQHN-LILDFLRNNA-N	S1C(SCC1)=C2C3=NC(=S)NC(C3CCC2)C4=CC=C(OC)C=C4	-9.1	15611	train	validation	5	138952
QDKMGMODORRMPA-HXTKINSTNA-N	S(=O)(=O)(N1CCCCCC1)C2=CC=3OC(=O)N(C3C=C2)CC(=O)NC4=CC(=CC=C4)C(F)(F)F	-11.7	451	train	train	0	165926
WVJLDSPMGOLECZ-ARKZRILENA-N	S(=O)(=O)(NC1=NC=2C(N=C1NCCCOC)=CC=CC2)C3=CC=C(OC)C=C3	-8.5	402	train	train	7	187577
XBNIGGPTNHHMCI-USHFHUKGNA-N	C1(N(CCCC[C@@H]1N=C(NC=2C=CC(=CC2)OC)NC(C3=CC=C(C=C3)N(C)C)=O)CC(N4CCCC4)=O)=O	-10.3	5753	train	train	1	50606
YVSLDUVSFCUBCT-LNNLXFCONA-N	O=C1N(N=CC2C(=O)N(C3=CC=CC=C3)C(=O)NC2=O)C(=O)C4=C5C1=CC=CC5=CC=C4	-11.9	37447	test	test	0	162548
USOBOBCWLWJLDA-JLGFQASFNA-N	S1(=O)(=O)N=C(SCC(=O)NC2=CC(F)=CC=C2)NC=3C1=CC=CC3	-9.7	11583	train	train	3	123098
KXRSHNBOPLSTBF-UHFFFAOYNA-N	O1C=2C=C(NC=3N4C(=NC3C=5C=CC(=CC5)C)C=NC=C4)C=CC2OC1	-10	272	train	train	2	157663
OJXGRQFEJPNWQD-MPIMZMORNA-N	S(=O)(=O)(NC1=CC(=CC=C1)C)C2=CC=3CCN(C3C=C2)C(=O)CCC(=O)O	-9.4	1	train	train	4	191014
KVXUSGCDEMAYHI-PXPUHDKANA-N	S1C(C2=CC=CC=C2)=CN=C1NC=3N=C(N=CC3)NC(C)C	-9.1	6204	train	train	5	23638
PTOSPUUWDPHCMF-QWOVJGMINA-N	O=C(NC=1C=CC(=CC1)C)C2CCN(CC2)C3=NC(=CC(=N3)C)C	-9.1	728	train	validation	5	114861
DNNHEARXHBCDKP-UHFFFAOYNA-N	FC(F)(F)C=1C=CC(C(=O)C2CCCN(C2)C(=O)CCC(=O)N(C)C)=CC1	-9.7	16258	train	train	3	224274
KHFMKZBEJXACFG-UHFFFAOYNA-N	O=C(N(C(C)C)C1=CC=CC=C1)CN2C3=C(C(=O)C2=O)C=CC=C3	-9.4	1	train	train	4	219994
TVRBKNAHQZCAIV-NSJMMFDCNA-N	O=C(NC1C2=C(N(N=C2)C3=CC=CC=C3)C=4C1=CC(OC)=C(OC)C4)CN5CCN(CC5)CC6=CC=CC=C6	-10.6	9282	train	train	1	62771
CTONHLDAUNDNML-HCKMINDGNA-N	O1C2=C(N(CCC(=O)NCCCOC)C(=O)C1)C=C(C=C2)C	-7.1	255	train	validation	9	227848
GLOLBIFGVKLDSR-DOJZBITINA-N	C1(C2=C(COC3=C1C=CC(=C3)NC4=CC(=C(C=C4C)F)NC(C5=CSC=C5)=O)C=CC(=C2)OC[C@@H](CO)O)=O	-10.7	8006	train	train	0	77311
XDQDVCJNJFUBLE-GPQMBLKYNA-N	O(C1N=C(C2=C(NC1=O)C=CC=C2)C3=CC=CC=C3)C(=O)C	-10.1	1824	train	train	2	251495
RONXNLWCYNOGRS-JKZKCNJSNA-N	S=C(NCCCOCC)NC=1C(OCC)=CC(NC(=O)C=2OC=CC2)=C(OCC)C1	-7.7	1	train	train	9	218242
CLRFIEWSDSOYIS-UHFFFAOYNA-N	S(=O)(=O)(N(C1=CC=CC=C1)CC)C=2C=CC(C(=O)N(C=3SC=4C(N3)=C(C=CC4)C)CCCN(C)C)=CC2	-9.6	1	train	train	3	257160
BEYGOLPVUQKUTI-SDRQFZCRNA-N	C1(N=C(C(=N1)C)N)(C)C2=CC(=CC=C2)C=3C=C(C=CC3)OC	-9.7	9609	train	train	3	79212
VXSFBMRXUSFAIT-QDYITYEQNA-N	O1C=2C(OC1)=CC=C(C2)C(=O)NC=3C=CC(=CC3)C(=O)N	-9	1	train	train	5	8722
KKAFDAKUSCZKHO-UHFFFAOYNA-N	N#CCOC=1C(=CC(=CC1)OCC2=CC(Cl)=CC=C2)CO	-7.9	7869	train	train	8	110180
HTXHOZHKIXJHGP-HXTKINSTNA-N	ClC1=C(S(=O)(=O)N2CCN(C(=O)CN3C(=O)C4(NC3=O)CC(CC(C4)C)(C)C)CC2)C=CC=C1Cl	-10.8	1	train	train	0	197237
KVLQFTROVUUAOF-UHFFFAOYNA-N	S1C(N2N=CC(=C2N)C3=NC=CC=C3)=NC(C4=CC=C(F)C=C4)=C1	-9.3	2341	train	train	4	192143
CNKUQVHVDZNTPO-BDGWVKIONA-N	S(=O)(=O)(N1CCCC1)C2=CC=C(NC(=O)NC3=C(F)C=C(F)C=C3)C=C2	-9.3	1	train	train	4	131951
UDCFIGLAHCJHBP-LUXCBXFANA-N	FC(F)(F)C(=O)NCCCCNC(=O)C(F)(F)F	-7	40373	test	test	9	181175
HHUFICWXHSFBHG-FDOZHXTINA-N	N(C(=O)C1=CC=C(C2=CN=C(C(OC3=CC4=C(C=C3)C=CN4)=N2)N)C=C1)CC5CCCNC5	-10.8	9470	train	train	0	78381
QEUZALHZKQXPPQ-GWZBNUJDNA-N	S1C(C=2N(C(CCC(=O)O)=CC2)CC(=O)NC3=C(C=CC=C3)C)=CC=C1	-8.5	1182	train	train	7	162202
GRWCZNJXFJPFEY-UHFFFAOYNA-N	S(=O)(=O)(N1CC(N(CC1)C=2C=C(C=CC2)C)C)C3=CC=4OC(=O)N(C4C=C3)CC(OCC)=O	-9.8	451	train	train	3	246446
OGQHYGZHXUFMSU-KDURUIRLNA-N	N1(C(=C2C(=C1O)[C@]3(C)O[C@]2(CN(S(CC)(=O)=O)C3)C)O)C4=CC=C(C(=C4)C(F)(F)F)C#N	-9.9	214	train	train	2	101000
DWMBEPKCENULIA-AZUIKXFHNA-N	N1([C@@H]2[C@](CCN2)(C)C3=C1C=CC(OC(=O)NC)=C3)C	-7.5	151	train	train	9	71942
BVHXEVOLFSFPCB-VRGMUVNCNA-N	C1(=CC=C(C=C1)OC)CCNC(=NC=2N=C(C=C(N2)C)C)N	-8.6	28202	test	test	7	88431
SJUXHCSNSGLKJD-UYBDAZJANA-N	C=1C=CC2=C(C1)C(N(S2)CC(NC=3C=CC(=CC3)N4C=CC=C4)=O)=O	-9.3	5733	train	validation	4	42341
JZIURJIEJBKSKI-QFIPXVFZNA-N	N1(C[C@@H](C2=CC=CC=C2)N)C(N(CC3=C(C=CC=C3F)C(F)(F)F)C=C(C1=O)C4=CC=CC(=C4F)OC)=O	-10.2	8355	train	train	1	102972
GHPQMELRBPBHBT-XQMQJMAZNA-N	O=C(NC(CC(C)(C)C)(C)C)NC=1C=C(N(=O)=O)C=CC1	-8.1	14098	train	train	8	127668
QDXOXBNNNAHFHN-QWOVJGMINA-N	S(C=1N(C(=NN1)COC2=CC=3CCCCC3C=C2)CC)CC(=O)NC=4SC=CN4	-10	18140	test	test	2	246294
IJGJSVVUKVPMGI-SFHVURJKNA-N	O=C(N1C[C@]2(CCN(C2)CC(C)C)CCC1)C=3C=CN=CC3	-8.3	1	train	train	7	180627
PEODVUVNVGIRIB-WJDWOHSUNA-N	O1/C(/C(C2=CC=CC=C2)=C(C1=O)C#N)=C\C3=CC=CC=C3	-8.9	21958	test	test	6	5878
NJIWYOMZSVDIRF-PKRZOPRNNA-N	S(CC(=O)N(CCCC)C1C(N(CC2=CC=CC=C2)C(=O)NC1=O)=N)C=3N(C=4C(OC)=CC=CC4)C=NN3	-9.3	3813	train	validation	4	187938
PBXGGFUTOUWSQP-WUSLAWIHNA-N	N1C(=O)C(OC=2C=CC(OC=3C=CC(=CC3)C=4ON=C(N4)C=5C=CC=C(C5)F)=CC2)(C(NC1=O)=O)CCOCC	-9.8	8086	train	train	3	96419
QHPXWGNESZGTBH-UHFFFAOYNA-N	O1C=2C(C(=CN3CCN(CC3)CC4=CC=CC=C4)CC1=O)=C(C=C(C2)C)C	-10.3	599	train	train	1	127452
HRTSAEKVAYCKBR-UHFFFAOYNA-N	BrC=1C=C(C(=O)N2CCN(CC2)CCO)C(=C(C1C)C)C	-8	12009	train	validation	8	122488
LUBVOJWTFYDBIZ-ZHLVXTBQNA-N	S(C=1C=C(S(=O)(=O)N)SC1)(C2=CC(=C(C=C2)CNCC(C)C)O)(=O)=O	-7.9	7897	train	validation	8	108637
NIOZDVACMCXBDP-UHNPHAAINA-N	O=C1N2[C@@]([C@H](CC1CC(=O)NCCCN(C)C)C(=O)N3CCN(CC3)C(=O)C4CC4)(C=5NC6=C(C5CC2)C=C(OC)C=C6)CC	-10.4	1	train	train	1	137317
KLMWVZZMXRKVEB-CMJFTGLXNA-N	S=C(NNC(=O)C1=CC=2N=C(N(C2C=C1)CC)C)NC3=CC=C(C=C3)C	-9.2	4394	train	validation	5	134715
IAPSBVDAXGRSQS-PKRZOPRNNA-N	O(C(C)(C)C(O)=O)C=1C=C(N2C=3C(N=C2C(=O)C=4C=CC(=CC4)C)=CC=CC3)C=CC1	-10.1	27473	test	test	2	76173
AWYXHNREZVNEHP-IOHDBEBENA-N	O(C1=C2N=CC=CC2=CC=C1)CC(=O)N/N=C/C=3C=4C(N(C(C)C)C3)=CC=CC4	-10.3	12876	train	train	1	199931
JFKMKSXVWJRHHF-BDGWVKIONA-N	S=C(NC1=CC=C(N2CCCC2)C=C1)NC(=O)C=3C=CC(F)=CC3	-8.9	2195	train	validation	6	254671
MMWIBMQXWIHTOD-WYBGHJFFNA-N	S(=O)(=O)(N1CCN(CC1)CC(=O)NC2=CC(=CC=C2)C(=O)C)/C=C/C3=CC=CC=C3	-9.6	19037	test	test	3	180549
OAGOHRBFFUCMSX-QWOVJGMINA-N	S(O)(O)(=CC(=O)NC1C(CCCC1)C)=CC=2N=C(OC2C)C3=C(C=CC=C3)C	-10.5	271	train	train	1	205677
BZFSWELEPAAIDD-UHFFFAOYNA-N	FC=1C(N2CCN(CC2)C(=O)C3=CC=C(N=C3)C(=O)N4CCN(CC4)C=5C(F)=CC=CC5)=CC=CC1	-10.2	43497	test	test	1	201539
OSCFKQNKZJSGKK-LILDFLRNNA-N	O(C(C(=O)NC1CCCC1)C)C(=O)C=2COC=3C(C2)=CC=CC3	-8.9	13914	train	train	6	126376
QVJFDKSYAPYLCL-GNRATBNGNA-N	C1[C@H](OC(C)=O)C(C)(C)[C@H]2[C@@](C)([C@H]3C(CC=4[C@@]([C@]3(C)CC2)(C)CC[C@]5(CC[C@@](CC45)(NC(NCCO)=O)C)C)=O)C1	-11.2	8225	train	train	0	46987
LQMIOGNVEYALRB-GYOJURGRNA-N	S\1/C(/C(=O)N(/C1=C/C(OCC)=O)CC(=O)NCC=2OC=CC2)=C\C3=CC=C(C(F)(F)F)C=C3	-10.5	4018	train	train	1	11174
SGEFSHTUBMVXKB-UHFFFAOYNA-N	OCC=1C(C=2N3N=CC=CC3=NC2)=CC=CC1	-8	19981	test	test	8	224627
BPBSEMYPSNGHRD-UHFFFAOYNA-N	S1C(C(=O)N2CCOCC2)=CC3=C1C=4C(OC3=O)=CC=CC4	-9.7	6051	train	train	3	171653
PIKUVIFOVZBIHX-LBOYIXSDNA-N	O=C(NC=1C(=CC=CC1)C(OC)=O)CCC2=C(C3=C(N(N=C3C)C4=CC=CC=C4)N=C2C)C	-10.4	853	train	train	1	224593
DASBKQYLFZZXBG-QWOVJGMINA-N	BrC1=CC=C(S(=O)(=O)CC=2OC(=CC2)C(=O)NCC3=CC=C(OC)C=C3)C=C1	-8.5	886	train	train	7	119610
WVFCDXUZPLZEQW-SPEPDGBUNA-N	S=C(NCCC(C1=CC=CC=C1)C2=CC=CC=C2)NC3=C(C=C(C=C3)C)C	-8.9	1	train	train	6	169771
LETPUOCURAIFBA-UHFFFAOYNA-N	C=12C=3C(C=4C5=CC(C6OCCCC6)=CC=C5N(C4C1CCC7=C2C=NN7C)CCC)=CNC3O	-10	7289	train	train	2	108299
JPSJCQBCSUGGGV-QGBKSRDJNA-N	S=C1N(/N=C/C2=CC(N(=O)=O)=C(O)C(OC)=C2)C(=O)C(=NN1)C	-8.9	14406	train	train	6	146953
XCMPQTLSSNNAIQ-ZMBLDYRUNA-N	FC=1C(CCNC(=O)[C@@H](N2C(=O)[C@]3(N(CCC4=C3NC=5C4=CC=CC5)C2=O)C)C)=CC=CC1	-11.1	1	train	train	0	214666
KYAAXSDBTAUNKQ-RAXGKZCSNA-N	N1C(=NC2=CC3=C(C=CC=C3)C2=C1NC4=CC=C(C=C4)C(C)C)N	-10.2	14381	train	train	1	129644
AWIDAHUVYZKAFA-YZVOILCLNA-N	BrC1=CC=2O[C@@H]([C@H](CN(S(=O)(=O)C2C=C1)[C@H](CO)C)C)CN(S(=O)(=O)C=3C(F)=CC=CC3)C	-9.6	1	train	train	3	201062
RTQNYYJFCWPHFG-LELJVTLKNA-N	S1C=C(N=C1)C=2C=C(NC(=O)C3CCN(CC3)CC4=CN=C(N=C4)CCOC)C=CC2	-8.6	13474	train	train	7	211255
FYRCWIJBSJSDHG-LQFNOIFHNA-N	C1(N(=O)=O)=C(NC2=C(N(=O)=O)C=CC=N2)C=C(C(=C1)N(=O)=O)NCCSCC=3OC(CN(C)C)=CC3	-8.5	9217	train	validation	7	68416
YRTFDACWWUMEHS-UHFFFAOYNA-N	C1=2C(NC(=C1)O)=C(Cl)C=CC2OCCNCC=3C=CC(=CC3)F	-8.4	6454	train	validation	7	55646
SQNXDJMPLAKIID-KMZMRBKQNA-N	BrC=1C=C(C(O)CNC2=C(C=3NC=4C(N3)=CC(N5C=CN=C5)=CC4C)C(O)=NC=C2)C=CC1	-9.6	5104	train	validation	3	61018
ZVQOIHCMOOXLBI-BYGWUDIZNA-N	O1N=C(CC12C[C@@H](N(C2)C(=O)C(C3=CC=CC=C3)C4=CC=CC=C4)C(=O)N)C5=CC(NC(=O)CC(C6=CC=CC=C6)C7=CC=CC=C7)=CC=C5	-11.1	3165	train	validation	0	240755
DBEJEQVQIZHJRK-LAQKCDNVNA-N	FC(F)(F)C=1C=C(CNC(=O)CC2C[C@@H]([C@@]3(N(CCC4=C3NC5=C4C=C(OC)C=C5)C2=O)CCC6=CC=CC=C6)C(=O)N7CCCCC7)C=CC1	-12.7	1	train	train	0	205219
RBXCNNSCGNJMLF-UHFFFAOYNA-N	O=C1C(C(C)(C)C=O)=CC(=O)C=2C1=CC=CC2	-8.4	22844	test	test	7	11586
PUBNSXNTKHQXMQ-UHFFFAOYNA-N	O(C=1C=C(N2CCN(C(C=3N(N=NN3)C(CC)(C)C)C4=CC=NC=C4)CC2)C=CC1)C	-9.7	291	train	validation	3	112645
YRGMFSRYZASLNN-UHFFFAOYNA-N	OC=1NC2=C(C1C3=NC4=C(C=C3)C(O)CCC4)C=C(C=C2)C#N	-9.4	23197	test	test	4	13445
MWUDRDBZWLZDCS-VEWCPZSHNA-N	BrC=1OC(C(=O)NCCC(=O)NCC2=CC(OC)=CC=C2)=CC1	-8.1	1	train	train	8	166576
FAUYABAGAKLIGZ-UHFFFAOYNA-N	N12N=CC(=C1N=C(C=C2NC(C3=CC=CC=C3)C)C)C4=CC=CC=C4	-9.8	230	train	train	3	230500
PGKLLSZMLUJLRR-UHFFFAOYNA-N	S(=O)(=O)(N1CCCC2=NC(=C(C=C12)C)C)C3=C(ON=C3C)C	-9	19277	test	test	5	216718
JCTVREZSGBDFSG-PKSOQXRJNA-N	S1C2=C(CCN(C2)C(=O)C)C(=C1NC(=O)CS(=O)(=O)C3=CC=C(F)C=C3)C#N	-9.2	106	train	train	5	191585
AMXFBJCSYDYPNY-COFVRBSHNA-N	N1=CN=C(C=C1N)N2C=3C=CC=CC3N=C2NC4=C(C=C(C=C4C)C)Br	-10.4	5875	train	train	1	84290
RVMVCPKCWWFOEL-LNNLXFCONA-N	C1(=CC=C(C(=C1)C2=C(C3=NC(=CC=C3)C(=O)O)C=CC=C2)OCC(C)C)Cl	-9.2	24553	test	test	5	23506
ILHVHPISYZEMSQ-LQFNOIFHNA-N	N1(C2=NC(=NC(NCCCC)=C2N=C1C=3C=CC=CC3)C)CC(CN(C)C)(C)C	-8.3	4976	train	train	7	20267
HEKYIMNNRZWJNC-QWOVJGMINA-N	O(C(=O)C=1C(=C(NC1C)CCC(=O)NCC2=CC=C(N(C)C)C=C2)C)CC	-8.4	12812	train	train	7	154965
OAFXIYWBKGSXMT-PARFRICQNA-N	C(N[C@H]([C@H]([C@H](CC(C)C)O)O)CC1CCCCC1)([C@@H](NC([C@@H](NC(=O)OCC)CC(C)C)=O)CC(C)C)=O	-8.1	1	train	train	8	99822
YTBMXCKHJWLOBO-QWOVJGMINA-N	C1C(C1C(=NO)O)(C=2C=CC(OCC3=CC=CC=C3)=CC2)C(=O)OCC	-8.2	8536	train	train	8	238025
PYWSRRYMWFSKDC-UHFFFAOYNA-N	S(=O)(=O)(N(CC)C1=CC=CC=C1)C=2C=CC(=CC2)C(OC=3C=CC(=CC3)C(=O)C)=O	-9.8	35908	test	test	3	152834
KORPBNVHOKHHID-DZQCGVKKNA-N	FC1=C(CN2N=NC=3C2=NC(=NC3C=4OC=CC4)N)C(F)=CC=C1	-9.1	7581	train	train	5	110348
MTCDQQWJRCDICU-UHFFFAOYNA-N	S1(=O)(=O)C=2C(C(=O)C3=C1C=CC=C3)=CC=C(C2)C(OCC4=C(ON=C4C)C)=O	-10.8	31691	test	test	0	125994
BSTICKGSJGHOBO-PUXXYCQMNA-N	N=1C=2N(C(=C(C1)C=3C=CC(NC(NC4=CC=CC(=C4)C)=O)=CC3)N)N=CC2C(=O)N5CCN(CC5)C	-10.3	230	train	train	1	81089
HLTAPNXQVJMYCZ-MPIMZMORNA-N	O1N=C(C(C2=CC=3C(NCC=4C(OCC)=CC=CC4)=NC=NC3C=C2)=C1C)C	-9.9	5570	train	validation	2	134975
JWEDWXCOZZPYMH-LELJVTLKNA-N	ClC1=CC=C(S(=O)(=O)C=2N=C(OC2SCC(=O)NC3=CC(=CC(=C3)C)C)C=4C=CC=CC4)C=C1	-11.4	1338	train	train	0	190861
MGTKHOVOOIYEMQ-UHFFFAOYNA-N	O1C=2C(C(=O)C3=C1C=CC=C3)=CC=C(NCCCN4CCOCC4)C2	-9.3	19959	test	test	4	253891
IMSVMQAWNKRSDI-UHFFFAOYNA-N	O(C=1C=CC(N=CCC(=O)C=2OC=CC2)=CC1)C=3C(OC)=CC=CC3	-8.2	18522	test	test	8	194800
IYVUNPAVFASLSV-TWSYTRIPNA-N	N=1C(=C2C(C3=CC=C(F)C(O)=C3)=NN(C2=NC1)CC4=NN(N=C4C)C5=CC=CC=C5)N	-10.8	24300	test	test	0	20629
QUBKMKRWYTUZRZ-UHFFFAOYNA-N	S(=O)(=O)(N(C)C)C=1C=CC(C(=O)N2CCC(CC2)C=3OC=4C(N3)=CC=CC4)=CC1	-9.8	6086	train	train	3	198916
JJXZUWSWALTOPV-NPQUBYNZNA-N	BrC1=C(N2C(=O)C=3C(C2=O)=CC=C(C3)C(O)=O)C=C(C=C1)C(O)=O	-9.5	1	train	train	4	141617
LFVVACFQDAWRIX-UHFFFAOYNA-N	S(=O)(=O)(N(CC)CC)C=1C=CC(C(=O)N2CCN=C2SCC3=CC=CN=C3)=CC1	-8.7	16099	train	train	6	143187
LLFKLRYNPXQRCI-CYSPOYASNA-N	ClC=1C(NC(=O)N(C=2N=CN=C(NC=3C=CC(OCCN(CC)CC)=CC3)C2)C)=C(Cl)C=CC1	-8.3	5215	train	train	7	107593
VDWJEGODPURZLI-LNNLXFCONA-N	O=C1N(CCCCCC(=O)NC2=CC=C(C=C2)C(OCCC)=O)C(=O)C=3C1=CC=CC3	-7.9	1	train	train	8	152410
GIPPEJROWYFJGC-RCISDHSXNA-N	ClC1=CC(N/N=C(\N)/C(=O)C)=CC=C1	-7.1	37553	test	test	9	163193
NMEOYLUNPQMPFS-UHFFFAOYNA-N	ClC1=CC=C(C(O)(C2=CC=C(Cl)C=C2)CNCC=3C(OC)=CC=CC3)C=C1	-8.1	2246	train	train	8	7026
FEMAFCHAYMYMMA-LQFNOIFHNA-N	ClC1=CC=C(C=2SC(C(=O)NC=3C=CC(N4CCNCC4)=CC3)=CC2)C=C1	-9.3	10437	train	train	4	72906
RRWMCZJJQMBDNA-WEFFJWEDNA-N	O=C1NC(NC=2C1=CC(OC)=C(OC)C2)=CN(CCC(C)C)CC3=NC=4C(C(O)=N3)=CC(OC)=C(OC)C4	-9.2	48352	test	test	5	232445
QNJUFBLXCPQTHI-YAQRNVERNA-N	S1C=2C(N=C1NC(=O)CC=3SC=CC3)=CC=CC2	-8.1	20982	test	test	8	20
ABVSYWGFUNXYAC-NEMGQADZNA-N	C1(S(=O)(=O)NCC2=CC=C(C=C2)F)=CC=C3C(/C(/C(=O)N3)=N/NC4=CC(=CC=C4)C(O)=O)=C1	-11.1	3732	train	train	0	159734
YSMQLDBKVHIHFD-UHFFFAOYNA-N	ClC=1C(CNC=2OC(=NC2C#N)C3=CC(OC)=C(OC)C=C3)=CC=CC1	-9.1	503	train	validation	5	213834
WXGQHOHCXXITQZ-UHFFFAOYNA-N	C=1(C=CC(=CC1)C2=C(C3=CC=NC=C3)NC(=C2)C4=CC=C(C=C4)S(C)=O)F	-9.6	5114	train	train	3	51104
TYIYEEGUDVBHEJ-PKRZOPRNNA-N	OC=1N=C(N2CCC(N3CCC(=CC3)C4=CC=CC=C4)CC2)N=C5C1C=CC=C5	-10.5	9683	train	train	1	61739
FQMXYOPXCLUURI-XQMQJMAZNA-N	O1C(CC(=O)NCCN(C)C)C(=O)NC=2C1=CC=C(C2)C	-7.3	679	train	train	9	156894
YVVASRCCLWSDIL-OALUTQOANA-N	S(C[C@@H](N1CC[C@@H](O)CCC1=O)CC2=CC=CC=C2)C3=CC=C(OC)C=C3	-9	4901	train	train	5	117945
WTBZNVRBNJWSPF-RAKULXDYNA-N	O[C@H]1C([C@@]2([C@](C3[C@](C4C(=CC3)C(C(O)C(=O)C4)(C)C)(C(=O)C2)C)(C1)C)C)C(O)(C)C(=O)/C=C/C(OC(=O)C)(C)C	-9.6	6265	train	train	3	222967
WTXVNVUTXVSIRL-JFWAKWRCNA-N	S(=O)(=O)(N=C1C(=O)N(CC(=O)N[C@@H](CCCN=C(N)N)C(=O)C=2SC=CN2)CC=C1)CC3=CC=CC=C3	-9.4	7271	train	train	4	33591
MVQUQGLRQPMJPU-SREBMQDQNA-N	C=1(C=2C(=CC(=C(C2)OC)OCCCN3CCN(CC3)C)N=CC1C#N)NC4=C(C=C(C=C4)Cl)Cl	-8.2	1432	train	validation	8	94875
XOONISWNQPOLLQ-GPQMBLKYNA-N	S1C(C(=O)CCC(OC(C(=O)NC=2C(N(=O)=O)=CC=CC2)C)=O)=CC=C1	-8.4	4405	train	train	7	226785
DJXDQVVNDSVVRH-ADZLJMNANA-N	C/1(\SC(C2=CC=C(C=C2)Cl)=NN1C)=N\C=3C(=C(C(=O)O)C=CC3)O	-9.1	8523	train	train	5	87291
OHSIXKORPOKWMH-IGBJZSFZNA-N	C=1(C=CC(=CC1)C2S(NC(C2)=O)(=O)=O)CC(NS(C3=C(C=CC=C3F)F)(=O)=O)C4=NC=5C(=CC=CC5)N4	-11.5	7851	train	validation	0	101040
NIWUWGYGSDKPLD-CMJYGJQNNA-N	N1=C(N)N=C2C(=C1N)C(CCCC3=CC(=CC=C3OC)OC)=CN2	-8.7	10649	train	train	6	151503
ATIDRPDCWXWOJT-UHFFFAOYNA-N	N1(C2=C(C3=CNC(=C3C4=C2CC=5C=CC=CC45)O)C=6C1=CC=C(COCC)C6)CCCO	-8.9	6239	train	train	6	83323
XUSLMFJNRBKFOT-UYBDAZJANA-N	O=C1N(C(=O)NC1(C(C)(C)C)C2=CC=CC=C2)CC(=O)N3CCOCC3	-8.8	60	train	train	6	151730
RNDZETJWGCURPH-QWOVJGMINA-N	O(C1=CC=C(CCNC=2N=CN=C3N(N=CC32)C4=CC=C(C=C4)C)C=C1)C	-9.6	5	train	train	3	122386
IFWIJDDPCFWFQO-ATIYNZHBNA-N	BrC1=CC=C(CN2C(=O)[C@@]3(N[C@@H](C=4C3=C(O)N(C4O)CC)C5=CC=C(OC)C=C5)CCC2)C=C1	-9.9	702	train	train	2	179061
MVLDTEVVLRFHMU-HCKMINDGNA-N	S1(=O)(=O)CC(N(C)C(=O)COC(=O)C2=CC=3NC(=O)CSC3C=C2)CC1	-9.7	30909	test	test	3	120827
CNGQSMFIQRDDKI-UHFFFAOYNA-N	N1(CCC(N2C(=CC=C2)C#C)CC1)CC3=CC=CC=C3	-7.9	6428	train	train	8	34527
WIQWGGBSJHEMNC-MPIMZMORNA-N	S(=O)(=O)(N1CCOCC1)C2=CC=3N(CC(=O)NC=4C=CC(OCC)=CC4)C(=O)CSC3C=C2	-9.4	1	train	train	4	249109
ATDGSQDDAVNPIE-YAQRNVERNA-N	S1C(CNC(C1)=O)C=2C=CC(=CC2)OCCCC	-7.1	7735	train	train	9	83368
SVDARJHLGCNCRG-CSKMVECVNA-N	ClC1=CC(NC2=NC=NC3=C2C=C(C=4OC(CNCCSC)=CC4)C=C3)=CC=C1OCC5=CC(F)=CC=C5	-9.6	101	train	train	3	60365
FHLIQRJCANNRGK-PKSOQXRJNA-N	O=C1N(N=C(C=2C1=CC=CC2)C3=CC=C(C=C3)C(=O)NCC(OCC)=O)C	-9.4	256	train	train	4	161943
IIUMVZIBYRWGFJ-UHFFFAOYNA-N	N1=C(N2CCOC(C2)CN)C=3C(N=C1)=NC=4C3C=CNC4	-8.8	24095	test	test	6	18445
CQFMERDFIJAWPC-PKSOQXRJNA-N	ClC=1C=2C(SC1C(OCC(=O)C=3C=C4NC(=O)COC4=CC3)=O)=CC=CC2	-9.8	45175	test	test	3	212412
CPQMLGLUULWKDX-RHBFXFTENA-N	N1C=CC=C1/C=C/2\C(=O)NC3=CC(NC(NC4=CC=C(C(=C4)OC)OC)=O)=CC=C32	-9.4	14	train	train	4	89040
ISFZCPWZDVQQDL-LVDDXYSHNA-N	S(O)(=O)(=NC1=CC(NC(=O)C2OC=3N=CC=C(C3C2)C4=CC(F)=CC=C4)=CC=C1)C	-11.2	11422	train	train	0	227992
ZFNDDTOHDPHZON-OOJOZEJFNA-N	F[C@H]1CN([C@H](C(=O)NC2C3CC4(O)CC2CC(C3)C4)C)CC1	-7.9	8005	train	train	8	53427
FNUJHWQAKMRWLX-PKRZOPRNNA-N	S(=O)(=O)(N(C1CCCCC1)C)C=2C=C3C(N(C=C(C3=O)C(=O)NCCN(CCCC)CCCC)C)=CC2	-8	585	train	train	8	251892
FYKHBBWYNPHTRP-CMLSCEPHNA-N	O=C1NC=2C(NC1CC(=O)NC3=CC=4OCOC4C=C3)=CC=CC2	-9.6	3262	train	train	3	140168
QGZRBSNMXGCSFE-UHFFFAOYNA-N	N(CCC=1C=CC(=NC1)C)C2=CC3=C(C=C2)C=CC=C3	-9.3	41870	test	test	4	191213
WBFIYZMUCGNSLE-NPVYFSBINA-N	O=C(NCC1=CC=CC=C1)C2=C(NC(=O)C(OCC)=O)C=CC=C2	-8.4	1	train	train	7	172121
ZPUVWHXKMAIJOS-UHFFFAOYNA-N	S1C(C=2N(NCC3=CC(OC)=C(OC)C=C3)C(=O)C4=C(N2)C=CC=C4)=CC=C1	-9.7	1880	train	train	3	137076
YNTCWTCZWQYGTP-UHFFFAOYNA-N	O=C(N1CCC(CC1)C)C(=NC(=O)C=2C=CC=CC2)CC3=CC=CC=C3	-8.7	754	train	validation	6	123348
BINZQDMZAMRQON-YBFXNURJNA-N	O=C1/C(/CC=2C1=CC(OC)=C(OC)C2)=C/C3=CC=C(CN(CC)CC)C=C3	-8.2	1	train	train	8	79523
LXLZJRSMFURRKW-PMWDVLQYNA-N	ClC1=C(C(=O)NC(CC(=O)NC=2C=C(S(=O)(=O)N)C=CC2)C3=CC=CC=C3)C=CC=C1	-10.6	2487	train	validation	1	214192
KNPXTNYKJNPNTR-RBMSPORENA-N	S\1C(CC(=O)N(/C1=N\C2=CC=3OCOC3C=C2)C)C(=O)NC=4C=CC(OC)=CC4	-9.7	1077	train	train	3	121854
RRFBMBYXYJTWME-PKSOQXRJNA-N	ClC1=CC(=C(N2C(CCC(=O)O)=CC=C2C=3SC=CC3)C=C1)C	-7.9	1796	train	validation	8	163831
NKVZFUMJFZTQJO-UHFFFAOYNA-N	C1=CC=C2N(C3=C(C2=C1)C=4C(C5=C3CCC=6C5=CN(N6)C)=C(NC4)O)CC(C)C	-9.5	7289	train	train	4	92470
UUFRYSPCBRDWEJ-BUDVQIAPNA-N	FC1=C(NC=2N=C(NCC3=CC=CC=C3)C(N(=O)=O)=C(N2)N)C=CC=C1	-9.5	3445	train	train	4	115020
OLPPHRZWGUUSRU-ZOZJUEDLNA-N	ClC1=C(C=2OC(/C=C(/C(=O)N=C3C(N(N(C3=O)C4=CC=CC=C4)C)C)\C#N)=CC2)C=C(Cl)C=C1	-10.3	31553	test	test	1	125076
FMIMEKPJOIWECI-LQFNOIFHNA-N	ClC=1C=C2NC(=C(C2=CC1)CC(O)=O)C(=O)C3=NC=C(OCC)C(=C3)CC	-8.9	8400	train	train	6	72814
OWTFOFUWOXVMDN-PUXXYCQMNA-N	O=C(NC=1C=CC(C2=C(N3N=CC(=C3N=C2)C=4C=CC=NC4)N)=CC1)NC=5C=C(C=CC5)C	-10.6	230	train	train	1	97191
UNSTZRRKYYTHBG-UHFFFAOYNA-N	FC=1C(N2CCN(CC2)C)=CC(N3CCCC3)=C(N(=O)=O)C1	-7.5	1	train	train	9	7910
HOIVFKNYTXHFRI-MJGQVGIZNA-N	FC1=NC=CC(NCCOC=2C=C(N=C3C(C=4C=5C(NC4)=CC=CC5)C(=O)NC3=O)C=CC2)=C1	-10.9	7877	train	train	0	74649
SBMUIESOBCIJNY-UHFFFAOYNA-N	N1(CCN(CC1)CCCC=2C=3C(=CC(=CC3)OC)CCC2)C=4C=CC=CC4	-9.6	8850	train	train	3	46820
CWHWOTSQZORFNX-KGCNKATMNA-N	S1C(NC(=O)NC=2N=CC=CC2C)=CC=C1	-7.6	16573	train	train	9	180301
MUCFJCBCZAMXJL-XWKXFZRBNA-N	S(CC(=O)NC1=C(OC)C=CC=C1)C=2N(N=NN2)C	-7.3	266	train	train	9	171754
VRWBZUHLJYIULO-QWOVJGMINA-N	O(C(C(=O)NCC1=CC=2OCOC2C=C1)C)C(=O)C3=NN(C(=O)C4=C3C=CC=C4)C	-10.2	11316	train	train	1	232447
VYLIDXPHOVMXRB-UHFFFAOYNA-N	FC=1C=CC(C(=O)C2CCN(CC2)C(=O)C=3C=CC(OC(F)(F)F)=CC3)=CC1	-10.2	1	train	train	1	63606
FPZNXWMJASSBST-UHFFFAOYNA-N	ClC1=CC=C(OCCN2CCN(CC2)CC)C=C1	-6.9	1	train	train	9	190441
BXMOFRKVZCTQER-HCKMINDGNA-N	S1C(C(=O)N(CC)CC)=C(C(=C1NC(=O)C(OCC)=O)C#N)C	-7	106	train	train	9	240909
LKCCCTMPQIKKKZ-WYUMXYHSNA-N	O(CC1=CC(N(=O)=O)=CC=C1)C(=O)C=2C(O)=NC=CC2	-8.6	15669	train	train	7	243668
JVVFIHLIADCISB-LNNLXFCONA-N	S(N1C(C(O)=NO)CCN(C(OC(C)(C)C)=O)CC1)(C=2C=CC(=CC2)OCC#CC)(=O)=O	-9	1	train	train	5	28745
LRNLGFMTBYVIFQ-UHFFFAOYNA-N	FC(F)(F)C=1C=C(C(=O)C2CCCN(C2)C(=O)CN3CCOC3=O)C=CC1	-10.8	15398	train	train	0	165268
AAPMNKHOEMXGDK-PUXXYCQMNA-N	N=1C=NC(=C2N(C=CC21)CCOC)OC3=CC=C(NC(NC=4C=C(C=CC4)C(F)(F)F)=O)C(Cl)=C3	-9.5	6277	train	train	4	26062
VPKHOKZEQXXYCF-HXTKINSTNA-N	O(C=1C(CN2CCC=3N=C(N=CC3C2)NC=4C=C5OCCOC5=CC4)=CC=CC1)CC	-10.3	11414	train	train	1	218369
OSVNSMJGPXYEBY-PKSOQXRJNA-N	C=1(C(C(C2=CNC(=C2)C(=O)NCC3=CC=CS3)=O)=C(C=CC1)Cl)Cl	-8.6	2110	train	validation	7	96791
NNNQAVWZIBHWAK-FGCSDBHKNA-N	O=C(N1[C@]23[C@@H](C(CC=4NC(=O)C=CC24)C=C(C3)C)CCC1)CCN(CCCCCCN(CCC(=O)N5[C@]67[C@@H](C(CC8=NC(O)=CC=C68)C=C(C7)C)CCC5)C)C	-10.1	8141	train	validation	2	92797
QOQSKENISVCKFY-UYBDAZJANA-N	S(=O)(=O)(CCC(=O)NCCC=1C=C(C=CC1)C)C2=CC=C(OC)C=C2	-9.5	5060	train	train	4	141034
SMNMAHGKWFHKMC-UHFFFAOYNA-N	OC=1C=CC(N2CCN(C(C=3N(N=NN3)C4CCCC4)C5=CC=NC=C5)CC2)=CC1	-10	291	train	validation	2	230408
SHZAQQOHJOWFBF-UHFFFAOYNA-N	O1N=C(N=C1C2=CC(N(=O)=O)=C(N3CCCC3)C=C2)C4=CC(OC)=C(OC)C=C4	-9.7	424	train	validation	3	184113
OSUZGKQOCFHSAM-AUEPDCJTNA-N	ClC=1N(N=C(C1/C=N/OCC2=C(Cl)C=CC=C2Cl)C(OC)=O)C3=CC=CC=C3	-9.2	3934	train	train	5	180700
DHXDFLRPXWFXAG-WYUMXYHSNA-N	S(=O)(=O)(N(CC)C1=CC=CC=C1)C=2SC(=NN2)NC(=O)C=3SC=CC3	-8.6	4832	train	train	7	183626
SMSWRAIFTQOCCC-SREBMQDQNA-N	ClC1=CC(NC(=O)N(C2CCN(CC2)CC3=CC=CC=C3)CC4=CC=5OCOC5C=C4)=CC=C1C	-10.7	1	train	train	0	232244
OQWWABIXMUFBIU-UHFFFAOYNA-N	O(C(CNC=1C=CC(N(=O)=O)=CC1)C)C2=NON=C2C	-8.2	37546	test	test	8	163167
KPUBBCGAMBGWSV-JJFURXLTNA-N	C(NCC1=CC=CC=C1)(=O)C2=NN(C=3C=4N=C(NC5=CC=CC=C5)N=CC4CCC32)C	-10.9	5445	train	train	0	112106
JQTFENOAVWLXLV-QWOVJGMINA-N	C1=2C(NC=3C1=C(C(CCCN)=CC2C=4NC=CC4)C(=CC3)F)=O	-8.7	8099	train	train	6	103784
HYJRTXSYDAFGJK-UHFFFAOYNA-N	C(C(C1=CC=CC=C1)C2=CC=CC=C2)(OC3CC[N+](C)(C)CC3)=O	-9.4	1551	train	train	4	146513
ZCZOAZQPIZRACP-UHFFFAOYNA-N	O=C(N1C(CCCC1)C)CN2N=CC3=C2C4=C(OC3=O)C=CC(=C4)C	-9.9	2057	train	train	2	200430
HXVAXOYPIPUCRY-DVIAZDKANA-N	C1(=C(O)N=C(C2=CC=C3C=CC=CC3=C2)C=C1)C4(OC(NC4=O)=O)C(C)C	-11.1	45274	test	test	0	213158
VPEJMHYFGCNXLM-LJHIYBGHNA-N	O([C@]1([C@@]2([C@H]([C@H]3[C@@H]([C@@]4(C(=CC3)CC(=O)CC4)C)CC2)CC1)C)C(=O)C)C(=O)CCCCC	-8.5	72	train	train	7	1785
FVPNTUBWOQGYPQ-UGHRMAFZNA-N	O=C(O)[C@@H](NC(=O)CCN1N=NC2=C(C1=O)C=CC=C2)CC(C)C	-8.8	11690	train	train	6	201398
MMJUEHBYHKCNKW-KDXLUIIXNA-N	C1=C(C(=O)N)C2=CC(=C1)N3C(=C(C4=C3CC(CC4=O)(C)C)C)CCCN([C@@H](C)[C@H](C)N2)C(C)=O	-10.8	8082	train	train	0	95517
ZIEOPLAPGXNRCU-ZFJUVRDGNA-N	C1=C(C=2C=CC=CC2)C(=NC=3C1=CN=C(N3)SC)C=4C=CC(=CC4)CNCCC(N)=O	-9.4	6409	train	train	4	26010
MYMJRZXUXNYPIX-RGVBFFNGNA-N	C=1(C2=CSC=3C(=CN=C(N)C32)C4=CNC=C4)C=CC(=CC1)NC(NC5=CC=CC(=C5)C)=O	-9.7	120	train	train	3	91050
DLBMSMDCIGBABK-CYOAXXGJNA-N	N1(N=C(C(=C1C=2C=CC=CC2)C(=O)O)C(NC3=CC=C(C=C3)S(N)(=O)=O)=O)C=4C=CC=C(C4)/N=N/C=5C=CC(=CC5)O	-10.7	8395	train	train	0	86305
MDVJZIMFLHFKBD-HZGZCFITNA-N	C=1(C[C@@H](CNC2=NC=C(C3=CC=4C(C=C3)=C(NC4)O)S2)N)C=CC(=CC1)C(F)(F)F	-10.7	5813	train	validation	0	94386
DJEARTUSVWKEAS-LXFFPTGGNA-N	ClC=1C=C(C(O)CNC=2C(C3=NC4=C(N3)C=C(N5C=CN=C5)C=C4C)=C(O)N=CC2)C=CC1F	-10.5	5104	train	validation	1	87222
APOYFUSNBQZHQQ-GLAYEKRENA-N	C1=C2C(N=C(C=3C=CC(=CC3)CN4CCC(CC4)C=5C=C(NN5)C=6C=CN=CC6)C(C7=CC=CC=C7)=C2)=NC=C1	-11.7	6800	train	train	0	27930
HUIDWIYMNSZSIZ-LNNLXFCONA-N	O1C(CCC1)CNC(=O)C2=NC(=C3NC=4C(C3=C2)=CC=CC4)C=5C(OC)=CC=CC5	-9.9	14727	train	train	2	195811
QGHXXZFDOPHMHE-UHFFFAOYNA-N	ClC1=CC=C(S(=O)(=O)N(CC=2ON=C(N2)C=3C=CN=CC3)C)C=C1	-8.9	1162	train	train	6	172348
OSRQWBNXNBEOSR-UHFFFAOYNA-N	FC1=CC=C(N2CCN(CCCCN3C(=O)C4N(CCCC4)C3=O)CC2)C=C1	-9.3	1	train	train	4	15299
NMWITKAVSPIUQG-UHFFFAOYNA-N	S(CC(=O)N1CCC(CC1)C)C=2N=C(C3=CC=C(F)C=C3)C=C(N2)C(F)(F)F	-9.9	522	train	train	2	223127
PIURUYXYLOYHFA-YBEGLDIGNA-N	O\1C2=C(C(=O)/C1=C/C3=CC=CC=C3)C=CC(OC(=O)N(C)C)=C2	-8.9	3366	train	validation	6	253142
PNPBXXNNLJGHBP-XWKXFZRBNA-N	O1C=2C(N3C(=NNC(=O)C3)C1)=CC=CC2	-7.5	30638	test	test	9	119059
OOVPPLWHQJVSSB-YHSKDTNENA-N	O1C(C(C=2C(OC)=CC=CC2)CC(=O)N)=CC=C1	-7.1	11882	train	train	9	115571
KVQUKSFPPRUDAF-UHFFFAOYNA-N	N=1C(=NC(=CC1N(CC2=CC=CC=C2)C)C)C3=CC=CC=C3	-9.1	6	train	train	5	205026
IHPLXRAQRBGIKO-GPQMBLKYNA-N	S(O)(=O)(=NC=1C=C(C=2N=C(N(C)C)C=CN2)C=CC1)C	-7.9	6	train	train	8	18420
DFUPBCGIVOJPKD-DHIKFLPONA-N	C1(=CC=2C=CC=CC2C=C1OCCCCC)C(O)C/C=C\CCCC(=O)O	-8.3	6794	train	train	7	34300
CZWVVXLJNZELHU-FJHVBYGXNA-N	S1C(CNC(=O)C[C@H]2[C@]3(C=4N(C2=O)CCCC4CCC3)C(OCC)=O)=CC=C1	-8.4	11219	train	train	7	253629
ZZLDGCWUWXASNS-WYUMXYHSNA-N	S1C2=C(N=C1NC(=O)CSC=3N(N)C(=NN3)C)C=CC(OC)=C2	-8.6	49201	test	test	7	237606
RZITUCUOASIYJR-PKSOQXRJNA-N	O=C(NCCN(CC)CC)C1=C2C(=NC(=C1)C=3OC=CC3)C=CC=C2	-8.1	1	train	train	8	164858
UIYTURGPTUSRBA-LNNLXFCONA-N	C1C2(C1)C=3NC=4C5=C(CCC4C3C(NC2)=O)C=NC(C=6C=CC(=CC6)OC)=C5	-10.1	173	train	validation	2	58837
XPIPBMWMAQCEHH-YHMJCDSINA-N	ClC1=C(NC(=O)C=2SC=CC2)C=C(N)C=C1	-6.7	1	train	train	9	2712
YGUDSVCUQHKETI-ORKIEBPJNA-N	O=C(NNC(=O)C1=CC=C(NC(=O)C=2C=CC=CC2)C=C1)CC3=CC=CC=C3	-9.7	2598	train	train	3	134660
WZLMBXUNTQCPJE-WRPLANPYNA-N	C=1(OC)C(OC)=CC2=C(C1)C(=NC=N2)NC=3C=CC(NC(NC4=CC=C(C(=C4)Cl)F)=O)=CC3	-10.1	6	train	train	2	50159
FMDGWGCVQHGFLG-XIPNIRHDNA-N	C1=C(C=2C=CC(OC=3C=CN=CC3)=CC2)N(C(C=4C=CC=CC4Cl)=C1)CC5=CC=CC(=N5)N	-10.6	7988	train	train	1	72794
BTMYXVPFARUFGD-UHFFFAOYNA-N	BrC=1C=CC(C(=O)CC(N2C=CN=C2)C(OC)=O)=CC1	-7.2	42822	test	test	9	197290
IJNSSHZWLSEKTI-NPVYFSBINA-N	O=C(NC1CCCC1)NC(=O)COC(=O)CCOC2=CC=C(C=C2)C	-8.1	14501	train	train	8	144077
AKEIVFVDSAWTES-LILDFLRNNA-N	ClC1=C(C(=O)NC=2C=C3C(=CC2)C=CC=C3)C=CC=C1	-9.4	1	train	train	4	134688
AMKPAGTWVTZQPM-PKSOQXRJNA-N	C12=C(NC3=C(C=C(C=C3)Cl)Cl)C=CN=C1C=C(C(=C2)OC)OC	-8.6	1432	train	validation	7	84221
GQLFHUGCTQKRQK-YPXUMCKCNA-N	O1C(O/N=C/CC2OC(C(OC(=O)C)C=C2)COC(=O)C)C(OC(=O)C)C(OC(=O)C)C(OC(=O)C)C1COC(=O)C	-8.8	10579	train	train	6	77491
FGHKCRNDQSRICR-PKRZOPRNNA-N	C=1(C=C2C(=CN(C3=CC=C(C=C3)F)C2=CC1)C4CCN(CC4)CCN5CCNC5=O)CC6=NN(N=N6)C	-11.2	5219	train	train	0	73533
YCJDQCDOTIDSLP-LQFNOIFHNA-N	O1N=C(C)C(=C1NCC2=CC=NC=C2)C(=O)NC3=CC=C(C=C3)C(C)(C)C	-9	9164	train	train	5	49723
GQJJNMSNWLLMTG-UHFFFAOYNA-N	S(CC(OC1CCCCC1)=O)C=2OC(=NN2)C3=CC(OC)=C(OC)C(OC)=C3	-8.5	189	train	train	7	118387
JKNXNBWFPBWWLJ-JQJQHNLNNA-N	C1(N(CCCC=2C=CC=CC2)CCCC[C@@H]1NC(C=3C=CC(OP(=O)(O)O)=CC3)=O)=O	-9.4	1	train	train	4	102611
LGONQXDUJIWOBY-WYUMXYHSNA-N	S(C=1N(C=2C(N1)=CC=CC2)C(=O)NC3CCCCC3)C	-8.4	21633	test	test	7	3762
UKLLEJYGXWPPOE-DVIAZDKANA-N	O=C1N(C=CC2=C1C=CC=C2)CC(=O)NCCC(=O)NCC3=CC(OC)=CC=C3	-9.7	389	train	validation	3	6586
MSFLLWRKYGCUSF-UHFFFAOYNA-N	C12(N=C(N(C1=O)CCN3C(C=4C(C3=O)=CC=CC4)=O)CCCC)CCCC2	-9.1	28560	test	test	5	94750
CQJZDEZUGMSWGG-UHKSSXMNNA-N	S1(=O)(=O)N=C(N/N=C/C2=CC(OC(=O)C)=C(OC)C=C2)C=3C1=CC=CC3	-9.4	4924	train	train	4	118023
RFRWKCBKRCYTAH-QWOVJGMINA-N	S(=O)(=O)(N1CCCCC1)C2=CC(N(=O)=O)=C(N(CC(=O)NC=3C=CC(F)=CC3)C)C=C2	-9.5	1	train	train	4	147694
RQFIXIZDVYKWBQ-UHFFFAOYNA-N	ClC1=CC=C(C2(O)CCN(S(=O)(=O)C=3C=C(OC)C(OC)=CC3)CC2)C=C1	-9.4	1	train	train	4	168901
MWDGNIXIAGIQJY-PJQSKVNONA-N	C=1(C=C(C=C(C1)F)C(NC2=CC=C(Cl)C(C(NC3=CN=C(S3)C)=O)=C2)=O)C(F)(F)F	-10.7	7687	train	validation	0	94974
IMKPDMNUKMFAAW-UHFFFAOYNA-N	OCC1(CCN(CC1)CC=2N(C=CC2)C3=NC=CC=C3)CC4=CC=C(OC)C=C4	-9.3	12865	train	train	4	120370
DCTRPSAPKPORBP-UHFFFAOYNA-N	C=1(OC(CSCCCCCSCC=2OC(CN(C)C)=CC2)=CC1)CN(C)C	-6.3	8128	train	validation	9	85390
SLSLHZJNGCVCPJ-YNDJGIDINA-N	C=1(C=C(C=CC1OC)C[C@@H](C(=O)O)CC)CNC(C=2C=CC(=CC2)OC3=CC=C(C=C3)Br)=O	-9	5877	train	validation	5	23514
FKTHBRQBQHCTAG-UHFFFAOYNA-N	OC=1C(=C(N(CCN(CC)CC)C1O)C2=CC(OCCC)=CC=C2)C(=O)C=3OC=CC3	-8	317	train	train	8	255220
RRPNXUKQJQMLPM-UHFFFAOYNA-N	S(=O)(=O)(N1CCCCCC1)C2=CC3=C(OC(=C3C)C(=O)N(CC)C4=CC=CC=C4)C=C2	-9	1	train	train	5	231960
NIFYHBLSVGXICJ-YRNVUSSQNA-N	S1(=O)(=O)N(C(=O)C2=C1C=CC=C2)C/C(=N/O)/C	-7.3	362	train	train	9	90804
KRMBZIKXHYHITN-IBGZPJMENA-N	N1(CC(C2=CC(=CC=C2)OC)=O)C(=O)N(C)C3=C(N(C(=C3C#N)N4CCC[C@@H](C4)N)CC=C(C)C)C1=O	-9.6	6527	train	validation	3	30172
FFXJVVXIEQNIFP-UHFFFAOYNA-N	P1(OCC(CO1)(C)C)(=O)C(NC=2C=CC(=CC2)C)C3=CC=C(OCC)C=C3	-9.3	1343	train	validation	4	3854
HLMIBTGHHLCMLQ-SZBHIRRCNA-N	O1[C@@H](C2C(OC(OC2=O)(C)C)=C[C@H]1C)CC	-6.5	14506	train	train	9	178892
NKMADAOWTBBFCG-FNORWQNLNA-N	C1(=CC=C2C(=C1)C=C(/C=C/C(C3=C(SC(=C3)C)C)=O)C(Cl)=N2)C	-9.3	9067	train	train	4	92454
FCAHXBLMILKKQK-QMLMPDFZNA-N	N1([C@H]2[C@@H]([C@H](O)[C@H](O2)C(=O)NOC)O)C3=C(C(N)=NC=N3)N=C1	-8	30	train	validation	8	71223
GDKRKYUIKPMVEJ-PKSOQXRJNA-N	S(=O)(=O)(CCC(=O)NC1=CC(=C(C=C1)C)C)C2=CC=3SC(=NC3C=C2)C	-10.1	15390	train	validation	2	170843
SJEQMFGKEOUWGF-JJFURXLTNA-N	O(C1=CC=C(C(C)(C)C)C=C1)C=2N=CC(NC(=O)C=3C(=CC=CC3)C(O)=O)=CC2	-9.8	47928	test	test	3	229967
JPEUQFLIEUEMMQ-LNNLXFCONA-N	ClC1=CC=C(N(S(=O)(=O)C2=CC=C(OC)C=C2)CC(=O)NC=3C=C(C=C(C3)C)C)C=C1	-10	1	train	train	2	255801
WRXAWLLASUJMMD-SDRQFZCRNA-N	N12C(C=3C=NN(C3N=C1N)CC=4C=CC(=CC4)F)=NC(=N2)C=5OC=CC5	-10.1	1053	train	train	2	50902
SUNCCQBNDWHMPR-UHFFFAOYNA-N	O1C(=C(C(=O)C2=C1C=C(O)C=C2)C)C3=CC=CC=C3	-8.8	31	train	train	6	19212
WWOHXVRNFUADNZ-UZYVYHOENA-N	O=C1N2C(=NC=3N(/C(=N\C(=O)C)/C(=CC31)C(OCC)=O)CCOC)C(=CC=C2)C	-8.4	596	train	validation	7	197081
CNLKDVWPAFAZQO-VEWCPZSHNA-N	S1C=C(N=C1NC(=S)NC(=O)C=2OC=CC2)C3=CC=C(C=C3)C	-8.9	14617	train	train	6	207105
KDMMANQCTONCJG-UHFFFAOYNA-N	O=C1N(C(=NC2=C1C=CC=C2)C=3C=CC=CC3)C=4C=CN=CC4	-8.7	981	train	train	6	207876
ZKUFUORAPOWKOK-UHFFFAOYNA-N	O(CC1CCN(C1)C(=O)C=2OC3=C(C2C)C=C(CCC)C=C3)C	-8.5	1	train	train	7	131624
NLHYTEJFSTUJRQ-MPIMZMORNA-N	S1C(=C2NC(NC(=O)C2=C1C)(C=3C=4C(C=CC3)=CC=CC4)C)C(OCC)=O	-9.7	1231	train	validation	3	120988
YUWWKWVVBFASIG-UHFFFAOYNA-N	N1=C(N=C2C(=C1)N(C(C(N2CCC(F)(F)F)CC(F)(F)F)=O)C)N3C=CN=C3C=4C=CC(=CC4)F	-9	8837	train	train	5	57393
MZTJWOVEGJIBJR-UHFFFAOYNA-N	S1CC(=NN2C(=NN=C12)C3=C(OC)C(OC)=CC=C3)C4=C(OC)C=CC=C4	-8.7	393	train	validation	6	170898
HNEHYSOLMVADTO-FCFPRXLLNA-N	C1([C@@H]2[C@H](N(C([C@@H](NC([C@@H](NC([C@@H](NC(C)=O)C(C)C)=O)CC(O)=O)=O)C(C)C)=O)CC2)C(N[C@H]3CC(=O)OC3O)=O)=CC=C(C=C1)C	-10.2	10502	train	train	1	74964
UFWDCHKAJHSZQT-UHFFFAOYNA-N	BrC1=CC=C(S(=O)(=O)NCCC2=CC(OC)=C(OC)C=C2)C=C1	-8	1	train	train	8	209258
XSIGGCHYNXSJBX-QXSWTRGNNA-N	N1=C(N)N=C2NC(CC3=CC=CC=4C3=CC=CC4)=CC2=C1NC=5C=CC(=CC5)Cl	-12.3	6153	train	train	0	36325
YEUHJVFRRWHHMS-INKHBPHZNA-N	O(CCCCCN1CCCCC1)C=2C=C3CC/C(/C(=O)C3=CC2)=C\C4=CC=C(CN(CC5=CC=CC=C5)C)C=C4	-8.2	1	train	train	8	48814
NSONTBHSAVLNNR-PKSOQXRJNA-N	ClC1=CC=C(C=2NC3=C(C(=NN2)C=4OC(=CC4)C)C=CC=C3)C=C1	-10	44065	test	test	2	205117
XYVYWDGJUBFXHA-VYMICXPUNA-N	N12C([C@H](NC(=O)CCCCCCNC(C([C@@H](NC([C@@H]1CCC2)=O)CCCN=C(N)N)=O)=O)NC=O)=O	-10.7	26018	test	test	0	49691
LBHMZZJMZZTTAJ-UHFFFAOYNA-N	ClC=1C2=C(OC(=C2)C3=CC=C(O)C=C3)C(OC)=CC1O	-8.1	6509	train	train	8	25784
ORVRISQWQZXOFB-SREBMQDQNA-N	C=1C=C2C(=CC1C=3C=CC(=CC3)C(N(C)C)=O)OC=4C=CC=CC4C2C(C(=O)NC5=NN=CS5)(C)C	-11.1	5762	train	train	0	100481
GUHVLTSSVAHUPR-XIEYBQDHNA-N	N1(N=C(C=C1/N=C/C=2C=CC(N(C)C)=CC2)C=3C=CC=CC3)C4=CC=CC=C4	-10	30261	test	test	2	116631
FWHLVHFWWWVAPQ-UHFFFAOYNA-N	BrC1=CC2=C(N(CC2)C(=O)CC)C(S(=O)(=O)CCC(=O)N(C=3C=C(C=CC3)C)C)=C1	-8.8	1	train	train	6	120954
HMIAITMIMICAAW-IZZDOVSWNA-N	BrC=1C(OCC=C)=C(OC)C=C(/C=C/2\C(=NOC2=O)C)C1	-7.8	1966	train	train	8	14963
KPRWXCJWJGGTHC-QWOVJGMINA-N	O(C(C(=O)NC=1C=CC(N2CCCCC2)=CC1)C)C=3C=C(C=CC3)C	-8.9	1	train	train	6	245415
TUWHDDIOMXGHHR-SGJVWQRKNA-N	C=1N=C(C=2C=C(NC2N1)C3=CC=C(C=C3)C#N)N[C@H](C)C4=CC=C(C=C4)F	-10.1	7336	train	train	2	62348
GKFFCSCGDWRTCT-GPQMBLKYNA-N	C=1(NC2=NC=CC=C2OC)SC(C=3C=CC=CC3)=CN1	-8.2	6204	train	train	8	69748
UVTAFMFECWNHHN-MPIMZMORNA-N	ClC1=CC=2NC(SCC(=O)N3CCC(CC3)CC4=CC=CC=C4)=NC2N=C1	-10.3	734	train	train	1	120088
CYTOLFDVJSUOQU-UHFFFAOYNA-N	O1C2=C(OCCOCCOCCOCC1)C=CC(=C2)C(=O)C3=CC(N(=O)=O)=CC=C3	-11.9	19834	test	test	0	197101
RVYWJFZGSFHNNJ-LELJVTLKNA-N	O=C1N(CCCC(=O)NCC(N(C)C)C2=CC=CC=C2)C(=O)C3=C4C1=CC=CC4=CC=C3	-10.3	1224	train	train	1	224011
YTATVVBHCHKBEI-HXTKINSTNA-N	ClC1=CC=2SC(NC(=O)C(N3S(=O)(=O)C=4C(C(CC3)=C)=CC=CC4)CC(C)C)=NC2C=C1	-11.3	32994	test	test	0	134296
TYTLWVIJHWWGIZ-QWOVJGMINA-N	O=C(NCCN(C)C)C1=C2N=C3C(=NC2=CC=C1)C=4C(C=C3)=CC=CC4	-9.6	48314	test	test	3	232254
NFGDOBSPZSMDEB-MJHPXVFFNA-N	ClC=1C(NC=2N=C(C=3N4C(SC=C4)=NC3C=5C=C(NC(=O)CC6=CC=CC=C6)C=CC5)C=CN2)=CC=CC1	-12.2	240	train	train	0	18527
RBAJZGVEFISCID-LQFNOIFHNA-N	O(C(=O)C1=C(N(C(=C1)C2=CC=CC=C2)CC(=O)NC=3C=CC(OC)=CC3)C)CC	-8.9	3526	train	train	6	165169
RRVUGBHFRROMAW-HCKMINDGNA-N	S(=O)(=O)(N(CC(=O)NCC=1OC=CC1)C2=CC(OC)=C(OC)C=C2)C	-7.7	1	train	train	9	249121
MOADHJNVPSTVJZ-UHFFFAOYNA-N	C1C(=O)CC2=CCN(S(C3=CC=C(C=C3)C(C)(C)C)(=O)=O)CC2(CC4=CC=C(C=C4)N5CCCCC5)C1	-10.4	8943	train	train	1	95268
DLMMAXIRKZBLPE-UHFFFAOYNA-N	C12=C(C3=CC=CC=C3N1)CCN(C2C=4C=C5OCOC5=CC4)C(C=6OC(C=7C=C(N)C=CC7)=CC6)=O	-12.7	7669	train	train	0	86452
PUQKNFXYXCXRDL-UHFFFAOYNA-N	ClC1=CC(NS(=O)(=O)C=2C=C(N(=O)=O)C(N=NC=3C4=C(NC3O)C(=CC=C4)C)=CC2)=CC=C1	-10.4	25635	test	test	1	42659
SPCLTIDAODLHFD-VUEOKQGPNA-N	ClC=1C=C(SCC2=NOC(=C2C(O)=O)C(=O)NCCCC)C=CC1	-8.1	2359	train	train	8	137031
JANPXNZIUXVMOP-JLGFQASFNA-N	S=C(NC=1C=CC(CC)=CC1)NC=2C=C(OC)C=CC2	-7.8	44058	test	test	8	205091
KGZFOLRHPFHGKV-YHMJCDSINA-N	S1C(NC(=O)C=2OC=3C(C2)=CC=CC3)=NN=C1COC	-8.2	6102	train	validation	8	207475
LMAFSGDNHVBIHU-OQHDXSPENA-N	C=1(C(=CC=C(C/C(=N\O)/C(NCCSSCCNC(/C(/CC=2C=C(C(=CC2)O)Br)=N/O)=O)=O)C1)O)Br	-9.2	29293	test	test	5	107665
PGYOCASXLBPMDV-MYIUEAPVNA-N	OS(O)(=CCNCC1=CC=C(/C=C/C=2C(=NC=NC2C)NC3=CC(=C(OCC4=CC(=CC=C4)F)C=C3)Cl)C=C1)=C	-9.3	7739	train	train	4	98071
VSTCTLPTEFNPSS-WJGYDKFMNA-N	S1C(C2=NC=C(C(=O)NC3=C(N4C=CN=C4)C=CC(=C3)/C(=N/OC)/C)C=C2)=CC=C1	-9.3	7905	train	train	4	66865
ZLUMDOZDEUUNTK-NPVYFSBINA-N	C1(=C(C=C(S1)C(C)(C)C)NC(NC2=CC=C(C=C2)N)=O)C(=O)OC	-9.4	9293	train	train	4	52752
FCVWSQBLJNSMCF-UHFFFAOYNA-N	N12C(N(C3=C(C1=NC=4C2=CC=CC4)C=CC=C3)CC)C5=CC=NC=C5	-8.7	1676	train	train	6	176188
KMBOSMBZNLRWJO-LKHHGCNMNA-N	O=C1N(C(=O)NC1(C2=CC=3C(C=C2)=CC=CC3)C)CC(=O)N(CC)CC(=O)NC=4C=CC(OC)=CC4	-10.9	60	train	train	0	134140
CDWXSPKJKIUEQF-FXDGUBDUNA-N	N12C([C@@H](CNC(C=C[C@H](NC([C@@H](NC(C([C@H](NC([C@H]1CCC2)=O)CCCNC(=N)N)=O)=O)CC=3C=CC=CC3)=O)CC4=CC=C(C=C4)O)=O)NC=O)=O	-9.6	1	train	train	3	87665
BUVSTNWOMQEMES-YEYSUCDYNA-O	C=1C(=CC=C[N+]1CC(NC=2C=CC(=CC2)S(NC(=O)C)(=O)=O)=O)C(N)=O	-9.5	9401	train	validation	4	257205
KRPHTKDXHQVFLJ-QQMWMDFDNA-N	O(C(CN1[C@H]([C@H](C)NC=2N=CC=C(N2)N3C4=C(C=CC=C4)N=C3)CN(CC1)C(=O)NC=5C=CC=C6C5C=CC=C6)=O)CC	-12	7675	train	train	0	112058
VZGMCJHKLQZXBC-IGFHBFPRNA-N	C=1C(=O)CC=2[C@](C)(C1)[C@@]3([C@@H](CC2)[C@H]4[C@](C)(C[C@@H]3O)[C@@](O)(C(=O)CSC=5SC6=C(N5)C=CC=C6)[C@@H](C4)C)Cl	-11	6578	train	train	0	64020
FQHUZVLVTPRLCI-ZDRBTZMINA-N	FC1=CC(C#C[C@@]2(O)[C@@]3([C@H]([C@@H]4OC=C5C(=C4[C@H](C3)C6=CC=C(N(C)C)C=C6)CCC(=O)C5)CC2)C)=CC(F)=C1	-11	6650	train	train	0	31735
KKLBOCLKUIMOKW-ZHZULCJRNA-N	ON1C(C(=N(=O)C1(C)/C(=N\NC=2C=CC(=CC2)C)/C)C=3OC=CC3)(C)C	-8.9	12392	train	train	6	161627
KMEMWHYMNSWFJN-OPIXRGRYNA-N	C1=CC(=CN=C1)[C@@H](O)CN[C@@H](CC=2C=CC(C=3C=CC(=C(C3)OC4CCCCC4)C(=O)O)=CC2)C	-9.9	7370	train	validation	2	110408
GDGIKZDIFNTCHB-YHMJCDSINA-N	S1C(NC(=O)C2=CC(OC)=C(OC)C=C2)=NC=C1	-7.2	6718	train	validation	9	226260
HUWXDEQWWKGHRV-UHFFFAOYNA-N	ClC1=CC(C2=CC(Cl)=C(N)C=C2)=CC=C1N	-8	4888	train	train	8	14537
KGUDKMFVMSLNTM-XBXBPLPCNA-N	C1(C(N(CC(NCC2CC3=CNN=C3CC2)=O)C(C=C1)C)=O)=NS(=O)(=O)CC4=CC=CC=C4	-10.8	6577	train	validation	0	28132
OXCQNGTWPIHFHI-CKFYMFOVNA-N	C=1(C(N2CCN(CC2)CCN(C3CC=4SC(=NC4CC3)N)CCC)=O)C=CC5=C(C1)C=CN5	-10.1	3826	train	train	2	32860
OKLXZLLQLHWOGW-UHFFFAOYNA-N	C=12N(C3=CC=CC(N(=O)=O)=C3C1N=CN=C2N4CCN(CC4)CCC=5C=C(F)C(=CC5)F)CC6=CC=NC=C6	-10.5	1426	train	train	1	101433
SXCODSDKDIXEKV-UHFFFAOYNA-N	O1C=2C(OC1)=CC=C(C2)CN3N=NN=C3	-7.4	841	train	train	9	253675
LEHVERSPAGTILU-LNNLXFCONA-N	O1N=C(C=C1CN2N=C(C=C2C(=O)NCC3=CC=C(C=C3)C)C=4C=CC=CC4)CC	-9.9	14529	train	train	2	209830
URBLFMVEDFWKGZ-HQOSXFPVNA-N	N1=C(NC2=CC=CC=C2C(F)(F)F)N=C3C4=C(C(C(N)=O)=NN4C)CCC3=C1	-10.9	5445	train	train	0	59688
KVANZBUHOCSXBC-QWOVJGMINA-N	S(CC(=O)NC1=C(C=C(C=C1C)C)C)C2=NN=C(C=3N=CC=CC3)C=C2	-9.5	4815	train	train	4	219392
ZDKOYNFJCFHHDT-WYUMXYHSNA-N	O(C1=CC=C(NC(=O)C2=NC=CC=C2)C=C1)CC	-7.5	4252	train	train	9	135711
MKTSPXMNKSFSLX-QWOVJGMINA-N	S(=O)(=O)(N1CCC(CC1)C)C=2C=CC(NC(=O)CNC3CCCCC3)=CC2	-8.8	1	train	train	6	198729
KLRICWIUDNLMRZ-UHFFFAOYNA-N	C1(CC(=O)C=2C(C1=O)=CC=CC2)=NC3=CC=CC=C3	-8.1	4430	train	train	8	232125
HAIXCKFQYOPLRQ-OENXLSQZNA-N	O1C(OCC1)CCC2=C(N=C(N=C2O)NC(=O)C)C	-7.7	13664	train	train	9	159717
NVXBRAPCGLNLDM-WAVZXACUNA-N	C1=2C(C(N)=NC(=N1)N)=C(C)C(=CN2)CN(C3=CC(OC)=C(C(=C3)OC)OC)C=O	-10.1	7498	train	train	2	99640
DMCUDHXYPZVQMI-MPIMZMORNA-N	S(C=1N(C2CCCCC2)C3=NC=CC=C3N1)CC(=O)NC=4SC(=C(N4)C)C	-9.3	17801	test	test	4	161803
FAVPAUUKKDGUDJ-UHFFFAOYNA-N	O=CC=1N(C=2C(C1C#CC3=CC=C(OC)C=C3)=CC=CC2)C	-9.1	13900	train	validation	5	150971
VNCIJMRFIRKERM-UHFFFAOYNA-N	O1N=C(N=C1C2=C(O)C=CC=C2)C=3C=CC=CC3	-8.1	10230	train	train	8	67369
KGTNDNJCTVNHRC-AATRIKPKNA-N	C1=CC(=C2C(=C1)C=C(/C=C/C(C=3SC(=CC3)Cl)=O)C(Cl)=N2)C	-10	7724	train	train	2	111192
WHABLAHXDHMOGX-PKSOQXRJNA-N	BrC=1C=CC(C(=O)CN2C(=O)C3(NC2=O)CCC=4C3=CC=CC4)=CC1	-9.7	60	train	train	3	242585
PQHQYXFXTGCTNZ-NDKGDYFDNA-N	O(C(=O)CNC(=O)C=1C=CC(=CC1)C)CC	-7	1	train	train	9	196334
GBTLXXNVRRUUOW-HXTKINSTNA-N	FC(F)(F)C1=CC=2N=C(N=C(O)C2C=C1)CN(CC3=CC(OC)=CC=C3)C	-9.2	17249	train	train	5	155159
ANYPJMIYSNPMPB-UQWCLGPFNA-N	BrC=1C=CC(/C(=N/NC2=NC(=NC(N3CCCCC3)=C2)C)/C)=CC1	-9.3	12971	train	train	4	257910
RMJMHKHCQKAPMI-UYBDAZJANA-N	ClC1=CC(CC=NNC(=O)C2=C(O)C(=CC=C2)C)=C(OC)C=C1	-8.8	49341	test	test	6	238503
JBDRAQPCORIQNI-LBOYIXSDNA-N	ClC=1C(=NSC1Cl)C(=O)N(C(C(=O)NC2CCCC2)C3=CC=C(OC)C=C3)CC4=CC=CC=C4	-8.8	11386	train	train	6	113388
OBJPHXFLSNJRSU-AFEJDTGVNA-N	C(N[C@H](C(N[C@H]([C@H](CSC(C)C)O)CC(C)C)=O)C)([C@@H](NC(OC(C)(C)C)=O)CC=1C=CC=CC1)=O	-8.4	1	train	train	7	98962
KWAAABBJIYOBAJ-UHFFFAOYNA-N	C=1(S(C2=CC=C(C=C2)OCCCN(CCC3=CC(OC)=C(C=C3)OC)C)(=O)=O)NC=4C=CC=CC4C1C(C)C	-9.7	24157	test	test	3	18947
FBBVIHKVOJENLW-MPIMZMORNA-N	OC=1N(C(=C2C1C=CC=C2)C(=O)NC(CC)C)CC3=C(OC)C=C(OC)C=C3	-8.2	316	train	train	8	113277
BCFBGMFQLQASNB-HXTKINSTNA-N	C=1(C(=C2C=CC=CC2=C(C1)Br)OC)C(=O)NCCN3CCN(CC3)C=4C=CC(N(=O)=O)=CC4	-10	1	train	train	2	26991
AUJSDWKSNXVGQX-UHFFFAOYNA-N	O1C2=C(C=C1C3=CC=CC=C3)C=CC=C2OC	-7.8	6509	train	train	8	119925
VAMTWVNBDCAGTA-MPIMZMORNA-N	C12=C(C(C)(C)CO1)C=C(NC3=C(C(=O)O)C=CC=C3)C=C2C(C)(C)C	-9.5	26926	test	test	4	66306
BAPUUJSXNSGXLT-UHFFFAOYNA-N	ClC1=C(NC2=CC=C(O)C=C2)C(=O)C=3C(C1=O)=CC=CC3	-9.3	3995	train	train	4	150501
VTIJLRPGYFSCQT-NSEZEBTKNA-N	C1(CCC1)(NC(C=2C=CC=3C(=C(N(C3C2)C)C4=CN=CC=N4)C5CCCC5)=O)C(NC6=CC=C(C=C6)/C=C/C(O)=O)=O	-9.2	6675	train	train	5	152148
VMSGVEOUZBNQKF-PJQSKVNONA-N	S1CCN(C=2C1=NC=CC2)C(=O)NC=3C=CC(=CC3)C(=O)NCC4=C(OC)C=C(OC)C=C4	-8.6	11488	train	validation	7	172054
APMSGTCDQCMQIZ-HCKMINDGNA-N	S(C=1OC(=NN1)CNC(=O)C=2C=CC=CC2)CC(=O)N3CCCC3	-8.9	579	train	validation	6	15411
LRAJPVZXPFGEHR-PKSOQXRJNA-N	ClC1=CC(NC(=O)C=2C3(OC(=O)C2C)CCC(CC3)C)=CC=C1OC	-9.2	1358	train	train	5	161941
RHXWPSCDWHXPTF-LQFNOIFHNA-N	S1C2=C(N3C(N(CC(C)C)C2=O)=NN=C3CCCC(=O)NCCC4=CC=CC=C4)C=C1	-9.8	6124	train	train	3	133553
FHBXNJICPJYFKE-CQIYTRNANA-N	S1C(=C(CC)C(=C1)C(=O)NNC(=O)NC=2C=C3OCOC3=CC2)C	-9.2	44750	test	test	5	209650
OWABYFZEYLCOPU-LAOLGKMPNA-N	FC(F)(F)OC1=CC=C(C2=C[C@H]3N([C@H](CC3)C2C(OC)=O)C(=O)NCC=4C=5C(C=CC4)=CC=CC5)C=C1	-11.6	5274	train	validation	0	256911
RVSYJYUMWHPOMR-MPIMZMORNA-N	O(C1=C(C2N(C(=O)C3=C(C2C(=O)O)C=CC=C3)C)C=C(OC)C(OC)=C1)C	-9	265	train	train	5	555
DKECGYMSIZVLSZ-HXTKINSTNA-N	C1=2C(=NC=3C(N1C=NC2)=CC(N4CCN(CC4)C)=CC3)NC5=C(Cl)C=CC=C5C	-9.5	7465	train	train	4	87252
HANBURBEPABLAP-GPQMBLKYNA-N	N(CCN=C1NC2=C(CCC1)C=CC=C2)(CC)CC	-7.8	1840	train	train	8	237287
HODJCMYQBLFCSM-MDOVXXIYNA-N	C=1(C=C(F)C([C@H]2CC[C@H](N3CC4=C(C3)C=CC=C4)C[C@@H]2N)=CC1F)F	-10	27383	test	test	2	74641
CHHLHFPUVAGRDH-FMICFMNINA-N	S1C(/C=C\2/C(=O)N(C3=CC=C(OC)C=C3)C(=S)NC2=O)=CC=C1	-8.4	1747	train	train	7	11868
HGEYCYGRQOQKHJ-LQFNOIFHNA-N	S1C(=NC=2C1=CC=CC2)C=3C=C(NC(=O)COC4=CC=C(OC)C=C4)C(=CC3)C	-9.8	1572	train	train	3	214610
ZNWOGRULIQISOL-UHFFFAOYNA-N	S1C(N(CCN(C)C)C(=O)C2=CC=3C(C=C2OC)=CC=CC3)=NC=4C1=CC=CC4F	-10	1	train	train	2	233473
BECOCIFOSDCLNB-LILDFLRNNA-N	ClC=1C=C(NC(=O)CSC2=NC(=CC(=N2)C)C)C(OC)=CC1	-7.8	11907	train	train	8	191427
FAGMPTNHEUVXGA-HCKMINDGNA-N	ClC1=CC=C(S(=O)(=O)NC(=O)COC2=CC=C(OC)C=C2)C=C1	-8.1	5088	train	train	8	246484
QSXPTTHIIXHMGP-JWPBMONFNA-N	O=C(NC=1C=CC(N(C)C)=CC1)C/C(=N/NC(=O)C(=O)NCC2=CC=CC=C2)/C	-9.1	31102	test	test	5	122079
VGBGUYAOJQSICM-LILDFLRNNA-N	ClC=1C=C(CC=2SC(NC(=O)CN3CCOCC3)=NC2)C=CC1	-9.2	12424	train	validation	5	162564
AIMHWNLJPWAILD-LQFNOIFHNA-N	S1C(NC(=O)CC2=CC=CC=C2)=C(C(=O)N3CCOCC3)C(C4=CC=CC=C4)=C1	-9.6	12257	train	validation	3	117309
YCZBQJREEOWUPS-NDKGDYFDNA-N	BrC1=C(C(=O)NC=2SC=CN2)C=CC=C1	-7.2	6718	train	validation	9	240938
FPBAVBNDEYMNGH-XDHOZWIPNA-N	O1C(=NC(=C1O)/C=N/C2=CC=C(N(C)C)C=C2)C=3C=CC=CC3	-8.4	1361	train	train	7	24784
HTUBKQUPEREOGA-XBTAAFKLNA-N	C=CC(=O)NC1=CC=2C(C=C1)=NC=NC2NC=3C=C(C=CC3)Br	-9.1	6	train	train	5	74203
CLLJWXOXLHMFBJ-QWOVJGMINA-N	O=C(NC1CCCC1)C2=CC=3N=CN(C3C=C2)C4=CC=C(OC)C=C4	-9.1	508	train	validation	5	241461
MXDHUQOHVGOBBW-GFIQTSBPNA-N	FC(F)(F)C=1C=C(C=CC1)C(=O)N/N=C/C=2OC(N3CCOCC3)=CC2	-10.2	32427	test	test	1	130624
FZSKIUMTPMSWHZ-KKSFZXQINA-N	N1(CC[C@H](N(S(=O)(C2=CC=3C(C=C2)=CC(=CC3)Cl)=O)C)C1=O)[C@H](C(N4CCCCC4)=O)C	-11	1	train	train	0	70318
JKZUWZCUDKMAKA-XKCUDMHVNA-N	[C@@H]1(CCC[C@H](C1)C(N[C@H]([C@@H](O)CNCC2=CC=CC(=C2)C(C)C)CC3=CC=CC=C3)=O)C(NC(C)=O)(C)C	-9.8	1	train	train	3	101684
WSOKTICHCDBIRE-DCLXLUIPNA-N	S1(=O)(=O)N(C[C@@H]([C@H](OC2=C1C=CC(=C2)C#CCOC)CN(C)C(=O)C=3C=CC=CC3)C)[C@@H](CO)C	-9.6	1	train	train	3	126730
XBKSSNDPYSUEKB-MPIMZMORNA-N	O1C=2C(OCC1)=CC=C(NC(=O)C3C(=O)N(C4=CC(=C(C=C4)C)C)C(=O)N=C3)C2	-10.4	463	train	train	1	223214
PDGILEDXASXMHL-QGZVFWFLNA-N	[C@@H]12C3=C(C=CC=C3CCN1C)C=4C(C2)=CC=C(CC)C4OC	-8.1	904	train	train	8	96244
RVUNIPZUTBSHTG-UJGHXPIYNA-N	[C@H]1(C2CC3CC1C[C@](C2)(C3)O)NC(C4=C(N=C(NC)C=C4)SCCC)=O	-8.7	7495	train	train	6	43825
SIPDPZUFNBDQFC-FSHFIPFONA-N	S(=O)(=O)(NCCCN1C(=NC=C1)C)N	-5.9	25454	test	test	9	39308
IDNHCMZLIRXIKO-WKAABZQDNA-N	C1(OC)=C(C=C2N=CN=C(C2=C1)OC3=CC=C(C=C3)NC(NCCCC)=O)OC	-8.4	1179	train	train	7	75121
IJWQZPJVSBDCPK-UDFIBAKQNA-N	O=C(NC=1C=CC(C=2N=C3C(=C(O)N2)C=CC=C3)=CC1)CC(C)C	-9.8	34949	test	test	3	146643
OAYXVYXQZWJEBE-QVUQFMIFNA-N	O(C=1C=2N(C(=NC2C(=NC1)C=3C=CC=CC3)C4=NON=C4N)CC)CCCN	-8.9	409	train	train	6	98835
QHVOCAHLTJJPAP-UHFFFAOYNA-N	O(C1=CC=2N3N=NN=C3C=C(C2C=C1)C4=CC=CC=C4)C	-9.3	47955	test	test	4	230139
VRCBONSLAHZZTQ-LQFNOIFHNA-N	C1(=CC=C(OC(C(=O)O)CC=2C=CC=CC2)C=C1)CNC=3C=CC=CC3	-8.8	6442	train	train	6	38294
NKIKANOKTSXHAQ-PKSOQXRJNA-N	O(CC(=O)N1CCCCC1)C(=O)C(NC(OCC2=CC=CC=C2)=O)C(C)C	-8.1	12228	train	train	8	226825
UDBRERAFHAOQBV-GUSDUAENNA-N	C=1C=C([C@H](NC(N[C@H](C(N[C@H](C(=O)N[C@H](C(C2=NC=CS2)=O)CCCN=C(N)N)C(C)C)=O)CC3=CN=CC=C3)=O)C)C=CC1Br	-10.3	6418	train	train	1	28644
PCMOVWUFFBMODP-UHFFFAOYNA-N	C1C(=O)CC2=CCN(S(C3=CC=C(C=C3)C(C)(C)C)(=O)=O)CC2(C1)CC=4C=CC(=CC4)Br	-10.5	8943	train	train	1	96508
HWCYPEFIPSPMQP-AIBFHNGCNA-N	S1(=O)(=O)CC(C=2C1=CC=CC2)CC(=O)N[C@H](C(=O)N[C@H](C(=O)N[C@@H](CC3CCCCC3)[C@@H](O)CC(=O)NCCCN(C)C)CC(C)C)CC4=CC=CC=C4	-9.8	10350	train	train	3	75878
TYYUPHATWJPXOW-DEWXHTJANA-N	C(C1=CN=CC=C1)(N[C@@H](CC(O)=O)C=O)=O	-6.3	9988	train	train	9	61879
KSXHQBAKUGXZSD-ZYMSVLFVNA-N	C1=2C(=C(C#N)C=NC1=CC=3C(C2)=CC(=C(OC)C3)OCCN4CCN(CC4)C)NC=5C=C(OC)C(=C(C5)OC)OC	-9.2	1432	train	validation	5	112533
JOCGPVNERHRBMY-HEBYQKOSNA-N	C1=C(C(N)=O)C=2NC(C3(NCCCC3)C)=NC2C=C1	-9.1	7634	train	train	5	101999
ZMINVKGIIMWQTM-DCAQKATONA-N	C(N1CCCC1)([C@H]([C@@H]2C[C@@H](O)CCC2)N)=O	-6.6	1	train	train	9	52595
SLLGSTXRWOLVGY-LQFNOIFHNA-N	O1C(=NN=C1NC2=CC(=CC=C2)C)C=3C(=NC=CC3)CCC4=CC=NC=C4	-10.2	8176	train	train	1	41443
OAOSWXYFXRKHFQ-QWOVJGMINA-N	S(C1=NC=CC=C1C(=O)NC=2C(OC)=CC=C(OC)C2)C3=CC=CC=C3	-8.5	18252	test	test	7	251662
UVESKDKGJSABKP-UHFFFAOYNA-N	C1(=C(C(=O)C=2C(C1=O)=C(C=CC2O)O)Cl)Cl	-8.6	4584	train	train	7	20751
NTDQXUAJFQMTIU-SPFREBIFNA-N	ClC=1C=2C(SC1C(=O)N/N=C/C=3N(C=CC3)C)=CC=CC2	-8.6	2852	train	train	7	8017
CFUGETSTXCIBNS-PKRZOPRNNA-N	ClC=1C=C(C(=O)C2=CN(C3=CC=C(C=C3)C)C(=O)C(=C2)C(=O)NC=4C=CC(=CC4)C)C(O)=CC1	-11.4	39074	test	test	0	172884
XXNCZTSFXIANIO-ZSWWDKBRNA-N	S(=O)(=O)(N([C@@H](CCSC)C(O)=NO)CC(C)C)C1=CC=C(C=C1)C2=CC=CC=C2	-8.9	1	train	train	6	47857
AXDIUCNCCQGFAR-SREBMQDQNA-N	OC=1N(C2CCN(CC2)CCCN3C=4C(CCC3=O)=CC=CC4)C5=C(N1)C=CC=C5	-10.6	6452	train	validation	1	83763
YQYWHPZTQBHDOM-UHFFFAOYNA-N	ClC1=CC=C(C2NC=3C(N=C4C2C(OC(C4)C)=O)=CC=CC3)C=C1	-9.9	35467	test	test	2	150014
NSDCAHILTQJLME-GPQMBLKYNA-N	ClC1=C(C(=O)NC2=CC=3OCCOC3C=C2)C=CC=C1Cl	-9.3	1	train	train	4	237933
GAWWXIZLFHTWSN-UHFFFAOYNA-N	BrC=1C=C(C=2OC(=NN2)CN3CCN(CC3)C4=CC=C(OC)C=C4)C=CC1	-9.5	5097	train	train	4	139502
NEDPPCHNEOMTJV-FQFUPTBWNA-N	S(=O)(=O)(C1=CC=C(NCS(O)=O)C=C1)C2=CC=C(NCS(O)=O)C=C2	-8	33120	test	test	8	135108
FSEWVTDCDNGIRC-PKSOQXRJNA-N	S(=O)(=O)(N(C)C)C1=CC=2N(CC(=O)NC3=C(C=C(C=C3)C)C)C(=O)CSC2C=C1	-9.5	1	train	train	4	172179
BEKJVRHBCBVGGI-UHFFFAOYNA-N	O1C2=NC(N(CCOC)C(=O)C2C(=O)C3=C1C=CC=C3)=C(C)C	-8.7	913	train	train	6	151297
WMZXPXIZBXCOTD-HOCLYGCPNA-N	N1(C(C[C@@H]([C@H](C1)CN)C=2C(=CC=C(C2)F)F)=O)CCC=3C=CN=CC3	-9.2	8555	train	train	5	64442
LNIBIXISPIIHMY-UHFFFAOYNA-N	N1(C(CN(CC1)C2=NC=NC=3N(C=C(C23)C4=CC=CC=C4)C5=CC=CC=C5)C)C=6C=C(C=CC6)C	-10.9	4965	train	train	0	205469
DQCKFRNZRNLHHO-HWEFMOQGNA-N	ClC=1C=C2C=C(NC2=CC1)C(=O)N[C@@H]3[C@H](NC(=O)C=4SC5=C(N4)CCN(C5)C)CC[C@@H](C3)C(=O)N(C)C	-10	6750	train	validation	2	86616
RAWAQXBVMDKSIO-ZHLVXTBQNA-N	N=1C=2C(=CC(C=3C(=CC=CC3)C)=CC2)C=NC1N	-8.8	24688	test	test	6	25230
OLLOCCNRBZSZMB-JTISEPSENA-N	S(=O)(=O)(N1C(CCC1=O)C(O/N=C(\N)/C=2C=CC=CC2)=O)C3=CC=C(C=C3)C	-8.8	16978	train	train	6	157208
IREYBTTUTCTPMN-LNNLXFCONA-N	O=C(NC=1C=CC(OC2=CC=CC=C2)=CC1)CN3CCN(CC3)C4=NC=CC=C4	-9	5085	train	train	5	113404
WPHUXQNQLFSVOT-UHFFFAOYNA-N	S1CCN(C2=CC(O)=C(N(=O)=O)C=C2)CC1	-7.3	11503	train	train	9	157282
MRAUNPAHJZDYCK-KMDGRNLLNA-N	O=C(O)[C@@H](N)CCC/N=C(/NN(=O)=O)\N	-5.8	478	train	train	9	16952
JVDYRYXVFKFESW-ZDUSSCGKNA-N	N1(C=2SN=C(C2)C)C=CC=3N=NN(C3C1=O)[C@H](C=4C=C5C(=CC4)N=CC(=C5)OC)C	-10.7	8134	train	train	0	104148
DCTNPMCGZKIIRD-LILDFLRNNA-N	O1CCN(CC1)C(=O)C2=C(NC(=O)C3=CC=CN=C3)C=CC=C2	-9.3	1	train	train	4	235323
KSVGSJSSLVILPM-UHFFFAOYNA-N	O1C(CN(CC1C)C2=NC(=NN=C2C3=CC=CC=C3)C4=CC=CC=C4)C	-9.7	2880	train	train	3	214957
UCWHFHWEPQLGHG-OKPOJWAQNA-N	C1=C(NCC2=CC(=CC=C2)N(=O)=O)C3=CC(=CN=C3C=C1C(F)(F)F)N4CCN(CC(O)=O)CC4	-11	7881	train	validation	0	61921
CHPJHKRDFIXTBQ-VNKDIFGNNA-N	O1[C@@H]([C@@H](O)[C@@H](O)[C@@H]1N2C(=O)NC(=O)C=C2)C(=O)N(CC3=CC=C(C=C3)C)CCOC	-9.3	30	train	validation	4	258044
KPGAMJZTPIRJRL-DVIAZDKANA-N	O(C=1C(NC(=O)C=2C(C(=O)NC=3C(OC)=CC=CC3)=CC=CC2)=CC=CC1)C	-8.8	1	train	train	6	153620
BGMZUEKZENQUJY-ZETCQYMHNA-N	IC1=C(OC)C=C(C[C@@H](N)C)C(OC)=C1	-5.8	6290	train	train	9	24308
RBOIWCBJNIHPBQ-YLBMWQQONA-N	O(C(=O)C(NC(OCC1=CC=CC=C1)=O)CCC(OCC(=O)NC2=CC=CC=C2)=O)CC(=O)NC3=CC=CC=C3	-8.8	12696	train	train	6	171478
FHZZIFQRZOJVDG-DZQCGVKKNA-N	O1C(NC=2C=C(C=CC2)C)=C(C=C3C1=CC(=O)C=C3)C(=O)N	-9.4	4485	train	validation	4	178586
SOYKWMDNFXXKJB-PKSOQXRJNA-N	O1CCC(CC1)(C2=CC=C(OC)C=C2)C(=O)NCCCN3CCOCC3	-8.1	4966	train	train	8	153247
KSFOBCAQLCYHPA-HXTKINSTNA-N	S(=O)(=O)(N(CC=1C=CC(=CC1)C(=O)NN=CC=2C=C(OC)C(O)=CC2)C)C3=CC=C(C=C3)C	-9.5	20545	test	test	4	221154
LCJYMROXDQKQAA-LJQANCHMNA-N	O=C1N(CCN(CC1)CC2=CC(OC)=C(OC)C=C2)[C@@H](C3=CC=CC=C3)CO	-8.9	1	train	train	6	171014
OSDFDGCLGFLARV-UHFFFAOYNA-N	N=1SC(=NC1N2C=NC=C2)N(CCCNCC3=CC=C4C(=C3)OCCO4)C	-9.4	7722	train	train	4	259308
IACJCWLPURGOAQ-UHFFFAOYNA-N	BrC=1C=CC(C(=O)COC2=NN(C(C3N=C4N(CCC)C(=O)N(CCC)C(=O)C4=N3)=C2)C)=CC1	-9.6	7463	train	train	3	76032
FYJRUUGTOWXAFW-QNDUTCAHNA-N	O=C(N1CCC(CC1)C)C=2NC=NC2C(=O)N[C@@H](CC(C)C)C(OCC3=CC=CC=C3)=O	-9.8	946	train	train	3	192745
KQBUMZVZZXMZPB-USOBGWAONA-N	O1C2=C(OC1)C=CC(=C2)/C=N\NC(=O)C=3OC=CC3	-8.1	3203	train	train	8	187430
KGTBBXMUAXGGPT-CTSLPIHZNA-N	ClC1=C(C2=CC=3C(N(C2=O)C)=NC(NC=4C=CC(CP(O)(=O)CP(O)(O)=O)=CC4)=NC3)C(Cl)=CC=C1	-8.8	2637	train	train	6	111194
XEIFXZRYNQRADF-UHFFFAOYNA-N	N1(C(=CC=C1O)O)CC2=CC(CN3CCN(CC3)C=4C(OC(C)C)=CC=CC4)=CC=C2	-10	9389	train	train	2	51999
JZGOBJGQFXAMSR-UEURRELLNA-N	S1C2=C(NC=3C1=CC=CC3)C=C(C=C2)/C(=N/NC=4C=C(C=CC4)C(O)=O)/C	-10.9	19936	test	test	0	213031
BUVQFKIFNDUNJD-JTIKKEAGNA-N	S1C=C(N=C1N/N=C\C2=CC=CN=C2)C3=C(F)C=C(F)C=C3	-9.2	474	train	train	5	80985
GODTZJVEBHTHTO-SDRQFZCRNA-N	C=1(S(OCC=2C=CC(S(=O)(=O)N)=CC2)(=O)=O)C(=C(F)C(=C(C1F)F)F)F	-9.8	8375	train	train	3	77218
LCTZPQRFOZKZNK-UHFFFAOYNA-N	[N+]1(CCC(CC1)=C(C2=CC=CC=C2)C3=CC=CC=C3)(C)C	-8.7	30394	test	test	6	117394
JOJOIJJNZOVEKT-BMUWRBRQNA-N	N1(C(=NC=2C1=CC=C(OC3CCN(CC3)C(=N)C)C2)CC)CC=4C=CC(C=5C=C(C(=N)N)C=CC5)=CC4	-12.4	6690	train	train	0	29060
VRFARZSNRSACAB-QWOVJGMINA-N	ClC=1C=C(C(O)C2=NC(C=3C=4C(C=CC3)=CC=CC4)=CN2)C=CC1	-9.9	11380	train	train	2	200434
DTUOAUQGMIXDFU-VJSLDGLSNA-N	C(C=1C=CC=CC1)(=O)NC=2C(=CC=C(C2)NC3=CC=C4C(CCC=5C(C4=O)=CC=CC5)=C3)C	-11.2	6426	train	train	0	72044
ASDYUDQGRGRIEH-XUWSGZCTNA-N	S(=O)(=O)(NC=1N=CC=CN1)C=2C=CC(NC(=S)NCC3=NN(C(=C3)C)C)=CC2	-8.4	41461	test	test	7	188520
LPIOWSAERUUNFA-MTTPVDACNA-N	C=1C=C2CC(CC2=CC1SC(C(=O)O)(C)C)N(C(NC3=CC=C(OC(F)(F)F)C=C3)=O)CCCCC	-8.1	5922	train	validation	8	109195
PZLNTACYHFHTHC-PKSOQXRJNA-N	O=C1N(CC2=CC=CC=C2)C(=O)NC(=O)C1C=NCCCN3C=CN=C3	-8.2	1005	train	train	8	244636
UHYVJDIITURMHE-SPLOXXLWNA-N	OC=1N(C(O)=C2C1[C@](N[C@@H]2CN(CC)C(=O)COC3=CC=CC=C3)(C)C(OC)=O)C	-9.1	702	train	train	5	176617
WWLSTXMASOHINF-OCEIMPISNA-N	C=1(C=C2NC(=NC2=C(C)C1)C3=C(C=CNC3=O)NCCN4N=CC(=C4)C(=O)OC)N5CCOCC5	-9.3	5104	train	validation	4	50993
POKJJRUSIQONQP-SREBMQDQNA-N	C=1N2C(C=CC1C3=C(NC(=N3)CNC4=C(C(=CC=C4)C)C)C5=CC=CC(=N5)C)=NC=N2	-11.2	5833	train	train	0	97877
GJWHRSAKGNULFF-UYBDAZJANA-N	OC(=O)C1(N(CC1)C(=O)CC2=CC=C(C(C)(C)C)C=C2)C	-8.1	40156	test	test	8	179749
JIDHMFBTGURACX-UHFFFAOYNA-N	ClC1=C(S(=O)(=O)NCCCN2C=CN=C2)C=C(Cl)C(OC)=C1	-7.3	1	train	train	9	181692
AHJLESCWKWSVKL-UHFFFAOYNA-N	ClC=1C=C(S(=O)(=O)N2CCC(CC2)C=3ON=C(N3)C=4C=CC(N(C)C)=CC4)C=CC1	-9.8	1996	train	validation	3	5918
PUUYHYGBZGDZJR-QWOVJGMINA-N	S1C(CN2N=NN=C2CN3CCC(CC3)C4=NC5=C(N4)C=C(C(=C5)C)C)=CC=C1	-10.3	3116	train	train	1	161787
XPTFVJOCAJENGV-MPIMZMORNA-N	FC=1C=C(N2N=C(O)C(C3=C4C(=NC3=O)C=CC=C4)=C2O)C=CC1	-9.7	22774	test	test	3	11206
RKYUFWDASSLUIK-MPIMZMORNA-N	S(CC(=O)N(CC(=O)NC=1C(F)=CC=CC1F)CC)C2=NC(=CC(=N2)C)C	-8.9	15435	train	train	6	241180
KGLKJDUYBRUHAB-LNNLXFCONA-N	ClC=1C(=C(Cl)C=NC1NC(=O)COC(=O)C=2C=CC(S(=O)(=O)NCC=3OC=CC3)=CC2)C	-9.8	1	train	train	3	219529
WHTFIFFVTHLNDG-LJAQVGFWNA-N	S(NC=1C=CC(=CC1)CCNC[C@@H](C2=CN=CC=C2)O)(C=3C=CC(N4N=C(C5=CC(F)=C(C=C5)F)C=N4)=CC3)(=O)=O	-10.2	6826	train	train	1	36838
GXXXXLWZIMUACS-UHFFFAOYNA-N	ClC(C=1N(N=NN1)C2=CC=C(C=C2)C)C=3N(N=NN3)C4=CC=C(C=C4)C	-8.8	3344	train	validation	6	14127
BOCDWOCDUDLHQX-UHFFFAOYNA-N	O1C(C(OC1(C)C)C(O)(C=2C=3OC=4C(C3C=CC2)=CC=CC4)C=5C=6OC=7C(C6C=CC5)=CC=CC7)C(O)(C=8C=9OC=%10C(C9C=CC8)=CC=CC%10)C=%11C=%12OC=%13C(C%12C=CC%11)=CC=CC%13	-14.3	30099	test	test	0	115666
CMLKRHOICHLONK-OCCSQVGLNA-N	[C@H]1(CCN2C(N(C3=CC=C(C#N)C=4C3=NC=CC4)C(=O)[C@@H]21)=O)O	-8.3	246	train	train	7	89987
YMHBRUJQCYSUKG-UHFFFAOYNA-N	FC=1C=CC(NC2CCCN(C2)C(=O)C3=C(N4CCOCC4)C=CC=C3)=CC1	-9.6	1	train	train	3	206152
LSOBZEYJGQWAHQ-UHFFFAOYNA-N	FC(F)(F)C=1C(N2CCN(CC2)C(=O)CCC=3ON=C(N3)C=4C=CC(OC)=CC4)=CC=CC1	-10.2	442	train	train	1	208956
UJGRNSVQALIUFN-YENFCIRVNA-N	S=C(NN=C1CCCCCCC1)NCC=C	-6.3	2570	train	train	9	10409
WJRPWAUZCCDAOO-WSVFENDLNA-N	C1=CC=CC=2NC=C(C[C@@H](COC=3C=NC=C(C4=NC=C(C=C4)NC(=O)NC5=CC=CC=C5)C3)N)C21	-11	14	train	train	0	65328
XXIGKDPYQWFMFT-UHFFFAOYNA-N	O=C1N(C(=O)N(C=2C1=C(N(C2)CCC)C=3C=C(C=CC3)C)C)C	-8.2	1871	train	train	8	245406
VBZJBNBRWFICHB-PECIQRARNA-N	ClC=1C=C(C2=NN3C(C(C(=NC3=N2)C)C(=O)N)C4=CC(OC)=C(OCC)C=C4)C=CC1	-9.8	286	train	train	3	182494
CBORVVSGKICHTH-SFZFSQQQNA-N	C1=CC[C@H](NC(C=2C=CC3=C(C2)C=CC=C3)=O)C(N([C@H](C(N[C@H]4CC(=O)OC4O)=O)C)C1)=O	-12.1	7746	train	train	0	87758
NEVVRUDKXFSGJC-UHFFFAOYNA-N	CC1=CC=C2N(C(=O)C3=CC=CO3)C(C)(C)C=4SSC(=S)C4C2=C1	-8.9	1595	train	train	6	5304
XGFMWJAYWCXIGY-UHFFFAOYNA-N	O=C(C=1C=C2C3C(C(NC2=CC1)C4=CC(N(=O)=O)=CC=C4)CC=C3)C	-10.9	2317	train	train	0	130436
ZOYPVBYVUKEZKK-MPIMZMORNA-N	S(=O)(=O)(N1CCOCC1)C2=CC(NC(=O)COC=3N=CN=C4C3C=CC=C4)=CC=C2	-10.3	20079	test	test	1	212226
PDAYUJSOJIMKIS-SNAWJCMRNA-N	C=1(OC(C)=O)C=CC(/C=C/C2=CC(=CC(=C2)OC(=O)C)OC(C)=O)=CC1	-8.4	1	train	train	7	21556
AMRJDHDPPBYYEF-PKSOQXRJNA-N	O=C1N(CCC=2CCCCC2)C(=O)NC(=O)C1C=NNC=3C=CC=CC3	-9.2	817	train	train	5	178703
UEHSPPUZTYSQIQ-PECIQRARNA-N	S(NC1C(N(CC=2SC3=CC=NC(=C3C2)N)CC1)=O)(C=4C=C5C=C(OC)C=CC5=CC4)(=O)=O	-10.5	26505	test	test	1	58563
DXLLFVXDQQMGGM-LILDFLRNNA-N	FC=1C(N2CCOCC2)=CC=C(NC(=O)C=3C=CN=CC3)C1	-8.5	1	train	train	7	257561
NGRPXEIBFGHRHV-UHFFFAOYNA-N	OC=1C(=C(N(CCCN(C)C)C1O)C2=CC=C(C=C2)C)C(=O)C=3OC=4C(C3)=CC=CC4	-9.4	317	train	train	4	119959
SHQJQVAZYCIALI-GPQMBLKYNA-N	S(C1=NC=2CCCC2C=C1C#N)CC(=O)NC=3SC(=NN3)CC	-8.5	2601	train	train	7	205279
XKYGRKSUOZSBSN-HXTKINSTNA-N	S(C=1N(C(=NN1)CC2=CC=C(OC)C=C2)C)CC3=NC4=C(C(O)=N3)C=CC=C4	-10.2	3035	train	train	1	138982
QVGXTQPZHCDXRZ-WKRZKSHUNA-N	C=1C(Cl)=CC2=NC3=C(C(NCCCNC(CCCC[C@@H]4SSCC4)=O)=C2C1)CCCC3	-7.9	1	train	train	8	46861
DISUANHZBIOFQJ-GPQMBLKYNA-N	S(CC1=CC=C(F)C=C1)CC(=O)NC=2C=CC(=CC2)C	-8.1	3493	train	train	8	191380
ISOIKTAKKIUWNB-UHFFFAOYNA-N	O=C(N1CCCC=2C1=CC=CC2)C=3C=CC(OC)=CC3	-8.7	1	train	train	6	184659
DEHWZRBZMIBGST-PKSOQXRJNA-N	ClC=1C=C(N2C=C(C=C2O)C(O)NC=3C=CC(NC(=O)C)=CC3)C=CC1	-9.1	415	train	validation	5	183324
VYNOOPKNDHUCFK-MPIMZMORNA-N	O=C1N(C=2C=C(N3CCCCC3)C(NC(=O)C4=C(C=CC=C4)C)=CC2N1C)C	-9.8	593	train	validation	3	139486
QSLUNHJPNCERJQ-BQQMPQOQNA-N	O1/C(=N\CC2CC2)/[C@]3(N(C(OC(=O)N(CC)CC)C(C4=C3C=5C(C=C4)=C(O)NC5O)CC)C1=O)C	-9.7	4465	train	train	3	13761
FQNPEJUAXSAVMQ-YGPBECBDNA-N	C(=NO)(C=1C=CC(=CC1)OCCCCCC)N	-6.8	414	train	train	9	153828
HIOBZLAZCVYGTN-UYBDAZJANA-N	ClC1=C2N=CC(=C(NCCN3CCOCC3)C2=CC=C1)C(OCC)=O	-8.4	1432	train	validation	7	256068
TYHFBFLZILYYLN-UHFFFAOYNA-N	O1C(=O)C(C(C2=C(N(N(C2=O)C3=CC=CC=C3)C)C)C4=C(OC)C=CC(OC)=C4)C(=O)C=5C1=CC=CC5	-10.7	14326	train	train	0	248539
ZJMRAZOWRHMVFG-QVUQFMIFNA-N	O1C2=NC3=C(CCC3)C(N)=C2C(=C(C1C)C(OCC)=O)C=4C=CN=CC4	-8.7	9507	train	train	6	53585
MTVWPIKSKRYWRM-UHFFFAOYNA-N	C12=C(C(=O)N(C(N1CC)=O)CC)N3C(=N2)N(CCC3)CCC4=CC(=C(C(=C4)OC)OC)OC	-9.3	44	train	train	4	36911
HOKNJZWOUSWNLR-SKKVRFOWNA-N	C(CC(NC=1N=CC=C(C1)C=2NC(=NC2C=3C=CC(F)=CC3)SC)C)CC(C)C	-8.5	19	train	train	7	38055
STQIXRRUFSZYLF-MGSQJAELNA-N	N12C([C@@](C[C@@H]([C@@H]1[C@@H](CC2C(NCC3=CC=C(C(=N)N)C=C3)=O)CC)OC)(CC=4C=CC=CC4)N)=O	-10.6	1	train	train	1	60502
HNAVZTPPCSBHJP-UHFFFAOYNA-N	ClCC(=O)C1=C(N(CCC2=CC=C(F)C=C2)C(=C1)C)C	-7.9	16758	train	validation	8	188789
FGMJZIMXFWSFAS-LELJVTLKNA-N	O=C1NC(=O)C=2C3=C(NC4=C3C=C(C=C4)C(=O)CCC(=O)N5CCCC5)C6=C(CCC6)C21	-12.3	455	train	train	0	73548
ZEPBXECUPSIRLM-LNNLXFCONA-N	O=C(NC1CC2N(C(C1)CCC2)CC3=CC=CC=C3)C4=C(OC)C(OC)=CC=C4	-9.9	1	train	train	2	56853
KRZZWCQCMOLFCE-DGFNQZNUNA-N	ClC=1C(S(=O)(=O)NC2CCC(CC2)CCN([C@H]3CCC=4N=C(SC4C3)N)CCC)=CC=CC1	-9.4	8582	train	validation	4	112005
ZWCWKOGFSPPIJA-CMLSCEPHNA-N	O=C(NC=1N(N=C(C1)C)C2=NC3=C(N2)C=CC=C3)C4CCCC4	-8.9	1985	train	validation	6	5866
XCTUVVQFHNUTKU-KGCNKATMNA-N	O=C(NNC(=O)C=1OC=CC1)C2CCCCC2	-7.8	15852	train	train	8	141026
XLOXYWLRAKCDQL-UHFFFAOYNA-N	S(=O)(=O)(CS(=O)(=O)C1=CC=C(C=C1)C)C2=CC=C(C=C2)C	-8.1	16377	train	train	8	179255
WEEPCONICNMUGQ-UYBDAZJANA-N	BrC=1C=C(CN2N=NC(=C2N)C(=O)NCC3=CC=CC=C3)C=CC1	-9.1	14106	train	train	5	226723
AWDLKMAFJRWGKY-UHFFFAOYNA-N	C1(C(C2=CC=C(NC=3C(N)=CC=CC3)C=C2)=O)=C(C4=CC=CC=C4)C=CC=C1	-10.3	27887	test	test	1	83754
